gene	ensembl_id	phenotype	trait_type	n_cases	burden_set	P_SKATO	P_Burden	P_SKAT	BETA	n_variants
PKD1	ENSG00000008710	Creatinine	continuous	376624	missense|LC	2.64166244183631e-14	2.68317553386262e-09	1.02885471521187e-09	-0.000537059542067206	3733
PKD1	ENSG00000008710	Cystatin C	continuous	376784	missense|LC	0.000102038743032495	0.00060672525154104	0.000657743176393666	-0.000348600234467439	3733
IFT172	ENSG00000138002	Creatinine	continuous	376624	missense|LC	0.000499838430762845	0.45713263040255	0.000221715754216256	-0.000176642259906268	835
RPGRIP1L	ENSG00000103494	N18 chronic renal failure	icd_first_occurrence	14086	missense|LC	0.0036634652333587	0.106643475638752	0.00192494875758809	-0.00284217438122794	625
NPHP3	ENSG00000113971	Creatinine	continuous	376624	missense|LC	0.00378924704918437	0.00229365450133523	0.0137641789383738	0.000680534048085672	626
IFT122	ENSG00000163913	Cystatin C	continuous	376784	missense|LC	0.00391113501805707	0.441265490340505	0.00191368950930104	-0.000234960941288529	652
IFT172	ENSG00000138002	N26 unspecified contracted kidney	icd_first_occurrence	176	missense|LC	0.00397402744260689	0.026555419750435	0.00249048664904616	0.0294734729806858	835
BBS5	ENSG00000163093	Creatinine	continuous	376624	missense|LC	0.00466446160197376	0.00506437846641061	0.00414020926872416	-0.000891165222470634	150
MKKS	ENSG00000125863	N20 calculus of kidney and ureter	icd_first_occurrence	5879	missense|LC	0.00639619613890041	0.558103443371535	0.00368869655643334	0.00172920890191805	291
BBS7	ENSG00000138686	I12 hypertensive renal disease	icd_first_occurrence	1513	missense|LC	0.00793171286104122	0.00575880888218416	0.0198435746150676	0.026361275022537	259
BBS2	ENSG00000125124	C64 Malignant neoplasm of kidney	icd10	985	missense|LC	0.00840133861636561	0.0055934398121964	0.0462788954681204	0.0362234679741667	339
DNAJB11	ENSG00000090520	N25 impaired renal tubular function	icd_first_occurrence	160	missense|LC	0.0100632384405061	0.280926849448648	0.00532703625875264	0.0681600545150551	165
TMEM231	ENSG00000205084	Creatinine	continuous	376624	missense|LC	0.0105078785818704	0.0464927574395668	0.00742298372499972	-0.00060239732604178	204
MKS1	ENSG00000011143	N20 calculus of kidney and ureter	icd_first_occurrence	5879	missense|LC	0.0114151129354367	0.00976235744248344	0.0172956769870398	-0.00783526572069156	315
IFT172	ENSG00000138002	Cystatin C	continuous	376784	missense|LC	0.0134624555173559	0.388901472106205	0.00673866906394505	-0.000230930622220805	835
BBS12	ENSG00000181004	Cystatin C	continuous	376784	missense|LC	0.0135669939081231	0.362120858300125	0.00806332990762704	0.000337234054494357	387
BBS9	ENSG00000122507	Creatinine	continuous	376624	missense|LC	0.015774795944601	0.00899144526228079	0.0653833176164751	-0.000749141514810885	436
BBS7	ENSG00000138686	Cystatin C	continuous	376784	missense|LC	0.0184596123667236	0.510023755114365	0.0107785682465544	0.000355249833166217	259
DNAJB11	ENSG00000090520	Q60 renal agenesis / reduction defects	icd_first_occurrence	199	missense|LC	0.0187748024698422	0.363742098459891	0.00991964486648245	0.0531964562881408	165
DYNC2I1	ENSG00000126870	Creatinine (enzymatic) in urine	continuous	383774	missense|LC	0.0204557711727037	0.190254927930426	0.0112587392256097	0.000383589360570026	604
NPHP3	ENSG00000113971	N23 unspecified renal colic	icd_first_occurrence	4304	missense|LC	0.0209060579527877	0.0107595996169123	0.313225548101553	0.0069071194532933	626
IFT122	ENSG00000163913	I12 hypertensive renal disease	icd_first_occurrence	1513	missense|LC	0.021188158645156	0.010940042214832	0.134009108551502	0.0138793225016133	652
BBS4	ENSG00000140463	Cystatin C	continuous	376784	missense|LC	0.0258180649517835	0.128384268286219	0.0131100627670178	0.000893682762924323	283
DNAJB11	ENSG00000090520	Cystatin C	continuous	376784	missense|LC	0.0259502548549216	0.4528046568519	0.0132322104182385	-0.000975520612356796	165
IFT140	ENSG00000187535	N25 impaired renal tubular function	icd_first_occurrence	160	missense|LC	0.0263612126350996	0.24090564595728	0.013454116743137	0.0145360475457382	974
DNAJB11	ENSG00000090520	Microalbumin in urine	continuous	119013	missense|LC	0.0282778762414688	0.0144429022675284	0.374027093387493	0.00681222134381958	165
ALG9	ENSG00000086848	Urea	continuous	376551	missense|LC	0.0287316992988041	0.0391619671064871	0.0188529659644815	-0.00113141004920288	291
BBS12	ENSG00000181004	N08 glomerular disorders in dis. class. elsewhere	icd_first_occurrence	531	missense|LC	0.0288006605774669	0.458363203924587	0.0167614369238054	0.00820823984124225	387
BBS9	ENSG00000122507	N04 nephrotic syndrome	icd_first_occurrence	242	missense|LC	0.0294411818087514	0.761553754551191	0.016946003267767	0.00429528780972981	436
CEP290	ENSG00000198707	Cystatin C	continuous	376784	missense|LC	0.0313196905078968	0.035436019091842	0.0272114864878765	0.000440343925135086	1033
DNAJB11	ENSG00000090520	C64 Malignant neoplasm of kidney	icd10	985	missense|LC	0.0329247719198225	0.46322900635033	0.0174281988372608	0.0196011442614301	165
BBS12	ENSG00000181004	Microalbumin in urine	continuous	119013	missense|LC	0.0341197811311187	0.0790262389339409	0.0198054441617046	0.00130524753248675	387
BBS7	ENSG00000138686	N18 chronic renal failure	icd_first_occurrence	14086	missense|LC	0.0341938191956656	0.238637294011407	0.019605694059426	0.00388913102518282	259
TMEM237	ENSG00000155755	I12 hypertensive renal disease	icd_first_occurrence	1513	missense|LC	0.0347542052158888	0.0176220739806751	0.999805378744791	-0.0315785717760359	181
NPHP1	ENSG00000144061	Q60 renal agenesis / reduction defects	icd_first_occurrence	199	missense|LC	0.0351807234637389	0.241135480677059	0.0198361249682439	0.027065417424274	317
DNAJB11	ENSG00000090520	Creatinine (enzymatic) in urine	continuous	383774	missense|LC	0.0352046909079262	0.018150520604354	0.545301932658515	-0.00321377877206349	165
INVS	ENSG00000119509	N28 other disorders of kidney and ureter	icd_first_occurrence	5275	missense|LC	0.03640880905336	0.298408440162065	0.0190553797508248	-0.00279357405417025	513
ALG9	ENSG00000086848	Creatinine	continuous	376624	missense|LC	0.0383068110614913	0.184022856153624	0.0234867210684313	-0.000606965403839311	291
AHI1	ENSG00000135541	Urea	continuous	376551	missense|LC	0.039297345665035	0.0957846739427888	0.0216718574213308	-0.00048195934129374	604
ZNF423	ENSG00000102935	N20 calculus of kidney and ureter	icd_first_occurrence	5879	missense|LC	0.0396360072389516	0.133452562008606	0.0205269594356559	0.00456195257889945	669
BBS10	ENSG00000179941	Urea	continuous	376551	missense|LC	0.0399340812605437	0.814836616101652	0.024039365592796	9.13916442706501e-05	369
IFT122	ENSG00000163913	Urea	continuous	376551	missense|LC	0.039968503375257	0.313025380551434	0.0208420957941947	0.000328261372581651	652
INVS	ENSG00000119509	I12 hypertensive renal disease	icd_first_occurrence	1513	missense|LC	0.0404727991598414	0.0212880329577508	0.143687811991091	0.0114898862149266	513
IFT172	ENSG00000138002	N18 chronic renal failure	icd_first_occurrence	14086	missense|LC	0.0420773753180655	0.047903187742689	0.0316657181269159	0.0032241736269052	835
BBS7	ENSG00000138686	N25 impaired renal tubular function	icd_first_occurrence	160	missense|LC	0.0427141089711248	0.17507958106125	0.0248358905333397	0.0375798029580056	259
TTC8	ENSG00000165533	N28 other disorders of kidney and ureter	icd_first_occurrence	5275	missense|LC	0.0439270797485229	0.0242214097840069	0.389462180224452	-0.00922789291139473	251
TMEM216	ENSG00000187049	N26 unspecified contracted kidney	icd_first_occurrence	176	missense|LC	0.0441619324242012	0.166587775756707	0.0285775199253757	0.0598950971440923	80
TMEM216	ENSG00000187049	Q63 other congenital malformations of kidney	icd_first_occurrence	452	missense|LC	0.0457883052638001	0.109220061603457	0.028197299169779	0.0460557171251576	80
BBS2	ENSG00000125124	N23 unspecified renal colic	icd_first_occurrence	4304	missense|LC	0.045829717210772	0.652236738015243	0.0238207857694354	0.00295831016620942	339
TMEM237	ENSG00000155755	N20 calculus of kidney and ureter	icd_first_occurrence	5879	missense|LC	0.0475060186197251	0.0244385074146638	0.999899890224934	-0.0153844267176725	181
BBIP1	ENSG00000214413	Microalbumin in urine	continuous	119013	missense|LC	0.0479836846699964	0.122276998756174	0.0314698011677786	0.00879457818846439	25
INVS	ENSG00000119509	Cystatin C	continuous	376784	missense|LC	0.0482763079807825	0.0256458745433048	0.222858310560034	0.000615007176308212	513
MKKS	ENSG00000125863	Q63 other congenital malformations of kidney	icd_first_occurrence	452	missense|LC	0.0493690244038069	0.648794987244593	0.0283795684664814	-0.00476082680355515	291
MKKS	ENSG00000125863	Cystatin C	continuous	376784	missense|LC	0.0510235293974552	0.861550183431544	0.0295320914103714	-5.39781707652873e-05	291
IFT172	ENSG00000138002	N23 unspecified renal colic	icd_first_occurrence	4304	missense|LC	0.0558326731698255	0.908486313754353	0.0293202853459498	0.000318753102774636	835
ZNF423	ENSG00000102935	N28 other disorders of kidney and ureter	icd_first_occurrence	5275	missense|LC	0.0584887925165964	0.0296539737862824	0.983377845427353	-0.00696385665429857	669
BBIP1	ENSG00000214413	C64 Malignant neoplasm of kidney	icd10	985	missense|LC	0.0598408974997551	0.356660369982295	0.035131701301875	0.0475489480316868	25
BBS12	ENSG00000181004	I12 hypertensive renal disease	icd_first_occurrence	1513	missense|LC	0.0601664992344438	0.0346836989537964	0.594684671867538	-0.0141230184232211	387
PKD2	ENSG00000118762	Cystatin C	continuous	376784	missense|LC	0.0602705628517766	0.0315748248850235	0.238301472796039	-0.000750061617531085	480
IFT140	ENSG00000187535	N08 glomerular disorders in dis. class. elsewhere	icd_first_occurrence	531	missense|LC	0.0604657780082227	0.225163570862612	0.0304610012331462	0.00840010463750159	974
ALG9	ENSG00000086848	N23 unspecified renal colic	icd_first_occurrence	4304	missense|LC	0.0605405428437686	0.363801938016747	0.0363223931230703	-0.005022309843045	291
NPHP3	ENSG00000113971	Q63 other congenital malformations of kidney	icd_first_occurrence	452	missense|LC	0.0675727939579281	0.0365755179504172	0.468196203488266	-0.017338975057189	626
CC2D2A	ENSG00000048342	N19 unspecified renal failure	icd_first_occurrence	2345	missense|LC	0.070182929588652	0.0367491777030708	0.363252962579645	0.00988965543713869	757
BBS1	ENSG00000174483	C64 Malignant neoplasm of kidney	icd10	985	missense|LC	0.0709703402279275	0.0420767559124966	0.103447190600728	-0.0180949922858126	318
AHI1	ENSG00000135541	Creatinine	continuous	376624	missense|LC	0.0710131269074925	0.0412964929175397	0.115881037562127	-0.00049196573979451	604
DYNC2I1	ENSG00000126870	N20 calculus of kidney and ureter	icd_first_occurrence	5879	missense|LC	0.0719813938900465	0.0630972179913351	0.0556840816821916	0.00481919223856658	604
PKD1	ENSG00000008710	Urea	continuous	376551	missense|LC	0.0766547068121229	0.577442752960607	0.0383218786645272	-6.03318085241037e-05	3733
BBS10	ENSG00000179941	N20 calculus of kidney and ureter	icd_first_occurrence	5879	missense|LC	0.0793043808610617	0.04702288708055	0.26335586937335	-0.00684533330218265	369
ZNF423	ENSG00000102935	N18 chronic renal failure	icd_first_occurrence	14086	missense|LC	0.0793927693780868	0.0409515950515232	0.578152444526034	-0.00408037463809249	669
IFT172	ENSG00000138002	I12 hypertensive renal disease	icd_first_occurrence	1513	missense|LC	0.0806667007959708	0.0428979090426119	0.486660430495702	0.00960136397907856	835
INVS	ENSG00000119509	N18 chronic renal failure	icd_first_occurrence	14086	missense|LC	0.08068374670971	0.0439470840402113	0.420559074583541	0.00338729519887955	513
TMEM216	ENSG00000187049	N04 nephrotic syndrome	icd_first_occurrence	242	missense|LC	0.0814874823335275	0.0614443244831659	0.065647040683824	0.068340721820894	80
IFT122	ENSG00000163913	Creatinine	continuous	376624	missense|LC	0.0828439654665618	0.0441582726681169	0.388504975450403	-0.000545725336762115	652
NEK8	ENSG00000160602	N08 glomerular disorders in dis. class. elsewhere	icd_first_occurrence	531	missense|LC	0.0839140711674948	0.397720368975474	0.0438427670226523	0.0111453768556757	381
BBS10	ENSG00000179941	N04 nephrotic syndrome	icd_first_occurrence	242	missense|LC	0.0898816668228659	0.114726119622251	0.0531721996190163	0.0252210744135047	369
CC2D2A	ENSG00000048342	N28 other disorders of kidney and ureter	icd_first_occurrence	5275	missense|LC	0.0903776337110136	0.047870946208614	0.957240432504298	-0.00633517518313883	757
ZNF423	ENSG00000102935	N04 nephrotic syndrome	icd_first_occurrence	242	missense|LC	0.091051427193153	0.0471193146797915	1.0	-0.0294317995820454	669
BBIP1	ENSG00000214413	Cystatin C	continuous	376784	missense|LC	0.0923645681105265	0.077973991183258	0.0671564050414541	0.00470175880273715	25
IFT140	ENSG00000187535	Creatinine (enzymatic) in urine	continuous	383774	missense|LC	0.095583563782901	0.549473970513453	0.049455187794764	-0.000145704822841997	974
TMEM237	ENSG00000155755	N17 acute renal failure	icd_first_occurrence	7312	missense|LC	0.097132835944554	0.362119697999732	0.0513579648551818	-0.00552590898074914	181
LZTFL1	ENSG00000163818	N19 unspecified renal failure	icd_first_occurrence	2345	missense|LC	0.0992221156834177	0.406347744778156	0.0556481036036813	0.0145682511108955	106
ALG9	ENSG00000086848	Q60 renal agenesis / reduction defects	icd_first_occurrence	199	missense|LC	0.104034913257556	0.191734531234038	0.0623090476411534	0.0328142111998496	291
MKKS	ENSG00000125863	Creatinine	continuous	376624	missense|LC	0.105718861998644	0.0697011212221198	0.095423578278548	0.000513626841743866	291
CC2D2A	ENSG00000048342	Urea	continuous	376551	missense|LC	0.105768553810597	0.541962843191311	0.0564852397506308	-0.000213339402695306	757
LZTFL1	ENSG00000163818	Creatinine	continuous	376624	missense|LC	0.106620690574575	0.0600568808553896	0.332697885260454	-0.00201755523103456	106
LZTFL1	ENSG00000163818	Q60 renal agenesis / reduction defects	icd_first_occurrence	199	missense|LC	0.106872067529294	0.456640386698743	0.059464696412072	0.0404121007994092	106
INVS	ENSG00000119509	C64 Malignant neoplasm of kidney	icd10	985	missense|LC	0.107384070968558	0.642310308201404	0.0594915090998693	0.00285068163663083	513
ALG9	ENSG00000086848	C64 Malignant neoplasm of kidney	icd10	985	missense|LC	0.108576081870413	0.0881171784060708	0.071945921938855	0.0193026776537936	291
AHI1	ENSG00000135541	I12 hypertensive renal disease	icd_first_occurrence	1513	missense|LC	0.109269523777423	0.06075333780783	0.33537716662049	0.0091893327766694	604
BBS4	ENSG00000140463	N18 chronic renal failure	icd_first_occurrence	14086	missense|LC	0.111432153205251	0.322442578602923	0.0598631610086129	0.00355399801337749	283
PKD2	ENSG00000118762	N26 unspecified contracted kidney	icd_first_occurrence	176	missense|LC	0.11196075469425	0.177463565509952	0.0606113464661713	0.0237836827722075	480
NPHP1	ENSG00000144061	Microalbumin in urine	continuous	119013	missense|LC	0.113463668876395	0.39459233366387	0.0643546197238198	0.000835933581983931	317
BBS2	ENSG00000125124	Creatinine	continuous	376624	missense|LC	0.113520540584939	0.473293447590186	0.0610545455649719	0.000391915036346626	339
MKKS	ENSG00000125863	N18 chronic renal failure	icd_first_occurrence	14086	missense|LC	0.113843669749343	0.0665139856070008	0.15929342825114	-0.00354971306095828	291
DYNC2I1	ENSG00000126870	N28 other disorders of kidney and ureter	icd_first_occurrence	5275	missense|LC	0.115348793389582	0.0645025873194027	0.396431042828481	0.00505301738910066	604
NPHP1	ENSG00000144061	N23 unspecified renal colic	icd_first_occurrence	4304	missense|LC	0.11618656451003	0.359331025158051	0.0655962479112848	-0.00479540972405423	317
CC2D2A	ENSG00000048342	Creatinine (enzymatic) in urine	continuous	383774	missense|LC	0.116218587629199	0.0623820808962952	0.323094217220863	-0.000641323149355687	757
BBS9	ENSG00000122507	I12 hypertensive renal disease	icd_first_occurrence	1513	missense|LC	0.117171175786701	0.0669789453388056	0.985905063847372	-0.0106533102319658	436
ANKS6	ENSG00000165138	N08 glomerular disorders in dis. class. elsewhere	icd_first_occurrence	531	missense|LC	0.118749192769313	0.371932669023739	0.0660616965630727	0.00768827993707644	524
ZNF423	ENSG00000102935	N26 unspecified contracted kidney	icd_first_occurrence	176	missense|LC	0.120853167736719	0.0633398228891728	0.999999863550898	-0.0320434730016666	669
INVS	ENSG00000119509	Creatinine	continuous	376624	missense|LC	0.122958233739202	0.0688560702661423	0.37623989126026	0.000445045285377326	513
BBS7	ENSG00000138686	N26 unspecified contracted kidney	icd_first_occurrence	176	missense|LC	0.125233737298502	0.228446254057267	0.0716215295446107	0.0319190253240147	259
BBS4	ENSG00000140463	N23 unspecified renal colic	icd_first_occurrence	4304	missense|LC	0.12534448210581	0.0677423422524767	0.306964392407198	-0.0116184786899776	283
INVS	ENSG00000119509	N26 unspecified contracted kidney	icd_first_occurrence	176	missense|LC	0.126200035128493	0.529755453630757	0.0705109459785319	-0.00888540635764879	513
AHI1	ENSG00000135541	Creatinine (enzymatic) in urine	continuous	383774	missense|LC	0.127621387234188	0.895772582218652	0.0716481346752257	-3.62334045671086e-05	604
AHI1	ENSG00000135541	N23 unspecified renal colic	icd_first_occurrence	4304	missense|LC	0.128393934620178	0.51471014279317	0.0719772653997641	0.00191160426241766	604
ZNF423	ENSG00000102935	Creatinine	continuous	376624	missense|LC	0.129126491421149	0.60444417914854	0.0681518826618035	0.000150303465083727	669
IFT122	ENSG00000163913	N08 glomerular disorders in dis. class. elsewhere	icd_first_occurrence	531	missense|LC	0.132328194257188	0.076380543361648	0.181547658167078	0.016008856973434	652
BBS12	ENSG00000181004	N26 unspecified contracted kidney	icd_first_occurrence	176	missense|LC	0.133018455152538	0.442626791131478	0.0769286409247514	0.0149383123089086	387
LZTFL1	ENSG00000163818	N08 glomerular disorders in dis. class. elsewhere	icd_first_occurrence	531	missense|LC	0.133772814330064	0.114581812183482	0.0852980860581629	0.0545787190153405	106
TTC8	ENSG00000165533	N18 chronic renal failure	icd_first_occurrence	14086	missense|LC	0.133890206466986	0.0805282780561358	0.149300652037359	0.00445450310523079	251
BBS7	ENSG00000138686	Creatinine	continuous	376624	missense|LC	0.134845476899585	0.718382723588163	0.0774558771166985	0.000172342309248754	259
BBS7	ENSG00000138686	Q61 cystic kidney disease	icd_first_occurrence	735	missense|LC	0.138279491163258	0.889566973165773	0.0791806061244461	-0.00183717482302209	259
MKS1	ENSG00000011143	N18 chronic renal failure	icd_first_occurrence	14086	missense|LC	0.139202464562421	0.0796783358093444	0.470157924303984	-0.00349860824776321	315
BBS9	ENSG00000122507	Urea	continuous	376551	missense|LC	0.139453572153616	0.0800812976377328	0.509794119391153	-0.000602726149212449	436
RPGRIP1L	ENSG00000103494	I12 hypertensive renal disease	icd_first_occurrence	1513	missense|LC	0.141795895492728	0.0783334138464338	0.748722880016653	-0.0091434251907335	625
LZTFL1	ENSG00000163818	N25 impaired renal tubular function	icd_first_occurrence	160	missense|LC	0.142243472439785	0.322736546325257	0.0827881503241892	0.061121625470737	106
BBS12	ENSG00000181004	N20 calculus of kidney and ureter	icd_first_occurrence	5879	missense|LC	0.145182399364161	0.0841071189641698	0.662809165080163	-0.00592302891559989	387
LZTFL1	ENSG00000163818	Cystatin C	continuous	376784	missense|LC	0.145607099630562	0.0826070877755252	0.685864832662539	-0.00209503019461572	106
SDCCAG8	ENSG00000054282	Cystatin C	continuous	376784	missense|LC	0.145982507124786	0.0952142929757639	0.125359674723547	0.000809371106539029	332
TMEM231	ENSG00000205084	C64 Malignant neoplasm of kidney	icd10	985	missense|LC	0.147803417014883	0.867501254104797	0.0942038209806469	0.00123621158369772	204
ZNF423	ENSG00000102935	N23 unspecified renal colic	icd_first_occurrence	4304	missense|LC	0.148313885484768	0.282881824989735	0.0789185924743148	0.00378197039837881	669
CC2D2A	ENSG00000048342	N18 chronic renal failure	icd_first_occurrence	14086	missense|LC	0.150223965953987	0.755437886764347	0.0816060489858256	-0.000622363785195568	757
PKD2	ENSG00000118762	Creatinine	continuous	376624	missense|LC	0.150612361958311	0.909722456191183	0.0830987822508248	-3.41580291567531e-05	480
BBS4	ENSG00000140463	N04 nephrotic syndrome	icd_first_occurrence	242	missense|LC	0.151874376137288	0.671887490500286	0.0840079510064469	0.0105963115964499	283
NPHP3	ENSG00000113971	N20 calculus of kidney and ureter	icd_first_occurrence	5879	missense|LC	0.153368330584932	0.0957870760061749	0.145903229377167	-0.00387389276115168	626
SDCCAG8	ENSG00000054282	N26 unspecified contracted kidney	icd_first_occurrence	176	missense|LC	0.153419930724596	0.14856330902459	0.0907313839232169	0.0347555136806999	332
MKKS	ENSG00000125863	C64 Malignant neoplasm of kidney	icd10	985	missense|LC	0.153461472460862	0.128477880427837	0.0949330740932359	0.0108178015217687	291
TMEM231	ENSG00000205084	N18 chronic renal failure	icd_first_occurrence	14086	missense|LC	0.155952496677948	0.158530015651404	0.0992472361621193	-0.00293328047891002	204
MKKS	ENSG00000125863	N26 unspecified contracted kidney	icd_first_occurrence	176	missense|LC	0.157986082205205	0.0932387666814216	0.93321676394299	-0.0288606567149321	291
CC2D2A	ENSG00000048342	Q60 renal agenesis / reduction defects	icd_first_occurrence	199	missense|LC	0.160921134832809	0.150681748551769	0.0971336795374972	0.0221482815378795	757
ANKS6	ENSG00000165138	N04 nephrotic syndrome	icd_first_occurrence	242	missense|LC	0.161009022788239	0.0907571086308893	0.792599130777594	-0.0218630190671298	524
TMEM237	ENSG00000155755	Creatinine	continuous	376624	missense|LC	0.161965922037109	0.0955046306347469	0.189374469115484	-0.00108325009633561	181
DYNC2I1	ENSG00000126870	C64 Malignant neoplasm of kidney	icd10	985	missense|LC	0.162112198827835	0.282742934273713	0.0915278458392239	-0.00666436799046734	604
NPHP3	ENSG00000113971	N19 unspecified renal failure	icd_first_occurrence	2345	missense|LC	0.163314939619742	0.121405736431359	0.114641254580324	0.0056355124341898	626
DYNC2I1	ENSG00000126870	I12 hypertensive renal disease	icd_first_occurrence	1513	missense|LC	0.166771455480814	0.332735551656395	0.0943082855657468	0.00489435145573806	604
IFT172	ENSG00000138002	Q60 renal agenesis / reduction defects	icd_first_occurrence	199	missense|LC	0.168277945791108	0.11456465220882	0.132843683044981	-0.0204721218046479	835
BBS10	ENSG00000179941	N25 impaired renal tubular function	icd_first_occurrence	160	missense|LC	0.171187374898356	0.25116604740055	0.102399332613451	0.0225982337518518	369
DYNC2I1	ENSG00000126870	Q60 renal agenesis / reduction defects	icd_first_occurrence	199	missense|LC	0.171880096491198	0.772930150730431	0.0974111554512874	0.00395996565970955	604
DYNC2I1	ENSG00000126870	N17 acute renal failure	icd_first_occurrence	7312	missense|LC	0.172810929402739	0.324047350715502	0.0979773907277074	-0.00231331085702742	604
BBIP1	ENSG00000214413	I12 hypertensive renal disease	icd_first_occurrence	1513	missense|LC	0.17830046386008	0.568684054761337	0.113921335173302	0.0236013681080323	25
TMEM231	ENSG00000205084	N04 nephrotic syndrome	icd_first_occurrence	242	missense|LC	0.18124792022695	0.131389796261382	0.12730916043897	0.0233006092553827	204
BBS9	ENSG00000122507	Microalbumin in urine	continuous	119013	missense|LC	0.183478765023615	0.106485920691532	0.419714328634598	0.00104714336805034	436
TMEM216	ENSG00000187049	I12 hypertensive renal disease	icd_first_occurrence	1513	missense|LC	0.184268121630044	0.252259011592451	0.110615888950624	-0.0186989487131559	80
DYNC2I1	ENSG00000126870	Q61 cystic kidney disease	icd_first_occurrence	735	missense|LC	0.185208698882514	0.105234275081332	0.37035135418819	-0.0117109772346273	604
DNAJB11	ENSG00000090520	Creatinine	continuous	376624	missense|LC	0.186052737708041	0.115489770865574	0.186795006992003	0.00181628102928716	165
LZTFL1	ENSG00000163818	Creatinine (enzymatic) in urine	continuous	383774	missense|LC	0.18841831149953	0.978274681347261	0.107789824987865	-9.44092853045596e-06	106
BBS7	ENSG00000138686	N20 calculus of kidney and ureter	icd_first_occurrence	5879	missense|LC	0.190798267957208	0.10989660401722	0.33644338096402	-0.0079200303411804	259
PKD2	ENSG00000118762	Q61 cystic kidney disease	icd_first_occurrence	735	missense|LC	0.19273144684563	0.107830282188868	0.504628937244992	0.0141777819604459	480
BBS9	ENSG00000122507	N17 acute renal failure	icd_first_occurrence	7312	missense|LC	0.192848076546324	0.932548774543659	0.11181239532182	0.000213603771708313	436
SDCCAG8	ENSG00000054282	N19 unspecified renal failure	icd_first_occurrence	2345	missense|LC	0.197076944351944	0.111887570573968	0.758908200162664	0.0110623142371632	332
PKD1	ENSG00000008710	Microalbumin in urine	continuous	119013	missense|LC	0.201300622946922	0.519056921876403	0.107524606008437	-0.000131193758617096	3733
ALG9	ENSG00000086848	N26 unspecified contracted kidney	icd_first_occurrence	176	missense|LC	0.201923372610959	0.122598717832064	0.459887845581874	-0.0419078540764922	291
TMEM231	ENSG00000205084	N19 unspecified renal failure	icd_first_occurrence	2345	missense|LC	0.203362623413463	0.439692254663969	0.129991430829878	0.00382325471097164	204
INVS	ENSG00000119509	Creatinine (enzymatic) in urine	continuous	383774	missense|LC	0.204500897750599	0.119056760031478	0.668080724823696	0.000449302206903939	513
ZNF423	ENSG00000102935	Microalbumin in urine	continuous	119013	missense|LC	0.206188677859111	0.327263777921222	0.112690974540565	-0.000654737125587328	669
AHI1	ENSG00000135541	N20 calculus of kidney and ureter	icd_first_occurrence	5879	missense|LC	0.207702650875631	0.168510997739305	0.125001069101342	0.00345194231931706	604
TMEM237	ENSG00000155755	Creatinine (enzymatic) in urine	continuous	383774	missense|LC	0.208089270639929	0.606733620839665	0.115493326703167	-0.000393990501756085	181
NPHP3	ENSG00000113971	Urea	continuous	376551	missense|LC	0.2082995669949	0.120978173090994	0.676160317046791	0.00041541572798454	626
LZTFL1	ENSG00000163818	N04 nephrotic syndrome	icd_first_occurrence	242	missense|LC	0.209469293570494	0.55017008057596	0.121724709142843	0.0302590882125364	106
LZTFL1	ENSG00000163818	C64 Malignant neoplasm of kidney	icd10	985	missense|LC	0.210669677319334	0.220578152706195	0.120716185854855	0.0327693161236778	106
NPHP3	ENSG00000113971	I12 hypertensive renal disease	icd_first_occurrence	1513	missense|LC	0.215988177914042	0.601906833002785	0.125660243020279	0.00236509523209688	626
CEP290	ENSG00000198707	Creatinine	continuous	376624	missense|LC	0.216081727649881	0.133242906389752	0.187520994917213	0.000279058837796018	1033
AHI1	ENSG00000135541	N26 unspecified contracted kidney	icd_first_occurrence	176	missense|LC	0.217163817566755	0.124781900708112	0.400880488628967	0.0212865937652452	604
BBS1	ENSG00000174483	Q61 cystic kidney disease	icd_first_occurrence	735	missense|LC	0.217692736309764	0.784273781500505	0.126166602699921	0.00279975968180212	318
BBS7	ENSG00000138686	C64 Malignant neoplasm of kidney	icd10	985	missense|LC	0.221202312701265	0.127999369268229	0.288474879143292	0.0177766675962011	259
BBS7	ENSG00000138686	Microalbumin in urine	continuous	119013	missense|LC	0.222845440350966	0.129675363541819	0.226351968952518	-0.00161706305954465	259
RPGRIP1L	ENSG00000103494	N20 calculus of kidney and ureter	icd_first_occurrence	5879	missense|LC	0.223816585096618	0.125784437733695	0.69903624240006	-0.00408220459021284	625
MKKS	ENSG00000125863	N23 unspecified renal colic	icd_first_occurrence	4304	missense|LC	0.225771625829727	0.97656728964578	0.135184814179674	-2.17084761954723e-05	291
BBS4	ENSG00000140463	Creatinine	continuous	376624	missense|LC	0.229745852302774	0.134774869755953	0.240156767557489	0.000780245785714172	283
SDCCAG8	ENSG00000054282	Creatinine (enzymatic) in urine	continuous	383774	missense|LC	0.231191930770357	0.13312524749003	0.496207345166071	0.000767461420725777	332
ANKS6	ENSG00000165138	C64 Malignant neoplasm of kidney	icd10	985	missense|LC	0.233815724696375	0.157835596270792	0.161618075504536	-0.00899338100205302	524
DNAJB11	ENSG00000090520	I12 hypertensive renal disease	icd_first_occurrence	1513	missense|LC	0.234246711791104	0.975291072132013	0.13153582035305	0.000540136579624626	165
MKS1	ENSG00000011143	N23 unspecified renal colic	icd_first_occurrence	4304	missense|LC	0.240943366879761	0.140891939903155	0.874732110213026	-0.00518800324362931	315
TMEM231	ENSG00000205084	I12 hypertensive renal disease	icd_first_occurrence	1513	missense|LC	0.243016482158832	0.162695542006358	0.179700067584501	-0.00857676323500499	204
TMEM67	ENSG00000164953	N26 unspecified contracted kidney	icd_first_occurrence	176	missense|LC	0.243484192496388	0.148629532248185	0.503649561280429	-0.0269771508884878	412
BBS12	ENSG00000181004	Q61 cystic kidney disease	icd_first_occurrence	735	missense|LC	0.244132018028946	0.145161793894378	0.719627732845402	-0.0138975069523786	387
AHI1	ENSG00000135541	N04 nephrotic syndrome	icd_first_occurrence	242	missense|LC	0.244781899924382	0.142823921298915	0.72511368615158	-0.0179025940227502	604
IFT140	ENSG00000187535	Q60 renal agenesis / reduction defects	icd_first_occurrence	199	missense|LC	0.246656719679449	0.869250407067757	0.136863886799195	0.00183381909703379	974
BBS2	ENSG00000125124	Urea	continuous	376551	missense|LC	0.247109034339372	0.480415365602365	0.136977462971911	0.000463182957815529	339
CEP290	ENSG00000198707	Q60 renal agenesis / reduction defects	icd_first_occurrence	199	missense|LC	0.249155141229663	0.667834431071111	0.141279158066938	-0.0043694371416449	1033
ANKS6	ENSG00000165138	Q63 other congenital malformations of kidney	icd_first_occurrence	452	missense|LC	0.250101072327079	0.14411979991017	0.318336548525124	0.0135272594374737	524
AHI1	ENSG00000135541	Q61 cystic kidney disease	icd_first_occurrence	735	missense|LC	0.250410454742164	0.146302865618797	0.718352656432944	-0.0101927852275305	604
BBS10	ENSG00000179941	C64 Malignant neoplasm of kidney	icd10	985	missense|LC	0.25247589480737	0.151526411249312	0.349982035115042	0.0119209544668632	369
BBS12	ENSG00000181004	Q60 renal agenesis / reduction defects	icd_first_occurrence	199	missense|LC	0.254321281678751	0.936399754080045	0.15030443724056	-0.00134037651099353	387
TMEM237	ENSG00000155755	Urea	continuous	376551	missense|LC	0.258207136394659	0.145871306005029	0.587488394020155	-0.00113403115832947	181
IFT140	ENSG00000187535	Cystatin C	continuous	376784	missense|LC	0.258880342901189	0.904975676093294	0.14453136628912	-2.74902610546829e-05	974
NPHP1	ENSG00000144061	I12 hypertensive renal disease	icd_first_occurrence	1513	missense|LC	0.259414389077749	0.15017165667287	0.404745393080276	0.0126340006806091	317
PKD2	ENSG00000118762	Creatinine (enzymatic) in urine	continuous	383774	missense|LC	0.259809650505867	0.15002745270025	0.889386035644045	0.000527244133874239	480
ZNF423	ENSG00000102935	I12 hypertensive renal disease	icd_first_occurrence	1513	missense|LC	0.261412082769428	0.1454981323286	0.956917100445125	-0.00859273088031473	669
IFT140	ENSG00000187535	Creatinine	continuous	376624	missense|LC	0.265725521141887	0.349037603617946	0.148754954345706	-0.000193513831138012	974
CC2D2A	ENSG00000048342	N04 nephrotic syndrome	icd_first_occurrence	242	missense|LC	0.268225580469931	0.222120312865113	0.153938819900291	0.0172499564161431	757
TTC8	ENSG00000165533	N26 unspecified contracted kidney	icd_first_occurrence	176	missense|LC	0.272505050110081	0.165805987861049	0.985013370851378	-0.0309551896537202	251
BBS2	ENSG00000125124	Creatinine (enzymatic) in urine	continuous	383774	missense|LC	0.272524840040959	0.161828828344352	0.248909402895751	0.000903066676362747	339
BBS4	ENSG00000140463	Q61 cystic kidney disease	icd_first_occurrence	735	missense|LC	0.274956241323961	0.70786581607981	0.157950769666022	0.00554222331272078	283
BBS9	ENSG00000122507	N28 other disorders of kidney and ureter	icd_first_occurrence	5275	missense|LC	0.275013507225308	0.351577760056068	0.162637821156956	-0.00292033966260902	436
RPGRIP1L	ENSG00000103494	N23 unspecified renal colic	icd_first_occurrence	4304	missense|LC	0.275546052918319	0.156734704885901	0.666662099216161	-0.00440789021805131	625
INVS	ENSG00000119509	Urea	continuous	376551	missense|LC	0.275667725938447	0.165198422198489	0.90226367169868	0.000407559340155216	513
BBS2	ENSG00000125124	N19 unspecified renal failure	icd_first_occurrence	2345	missense|LC	0.276021420857526	0.577936591513942	0.154211505090719	0.0048350323394995	339
ANKS6	ENSG00000165138	N28 other disorders of kidney and ureter	icd_first_occurrence	5275	missense|LC	0.278864223759391	0.162738767856485	0.389884556153228	0.00390162790749645	524
ZNF423	ENSG00000102935	Q63 other congenital malformations of kidney	icd_first_occurrence	452	missense|LC	0.28158916784546	0.754593632460217	0.157867392394534	0.00332747001991398	669
TMEM67	ENSG00000164953	Creatinine (enzymatic) in urine	continuous	383774	missense|LC	0.283365437184509	0.380064488903036	0.175355329124739	-0.000327342112370869	412
IFT122	ENSG00000163913	N26 unspecified contracted kidney	icd_first_occurrence	176	missense|LC	0.284233690991195	0.404736719196703	0.16182834732654	0.0128102209885539	652
BBS1	ENSG00000174483	N25 impaired renal tubular function	icd_first_occurrence	160	missense|LC	0.28509156525896	0.168982774480463	0.999999980121709	-0.0306973439395978	318
BBS10	ENSG00000179941	Q61 cystic kidney disease	icd_first_occurrence	735	missense|LC	0.288736514417045	0.174297962411651	0.619521561585021	0.0129614619439244	369
MKKS	ENSG00000125863	Q61 cystic kidney disease	icd_first_occurrence	735	missense|LC	0.293547472516967	0.178268769419327	0.488232289425367	0.0110184208679546	291
BBS9	ENSG00000122507	N18 chronic renal failure	icd_first_occurrence	14086	missense|LC	0.293978815528009	0.311266168306082	0.174954145876751	-0.00197971372404386	436
BBS1	ENSG00000174483	N08 glomerular disorders in dis. class. elsewhere	icd_first_occurrence	531	missense|LC	0.295408888226667	0.175436036003862	0.406453573981548	-0.0164900207702103	318
ALG9	ENSG00000086848	Microalbumin in urine	continuous	119013	missense|LC	0.30117062653167	0.835807919756835	0.185597483510048	0.000209536890740348	291
BBS4	ENSG00000140463	Creatinine (enzymatic) in urine	continuous	383774	missense|LC	0.303124729871582	0.176094444025877	0.418723941006734	0.000831985532825265	283
BBS9	ENSG00000122507	N26 unspecified contracted kidney	icd_first_occurrence	176	missense|LC	0.304947540560315	0.181583083921509	0.64895787148903	-0.0227133083711683	436
TMEM216	ENSG00000187049	N23 unspecified renal colic	icd_first_occurrence	4304	missense|LC	0.305869810505532	0.187520161687495	0.999617134806704	-0.0131990717814996	80
CC2D2A	ENSG00000048342	Q63 other congenital malformations of kidney	icd_first_occurrence	452	missense|LC	0.306086903418511	0.50214085725754	0.175670427974267	0.00718235144319044	757
DYNC2I1	ENSG00000126870	N23 unspecified renal colic	icd_first_occurrence	4304	missense|LC	0.306770941603273	0.179584400612552	0.78863921489462	0.00405468739362254	604
NPHP1	ENSG00000144061	Cystatin C	continuous	376784	missense|LC	0.309057585590299	0.93688334300237	0.181201704349089	3.72692491277166e-05	317
RPGRIP1L	ENSG00000103494	C64 Malignant neoplasm of kidney	icd10	985	missense|LC	0.310452828436967	0.949669344050914	0.178209784901983	-0.000385505020166184	625
AHI1	ENSG00000135541	C64 Malignant neoplasm of kidney	icd10	985	missense|LC	0.310658035492749	0.185339485473311	0.404311752105481	-0.00801421336162689	604
IFT140	ENSG00000187535	N28 other disorders of kidney and ureter	icd_first_occurrence	5275	missense|LC	0.311461608603737	0.177299173339999	0.361764961633334	-0.00305893337583042	974
NPHP1	ENSG00000144061	C64 Malignant neoplasm of kidney	icd10	985	missense|LC	0.311787100221577	0.289572869774153	0.182664615757191	-0.0115568039970626	317
AHI1	ENSG00000135541	N28 other disorders of kidney and ureter	icd_first_occurrence	5275	missense|LC	0.312953887833545	0.562617032598832	0.186670216657608	-0.00153290062449704	604
SDCCAG8	ENSG00000054282	N28 other disorders of kidney and ureter	icd_first_occurrence	5275	missense|LC	0.313487834555108	0.185126261763906	0.362552960470502	0.00623946486455778	332
TMEM231	ENSG00000205084	N17 acute renal failure	icd_first_occurrence	7312	missense|LC	0.315716088719793	0.205213921771453	0.473325247390421	-0.00359041502274306	204
RPGRIP1L	ENSG00000103494	Urea	continuous	376551	missense|LC	0.316743928110344	0.419237727818812	0.182205112022236	-0.000248372901131787	625
SDCCAG8	ENSG00000054282	N25 impaired renal tubular function	icd_first_occurrence	160	missense|LC	0.316888306105529	0.679717004064166	0.187282834425939	0.0107963918873901	332
TMEM67	ENSG00000164953	I12 hypertensive renal disease	icd_first_occurrence	1513	missense|LC	0.316949933298447	0.931559132995574	0.197676197719268	0.000526220144975618	412
RPGRIP1L	ENSG00000103494	N26 unspecified contracted kidney	icd_first_occurrence	176	missense|LC	0.322005957670734	0.185049663786561	0.37177691424597	0.0197020436566572	625
BBS5	ENSG00000163093	N20 calculus of kidney and ureter	icd_first_occurrence	5879	missense|LC	0.32314451720357	0.287103783235991	0.214346609531017	-0.00353699640957452	150
BBS10	ENSG00000179941	Creatinine (enzymatic) in urine	continuous	383774	missense|LC	0.327969820819528	0.200983910753413	0.924379074856561	-0.000500240048911256	369
BBS4	ENSG00000140463	N26 unspecified contracted kidney	icd_first_occurrence	176	missense|LC	0.32945337530452	0.193582246423966	1.0	-0.04020673345459	283
MKS1	ENSG00000011143	N08 glomerular disorders in dis. class. elsewhere	icd_first_occurrence	531	missense|LC	0.330520814644443	0.299672563162578	0.198083403851048	-0.010300436950912	315
BBS2	ENSG00000125124	Microalbumin in urine	continuous	119013	missense|LC	0.330757106384484	0.426138320066245	0.187495146490015	-0.000958332262250686	339
BBS1	ENSG00000174483	N28 other disorders of kidney and ureter	icd_first_occurrence	5275	missense|LC	0.331061178125756	0.963843782985098	0.198948435876873	-0.00015622258714866	318
BBS10	ENSG00000179941	N18 chronic renal failure	icd_first_occurrence	14086	missense|LC	0.333438446082258	0.979989582684156	0.204430242380534	1.41691976609721e-05	369
BBS5	ENSG00000163093	N25 impaired renal tubular function	icd_first_occurrence	160	missense|LC	0.334379042957397	0.822803508519973	0.223534745284791	-0.00444926293114592	150
BBS12	ENSG00000181004	N28 other disorders of kidney and ureter	icd_first_occurrence	5275	missense|LC	0.334408368196594	0.20417307046945	0.419057932792572	-0.00457862368227555	387
BBIP1	ENSG00000214413	Urea	continuous	376551	missense|LC	0.336980977178368	0.721493547775702	0.213038284716431	0.00101167320449462	25
TTC8	ENSG00000165533	Microalbumin in urine	continuous	119013	missense|LC	0.337222467127788	0.210522728075415	0.498494852132249	-0.00106656522381598	251
ANKS6	ENSG00000165138	I12 hypertensive renal disease	icd_first_occurrence	1513	missense|LC	0.337387206698573	0.388044537368806	0.200535972874099	-0.00446796203059447	524
RPGRIP1L	ENSG00000103494	N19 unspecified renal failure	icd_first_occurrence	2345	missense|LC	0.33910350197454	0.196090838533041	0.904752035631693	-0.00540217351004206	625
CEP290	ENSG00000198707	N20 calculus of kidney and ureter	icd_first_occurrence	5879	missense|LC	0.339162837080796	0.199180008953428	0.547525223713158	0.00247798928389054	1033
NEK8	ENSG00000160602	N17 acute renal failure	icd_first_occurrence	7312	missense|LC	0.340466219356983	0.195150458371162	0.434404872270658	-0.00493000323153626	381
BBS5	ENSG00000163093	Q63 other congenital malformations of kidney	icd_first_occurrence	452	missense|LC	0.340494535898337	0.227613718406925	0.351197911030887	-0.0142862852521788	150
CEP290	ENSG00000198707	N08 glomerular disorders in dis. class. elsewhere	icd_first_occurrence	531	missense|LC	0.342080957452195	0.471367726244309	0.201174154930455	0.00450867710925471	1033
NPHP3	ENSG00000113971	Cystatin C	continuous	376784	missense|LC	0.342942665477709	0.209272204750584	0.333169349353235	0.000315645938628652	626
MKS1	ENSG00000011143	N04 nephrotic syndrome	icd_first_occurrence	242	missense|LC	0.344185417581603	0.207308333190622	0.999443421413161	-0.0186369650188993	315
ANKS6	ENSG00000165138	Urea	continuous	376551	missense|LC	0.344773764853397	0.205826893982376	0.951783177022153	0.000385804386951169	524
NPHP1	ENSG00000144061	N17 acute renal failure	icd_first_occurrence	7312	missense|LC	0.346539682271591	0.204938767077766	0.411640828767186	0.00518940895854898	317
DYNC2I1	ENSG00000126870	Microalbumin in urine	continuous	119013	missense|LC	0.346620704311352	0.205815387229295	0.378480393034637	-0.000706111794628256	604
TMEM237	ENSG00000155755	N28 other disorders of kidney and ureter	icd_first_occurrence	5275	missense|LC	0.347915266681582	0.869117781466877	0.202541519756962	-0.00116282236528792	181
TMEM67	ENSG00000164953	N18 chronic renal failure	icd_first_occurrence	14086	missense|LC	0.350702159127991	0.241137886766269	0.222407520326102	-0.00252856137266392	412
INVS	ENSG00000119509	Q61 cystic kidney disease	icd_first_occurrence	735	missense|LC	0.351123420436543	0.216221122625467	0.91857785673476	-0.00880560626551839	513
CEP290	ENSG00000198707	C64 Malignant neoplasm of kidney	icd10	985	missense|LC	0.35387898922186	0.224841930802803	0.241651193845647	0.00561571433273047	1033
TMEM67	ENSG00000164953	N25 impaired renal tubular function	icd_first_occurrence	160	missense|LC	0.355265990720017	0.224629630685766	0.416334919697086	-0.0237009191264749	412
ANKS6	ENSG00000165138	Q60 renal agenesis / reduction defects	icd_first_occurrence	199	missense|LC	0.356589064629628	0.213288257463821	0.861625323689908	-0.0175281647259813	524
BBS2	ENSG00000125124	N17 acute renal failure	icd_first_occurrence	7312	missense|LC	0.359067311785918	0.865099558856021	0.204944636919935	-0.000856789226582561	339
TTC8	ENSG00000165533	N20 calculus of kidney and ureter	icd_first_occurrence	5879	missense|LC	0.35976514181398	0.225491337876908	0.624607995249634	-0.00472505080649653	251
TMEM216	ENSG00000187049	N19 unspecified renal failure	icd_first_occurrence	2345	missense|LC	0.359986761239594	0.222087518370933	0.267130911585398	0.0156027239034736	80
IFT122	ENSG00000163913	Microalbumin in urine	continuous	119013	missense|LC	0.360102483128097	0.210501151462533	0.731501762286297	0.000769495900953507	652
DYNC2I1	ENSG00000126870	Cystatin C	continuous	376784	missense|LC	0.361616370015877	0.215648784413491	0.599008484558542	0.00034691190480481	604
PKD2	ENSG00000118762	Q60 renal agenesis / reduction defects	icd_first_occurrence	199	missense|LC	0.36167690361759	0.876122261318492	0.217843253115065	0.00261447530745662	480
TMEM67	ENSG00000164953	N23 unspecified renal colic	icd_first_occurrence	4304	missense|LC	0.364099684586773	0.244978164462337	0.233612959270269	-0.00443202846392753	412
ZNF423	ENSG00000102935	Cystatin C	continuous	376784	missense|LC	0.366243713837112	0.552270619037198	0.212027066034928	0.000194437670007832	669
TMEM67	ENSG00000164953	Cystatin C	continuous	376784	missense|LC	0.366958519763065	0.234025551182639	0.528301204103681	0.000424177686974114	412
TTC8	ENSG00000165533	N08 glomerular disorders in dis. class. elsewhere	icd_first_occurrence	531	missense|LC	0.367451025191809	0.871288748992858	0.229478942505302	-0.00201699075037459	251
IFT172	ENSG00000138002	N25 impaired renal tubular function	icd_first_occurrence	160	missense|LC	0.367728157539909	0.21861007063033	0.999966454884491	-0.0181997545349027	835
BBS2	ENSG00000125124	N26 unspecified contracted kidney	icd_first_occurrence	176	missense|LC	0.371434479664443	0.21263981896924	1.0	-0.0401289106443515	339
TTC8	ENSG00000165533	N23 unspecified renal colic	icd_first_occurrence	4304	missense|LC	0.374086053747764	0.235981191832628	0.781949940378907	-0.00533758838626303	251
INVS	ENSG00000119509	Q60 renal agenesis / reduction defects	icd_first_occurrence	199	missense|LC	0.374266035130698	0.238816880347863	0.274528987995588	-0.0160237151842531	513
NPHP1	ENSG00000144061	N18 chronic renal failure	icd_first_occurrence	14086	missense|LC	0.374391288046037	0.222750983537441	0.965196312807848	0.00360633360469395	317
ALG9	ENSG00000086848	Cystatin C	continuous	376784	missense|LC	0.374668544510152	0.491987228941249	0.23756983968319	-0.000353715948470172	291
PKD2	ENSG00000118762	N18 chronic renal failure	icd_first_occurrence	14086	missense|LC	0.379290460737202	0.236959299729033	0.282624218439351	0.00251181096684712	480
TMEM237	ENSG00000155755	N08 glomerular disorders in dis. class. elsewhere	icd_first_occurrence	531	missense|LC	0.379370762972291	0.883638244834363	0.224454365325485	-0.00309282346321587	181
ALG9	ENSG00000086848	Q63 other congenital malformations of kidney	icd_first_occurrence	452	missense|LC	0.379930915647161	0.72846285312482	0.239665028557992	0.00568587092694976	291
TMEM67	ENSG00000164953	N19 unspecified renal failure	icd_first_occurrence	2345	missense|LC	0.381299129213454	0.606949989983509	0.243817499749327	-0.00265700099834828	412
TMEM231	ENSG00000205084	Microalbumin in urine	continuous	119013	missense|LC	0.382223048570909	0.546310690204606	0.253561569384471	-0.000411970238221624	204
TMEM67	ENSG00000164953	N08 glomerular disorders in dis. class. elsewhere	icd_first_occurrence	531	missense|LC	0.383265322840409	0.245096297339539	0.785182323590198	-0.0125698112234084	412
TMEM237	ENSG00000155755	Microalbumin in urine	continuous	119013	missense|LC	0.384135663307235	0.227430425558917	0.617793926000614	-0.0017660798702702	181
TTC8	ENSG00000165533	N04 nephrotic syndrome	icd_first_occurrence	242	missense|LC	0.384190687970566	0.72539516593779	0.241227330758769	-0.00647010463519959	251
BBS12	ENSG00000181004	N17 acute renal failure	icd_first_occurrence	7312	missense|LC	0.385269230911777	0.519671798915529	0.239531339461809	0.00198499502016396	387
BBS2	ENSG00000125124	N18 chronic renal failure	icd_first_occurrence	14086	missense|LC	0.390431130548548	0.22519940572318	0.981608984250733	-0.00458348377384057	339
PKD2	ENSG00000118762	N25 impaired renal tubular function	icd_first_occurrence	160	missense|LC	0.392812476473926	0.238562021745594	0.999984975222372	-0.0228209132116112	480
TMEM237	ENSG00000155755	C64 Malignant neoplasm of kidney	icd10	985	missense|LC	0.392842206610794	0.40178852594392	0.231956097841265	0.0134185446234647	181
BBIP1	ENSG00000214413	N19 unspecified renal failure	icd_first_occurrence	2345	missense|LC	0.392911736443363	0.773458837949161	0.258948829337961	0.0100908890355387	25
AHI1	ENSG00000135541	N25 impaired renal tubular function	icd_first_occurrence	160	missense|LC	0.396070237031019	0.242130288393456	0.472236981161939	0.0172045217824052	604
IFT172	ENSG00000138002	Q61 cystic kidney disease	icd_first_occurrence	735	missense|LC	0.396536009659476	0.938695206014434	0.23781082781926	0.00051338191644309	835
MKKS	ENSG00000125863	N25 impaired renal tubular function	icd_first_occurrence	160	missense|LC	0.398949546169248	0.360127673145217	0.249051024054525	0.0159835933306242	291
IFT172	ENSG00000138002	N17 acute renal failure	icd_first_occurrence	7312	missense|LC	0.400696772111367	0.759951531274778	0.241060408839931	0.000679743085452602	835
IFT172	ENSG00000138002	N04 nephrotic syndrome	icd_first_occurrence	242	missense|LC	0.401154068352908	0.330767704140283	0.240567768374239	0.0114922220104277	835
ANKS6	ENSG00000165138	Q61 cystic kidney disease	icd_first_occurrence	735	missense|LC	0.403923175662013	0.245127708025372	0.765519442387156	0.00851705352570866	524
BBS1	ENSG00000174483	Q60 renal agenesis / reduction defects	icd_first_occurrence	199	missense|LC	0.404254672434243	0.249540518136326	0.841648035547221	-0.0229577879271116	318
DNAJB11	ENSG00000090520	Q61 cystic kidney disease	icd_first_occurrence	735	missense|LC	0.405671484631114	0.238005941222574	1.0	-0.0399745105691267	165
INVS	ENSG00000119509	N19 unspecified renal failure	icd_first_occurrence	2345	missense|LC	0.405914280598966	0.933328710625323	0.255164982189355	0.000326662936282576	513
AHI1	ENSG00000135541	Q63 other congenital malformations of kidney	icd_first_occurrence	452	missense|LC	0.406982149219711	0.982269321365289	0.250499131165928	0.000108356536356635	604
IFT122	ENSG00000163913	N23 unspecified renal colic	icd_first_occurrence	4304	missense|LC	0.407729623163141	0.241460294572832	0.643951434330982	-0.00384660811183812	652
IFT122	ENSG00000163913	N04 nephrotic syndrome	icd_first_occurrence	242	missense|LC	0.408920589406432	0.556166227236686	0.242443103360082	0.00797004606414664	652
MKKS	ENSG00000125863	I12 hypertensive renal disease	icd_first_occurrence	1513	missense|LC	0.412768873914895	0.537025867539714	0.259850196877917	-0.00358097577675421	291
TMEM231	ENSG00000205084	N28 other disorders of kidney and ureter	icd_first_occurrence	5275	missense|LC	0.412937200677451	0.274689701840943	0.676476996559159	-0.00361938498352555	204
ANKS6	ENSG00000165138	N26 unspecified contracted kidney	icd_first_occurrence	176	missense|LC	0.413303301582593	0.38505895883236	0.250997540433923	0.0126929420874338	524
CEP290	ENSG00000198707	N04 nephrotic syndrome	icd_first_occurrence	242	missense|LC	0.415374981569153	0.950749911557005	0.250801720003091	0.000552990175745886	1033
NEK8	ENSG00000160602	N25 impaired renal tubular function	icd_first_occurrence	160	missense|LC	0.417873676997517	0.75237370293935	0.245638555685671	0.00764540167660315	381
NEK8	ENSG00000160602	N23 unspecified renal colic	icd_first_occurrence	4304	missense|LC	0.421404250683607	0.681356200718196	0.247805864797716	-0.00201447996557163	381
BBS4	ENSG00000140463	N17 acute renal failure	icd_first_occurrence	7312	missense|LC	0.428105945121006	0.259167324026565	0.485319516666654	0.00547977581742525	283
BBS9	ENSG00000122507	Creatinine (enzymatic) in urine	continuous	383774	missense|LC	0.428677597220212	0.265811676984269	0.422257068851579	-0.000376254663466861	436
IFT122	ENSG00000163913	N28 other disorders of kidney and ureter	icd_first_occurrence	5275	missense|LC	0.429697697328371	0.264429819094063	0.301995267566341	0.00329745479559231	652
BBS12	ENSG00000181004	Urea	continuous	376551	missense|LC	0.430293639434313	0.271454532156203	0.722988416032032	-0.0004345767767402	387
SDCCAG8	ENSG00000054282	Q61 cystic kidney disease	icd_first_occurrence	735	missense|LC	0.431011314579288	0.826658634326038	0.264325108125397	0.00269423333167616	332
NPHP1	ENSG00000144061	N04 nephrotic syndrome	icd_first_occurrence	242	missense|LC	0.432445724920524	0.785282004288886	0.26085573306592	0.00597129479759966	317
BBS5	ENSG00000163093	Q61 cystic kidney disease	icd_first_occurrence	735	missense|LC	0.433521203891912	0.298348572651644	0.79357621299934	-0.00970116628574671	150
INVS	ENSG00000119509	N20 calculus of kidney and ureter	icd_first_occurrence	5879	missense|LC	0.439092094465087	0.484599893545301	0.279488436836851	0.00178078864533823	513
BBS9	ENSG00000122507	Q61 cystic kidney disease	icd_first_occurrence	735	missense|LC	0.440031619434522	0.273644295863968	0.990236834225507	-0.00911326726187065	436
IFT140	ENSG00000187535	N26 unspecified contracted kidney	icd_first_occurrence	176	missense|LC	0.440414729045879	0.26531748244548	0.359472892141923	-0.0135259542463621	974
BBS4	ENSG00000140463	N19 unspecified renal failure	icd_first_occurrence	2345	missense|LC	0.441142004416375	0.268386735571718	0.770382121551175	-0.00936338483751031	283
TMEM67	ENSG00000164953	Urea	continuous	376551	missense|LC	0.444060027380496	0.290870276831416	0.447366727975944	-0.0004010664581445	412
NEK8	ENSG00000160602	Q60 renal agenesis / reduction defects	icd_first_occurrence	199	missense|LC	0.445425600933618	0.644574359288786	0.264702130143832	0.009985404453713	381
NEK8	ENSG00000160602	Q63 other congenital malformations of kidney	icd_first_occurrence	452	missense|LC	0.4486842563517	0.266560295405276	0.995338543218299	-0.0168468579595582	381
TMEM237	ENSG00000155755	Q60 renal agenesis / reduction defects	icd_first_occurrence	199	missense|LC	0.449395904389906	0.271356507944687	1.0	-0.040003125511939	181
DNAJB11	ENSG00000090520	N28 other disorders of kidney and ureter	icd_first_occurrence	5275	missense|LC	0.450439641921059	0.954246929879039	0.267439834523193	-0.000686313559354229	165
BBIP1	ENSG00000214413	Creatinine	continuous	376624	missense|LC	0.452899022127428	0.388146358915522	0.293240582993674	0.00204288608761269	25
PKD2	ENSG00000118762	N08 glomerular disorders in dis. class. elsewhere	icd_first_occurrence	531	missense|LC	0.454545053144597	0.315170361672956	0.282136263463827	0.0104630337203568	480
MKS1	ENSG00000011143	N17 acute renal failure	icd_first_occurrence	7312	missense|LC	0.454584972355735	0.282921280903071	0.308387849004205	-0.00294088742431596	315
BBS12	ENSG00000181004	N25 impaired renal tubular function	icd_first_occurrence	160	missense|LC	0.457553937027131	0.851277424065919	0.288055786365439	-0.00372869806176338	387
TMEM216	ENSG00000187049	Q61 cystic kidney disease	icd_first_occurrence	735	missense|LC	0.458242289903091	0.292941759978786	0.323847618512826	-0.0247066273334898	80
ANKS6	ENSG00000165138	Microalbumin in urine	continuous	119013	missense|LC	0.462487037185945	0.28803648996179	0.746417306124029	-0.000618467936087748	524
BBS9	ENSG00000122507	N23 unspecified renal colic	icd_first_occurrence	4304	missense|LC	0.463148350003014	0.818160095206752	0.290219371319551	-0.000793110663719012	436
PKD2	ENSG00000118762	N19 unspecified renal failure	icd_first_occurrence	2345	missense|LC	0.463510398874592	0.289026867659271	0.990180454757228	-0.00538950996563534	480
CC2D2A	ENSG00000048342	Microalbumin in urine	continuous	119013	missense|LC	0.464355193951319	0.282071854355244	0.490525689078501	-0.000708886322370478	757
BBS10	ENSG00000179941	Creatinine	continuous	376624	missense|LC	0.468069128507083	0.32084791605434	0.299034729356768	-0.000329261309717502	369
NPHP3	ENSG00000113971	C64 Malignant neoplasm of kidney	icd10	985	missense|LC	0.468489484369947	0.30283094421172	0.311043455861824	0.00572272962686548	626
MKS1	ENSG00000011143	N28 other disorders of kidney and ureter	icd_first_occurrence	5275	missense|LC	0.470175889143138	0.565589222112671	0.294102008131643	0.00183422290547904	315
ANKS6	ENSG00000165138	N25 impaired renal tubular function	icd_first_occurrence	160	missense|LC	0.47226750629568	0.293315349985399	0.352940658864798	-0.0163646647939473	524
ALG9	ENSG00000086848	N17 acute renal failure	icd_first_occurrence	7312	missense|LC	0.472515929103929	0.6591285782266	0.308600581063735	-0.00186758850998229	291
ZNF423	ENSG00000102935	N08 glomerular disorders in dis. class. elsewhere	icd_first_occurrence	531	missense|LC	0.473286898103787	0.827295645013272	0.285445380427449	0.00214571239089041	669
DYNC2I1	ENSG00000126870	Creatinine	continuous	376624	missense|LC	0.474333643486488	0.462912789147801	0.293493598092417	0.000182534634029428	604
MKS1	ENSG00000011143	C64 Malignant neoplasm of kidney	icd10	985	missense|LC	0.474532357084381	0.297212069092028	0.696810533565813	-0.00763330487512407	315
BBS9	ENSG00000122507	N19 unspecified renal failure	icd_first_occurrence	2345	missense|LC	0.475041957960841	0.733064827977884	0.298663469409304	0.00159011268114504	436
DNAJB11	ENSG00000090520	N23 unspecified renal colic	icd_first_occurrence	4304	missense|LC	0.475300210230004	0.285877052390916	0.714022613338283	-0.0148881145248096	165
RPGRIP1L	ENSG00000103494	N28 other disorders of kidney and ureter	icd_first_occurrence	5275	missense|LC	0.478265743921328	0.288625909029123	0.650785712456301	-0.00297803482650093	625
ANKS6	ENSG00000165138	Creatinine (enzymatic) in urine	continuous	383774	missense|LC	0.478658567124178	0.299190294390901	0.6691126953115	-0.000310930273616005	524
BBS1	ENSG00000174483	Cystatin C	continuous	376784	missense|LC	0.482606575878297	0.649977720720217	0.306241516406319	0.000182475056961447	318
BBS5	ENSG00000163093	C64 Malignant neoplasm of kidney	icd10	985	missense|LC	0.483712276375883	0.338838442619874	0.877702497283573	-0.00770656710510771	150
CEP290	ENSG00000198707	N25 impaired renal tubular function	icd_first_occurrence	160	missense|LC	0.483730239290475	0.53548145938615	0.300185581221831	0.00709254525619608	1033
TMEM216	ENSG00000187049	Cystatin C	continuous	376784	missense|LC	0.488341273717176	0.741559677557503	0.317524208233017	-0.000303612495773614	80
INVS	ENSG00000119509	Microalbumin in urine	continuous	119013	missense|LC	0.488787355911046	0.317106585620628	0.742892670241323	0.000544569904358899	513
NEK8	ENSG00000160602	Q61 cystic kidney disease	icd_first_occurrence	735	missense|LC	0.495245199867366	0.919506691290674	0.299505630606665	0.00116513436595966	381
TMEM237	ENSG00000155755	N26 unspecified contracted kidney	icd_first_occurrence	176	missense|LC	0.499145250275008	0.30780309885711	1.0	-0.0400294069267222	181
BBS9	ENSG00000122507	Q63 other congenital malformations of kidney	icd_first_occurrence	452	missense|LC	0.502348048202785	0.407013340719503	0.318547335023072	-0.00880289890309719	436
LZTFL1	ENSG00000163818	Urea	continuous	376551	missense|LC	0.502388339353099	0.395893344391346	0.312894637099427	0.00109316773992689	106
MKKS	ENSG00000125863	Microalbumin in urine	continuous	119013	missense|LC	0.503420708137086	0.884765711684769	0.328029600770937	-9.2983406886147e-05	291
BBIP1	ENSG00000214413	Creatinine (enzymatic) in urine	continuous	383774	missense|LC	0.5035191640707	0.334125204456385	0.35169289914421	-0.00263992058116295	25
IFT140	ENSG00000187535	Q63 other congenital malformations of kidney	icd_first_occurrence	452	missense|LC	0.507018563680753	0.311462774328829	0.761572068002387	-0.00769164873537557	974
IFT172	ENSG00000138002	Creatinine (enzymatic) in urine	continuous	383774	missense|LC	0.507540772939643	0.913493863316813	0.317651924167585	3.03121338852633e-05	835
TMEM216	ENSG00000187049	Microalbumin in urine	continuous	119013	missense|LC	0.509787446404675	0.410395751194088	0.334674659713699	0.00152052208083487	80
MKKS	ENSG00000125863	N28 other disorders of kidney and ureter	icd_first_occurrence	5275	missense|LC	0.510124247838636	0.504513628863103	0.332884946033172	-0.00207867958763732	291
DNAJB11	ENSG00000090520	N18 chronic renal failure	icd_first_occurrence	14086	missense|LC	0.514341970070807	0.641076492871286	0.312379659956285	0.00361251570839993	165
DYNC2I1	ENSG00000126870	Urea	continuous	376551	missense|LC	0.517833564332683	0.576753513187254	0.325649492577411	0.000166594885182733	604
TTC8	ENSG00000165533	Q63 other congenital malformations of kidney	icd_first_occurrence	452	missense|LC	0.519681896541578	0.34383986559061	0.435509383930969	0.0130293189285323	251
IFT172	ENSG00000138002	N19 unspecified renal failure	icd_first_occurrence	2345	missense|LC	0.520230602216947	0.367432940216385	0.326278573915496	0.00347924783809477	835
NEK8	ENSG00000160602	I12 hypertensive renal disease	icd_first_occurrence	1513	missense|LC	0.520259557578793	0.317810063811473	0.998943797976655	-0.00824888637180791	381
IFT140	ENSG00000187535	C64 Malignant neoplasm of kidney	icd10	985	missense|LC	0.520822829932494	0.624042272112526	0.321831009873569	-0.00250658478506281	974
BBS1	ENSG00000174483	N26 unspecified contracted kidney	icd_first_occurrence	176	missense|LC	0.522233819475921	0.696170093300498	0.333158273473363	-0.00810836331517931	318
BBS9	ENSG00000122507	N20 calculus of kidney and ureter	icd_first_occurrence	5879	missense|LC	0.523236354931892	0.334565083742628	0.817347696836494	-0.00287660487149242	436
ALG9	ENSG00000086848	Q61 cystic kidney disease	icd_first_occurrence	735	missense|LC	0.523358872371093	0.346757614359023	0.626602782778406	0.0122333777167559	291
BBIP1	ENSG00000214413	N20 calculus of kidney and ureter	icd_first_occurrence	5879	missense|LC	0.524938455512035	0.774180764433497	0.347524857032912	0.00700311134519884	25
DNAJB11	ENSG00000090520	Urea	continuous	376551	missense|LC	0.525623708550298	0.322187338331767	0.612331995902088	-0.00137120425203779	165
BBS7	ENSG00000138686	Creatinine (enzymatic) in urine	continuous	383774	missense|LC	0.526904494225931	0.332584569577211	0.813459443841013	0.000549486868305278	259
DYNC2I1	ENSG00000126870	N19 unspecified renal failure	icd_first_occurrence	2345	missense|LC	0.527664596170112	0.711210262469334	0.33261654402067	-0.0015030857836575	604
TMEM237	ENSG00000155755	N25 impaired renal tubular function	icd_first_occurrence	160	missense|LC	0.530946882044775	0.331717806610005	1.0	-0.0400413408524331	181
ALG9	ENSG00000086848	N04 nephrotic syndrome	icd_first_occurrence	242	missense|LC	0.531084244084823	0.352364094099216	0.455315306462952	0.0209014628365379	291
BBS7	ENSG00000138686	N19 unspecified renal failure	icd_first_occurrence	2345	missense|LC	0.53372419066386	0.336590154824691	0.808633382235937	-0.00747285730024265	259
BBS10	ENSG00000179941	N08 glomerular disorders in dis. class. elsewhere	icd_first_occurrence	531	missense|LC	0.536348001569933	0.623490482103316	0.351130283834084	-0.00554961490103794	369
CEP290	ENSG00000198707	Microalbumin in urine	continuous	119013	missense|LC	0.538622266429082	0.342299417944898	0.43414267691628	0.000398022392272342	1033
TMEM237	ENSG00000155755	N18 chronic renal failure	icd_first_occurrence	14086	missense|LC	0.539518755043297	0.338523692564187	0.962806662262806	-0.0042943288875547	181
CEP290	ENSG00000198707	N19 unspecified renal failure	icd_first_occurrence	2345	missense|LC	0.539683597112867	0.343102187518284	0.586571617820126	-0.00287293220371695	1033
BBS5	ENSG00000163093	I12 hypertensive renal disease	icd_first_occurrence	1513	missense|LC	0.542109838842249	0.581462073123574	0.387356030734268	0.00360409174461923	150
TMEM216	ENSG00000187049	C64 Malignant neoplasm of kidney	icd10	985	missense|LC	0.542515113141556	0.359727194165803	0.985404644520212	-0.0187993718641819	80
CC2D2A	ENSG00000048342	C64 Malignant neoplasm of kidney	icd10	985	missense|LC	0.542679816122999	0.339232181865307	0.930758945577572	-0.00694643334431505	757
MKS1	ENSG00000011143	Q61 cystic kidney disease	icd_first_occurrence	735	missense|LC	0.544033784779071	0.349741166898679	0.352483925740494	0.00791192209069843	315
BBS1	ENSG00000174483	N23 unspecified renal colic	icd_first_occurrence	4304	missense|LC	0.544344782827228	0.352887759861505	0.618764439416127	0.00401485416557619	318
BBS12	ENSG00000181004	Creatinine	continuous	376624	missense|LC	0.544579765150871	0.358998298714568	0.803213529457316	-0.000301980286354705	387
NEK8	ENSG00000160602	Creatinine	continuous	376624	missense|LC	0.548060826013443	0.801534192685635	0.338714537457825	-0.000102325869381705	381
IFT140	ENSG00000187535	N23 unspecified renal colic	icd_first_occurrence	4304	missense|LC	0.550051771996549	0.550014751392098	0.34456148475623	0.00149737835119709	974
BBS7	ENSG00000138686	N08 glomerular disorders in dis. class. elsewhere	icd_first_occurrence	531	missense|LC	0.550341835942381	0.350051776430197	0.999771886481561	-0.0152648592426215	259
IFT172	ENSG00000138002	N28 other disorders of kidney and ureter	icd_first_occurrence	5275	missense|LC	0.550797969740737	0.34975320756479	0.573147328752479	0.00243141984627314	835
DYNC2I1	ENSG00000126870	N25 impaired renal tubular function	icd_first_occurrence	160	missense|LC	0.556294458970464	0.494040769610168	0.353549943197939	0.0102883433820465	604
ALG9	ENSG00000086848	I12 hypertensive renal disease	icd_first_occurrence	1513	missense|LC	0.556537536545518	0.376801486434248	0.89754716176035	-0.00817488421790394	291
BBS12	ENSG00000181004	C64 Malignant neoplasm of kidney	icd10	985	missense|LC	0.558612937516837	0.598441489124787	0.370833315159105	0.00431258928045111	387
BBIP1	ENSG00000214413	N28 other disorders of kidney and ureter	icd_first_occurrence	5275	missense|LC	0.561384841771977	0.801503939438162	0.381147375977625	0.00594174962662874	25
PKD2	ENSG00000118762	C64 Malignant neoplasm of kidney	icd10	985	missense|LC	0.561797613448068	0.364496040871698	0.999905915023387	-0.00701261769063212	480
BBS10	ENSG00000179941	Cystatin C	continuous	376784	missense|LC	0.561914018607328	0.372362201772895	0.616604027880411	-0.000333349039940583	369
CEP290	ENSG00000198707	N17 acute renal failure	icd_first_occurrence	7312	missense|LC	0.563166790947853	0.361912172878249	0.43953235046712	0.00158521112203135	1033
NPHP1	ENSG00000144061	N28 other disorders of kidney and ureter	icd_first_occurrence	5275	missense|LC	0.563363354108658	0.859437184639739	0.356767071728924	0.000839578126986666	317
BBS10	ENSG00000179941	Microalbumin in urine	continuous	119013	missense|LC	0.563602958358804	0.931002419224917	0.374128534700152	6.40982141394964e-05	369
BBS12	ENSG00000181004	N04 nephrotic syndrome	icd_first_occurrence	242	missense|LC	0.564417198457581	0.716201520959975	0.372811004756313	0.00597921993603677	387
ANKS6	ENSG00000165138	Creatinine	continuous	376624	missense|LC	0.565085701980155	0.552242749269878	0.36561628924108	-0.000150924563877187	524
BBS5	ENSG00000163093	N19 unspecified renal failure	icd_first_occurrence	2345	missense|LC	0.565248492528085	0.405937429583999	0.919777035324606	0.00435022663447232	150
SDCCAG8	ENSG00000054282	N17 acute renal failure	icd_first_occurrence	7312	missense|LC	0.566797408126896	0.367444228297021	0.947395207763428	-0.00362813908692675	332
PKD2	ENSG00000118762	N28 other disorders of kidney and ureter	icd_first_occurrence	5275	missense|LC	0.570732561081783	0.670892535029211	0.371909804370409	0.00144355782566372	480
TMEM216	ENSG00000187049	Creatinine	continuous	376624	missense|LC	0.570909633659645	0.446573844248899	0.383548041722801	0.00062288935472934	80
TMEM216	ENSG00000187049	Q60 renal agenesis / reduction defects	icd_first_occurrence	199	missense|LC	0.572135737601396	0.38532829000227	0.997960127784908	-0.0394940244538065	80
NEK8	ENSG00000160602	N04 nephrotic syndrome	icd_first_occurrence	242	missense|LC	0.576187565763101	0.361100055063317	0.992973536687163	-0.0186543239683296	381
BBS1	ENSG00000174483	N18 chronic renal failure	icd_first_occurrence	14086	missense|LC	0.576532992769118	0.380241891117588	0.860934546027695	-0.00216092369549064	318
BBS7	ENSG00000138686	Q63 other congenital malformations of kidney	icd_first_occurrence	452	missense|LC	0.577058916345455	0.569046231152065	0.371040129934467	-0.00993046699369499	259
BBS4	ENSG00000140463	I12 hypertensive renal disease	icd_first_occurrence	1513	missense|LC	0.577338911428462	0.370770599347299	0.465196376350484	-0.00946425817480378	283
BBS4	ENSG00000140463	Urea	continuous	376551	missense|LC	0.577576409005097	0.474962526895933	0.371806520427176	0.000447519574531818	283
BBS1	ENSG00000174483	Microalbumin in urine	continuous	119013	missense|LC	0.577732551375851	0.381115282067349	0.777010117706908	-0.000710642432123572	318
TMEM67	ENSG00000164953	Q61 cystic kidney disease	icd_first_occurrence	735	missense|LC	0.578314247599251	0.663482299819701	0.396407306410433	0.00395773528924758	412
BBS9	ENSG00000122507	N08 glomerular disorders in dis. class. elsewhere	icd_first_occurrence	531	missense|LC	0.579993932954641	0.432677154563886	0.379538868090375	0.00759286382911301	436
AHI1	ENSG00000135541	Cystatin C	continuous	376784	missense|LC	0.582396217480561	0.755391437173517	0.384063033517419	-8.45642366829405e-05	604
ZNF423	ENSG00000102935	C64 Malignant neoplasm of kidney	icd10	985	missense|LC	0.586905998436596	0.370970730879439	0.486561446410785	-0.00647627324006451	669
MKS1	ENSG00000011143	Q60 renal agenesis / reduction defects	icd_first_occurrence	199	missense|LC	0.588114257773655	0.754207495760824	0.383950009099428	-0.00497559565545727	315
MKS1	ENSG00000011143	N26 unspecified contracted kidney	icd_first_occurrence	176	missense|LC	0.588147775519838	0.385118823883054	0.993619078325133	-0.0149901042203829	315
NEK8	ENSG00000160602	N26 unspecified contracted kidney	icd_first_occurrence	176	missense|LC	0.589216671761218	0.439435687249026	0.373375069822748	0.0183820533551604	381
PKD2	ENSG00000118762	Urea	continuous	376551	missense|LC	0.589595570196842	0.477277949290271	0.387793309828237	-0.00026411006193425	480
NPHP3	ENSG00000113971	N17 acute renal failure	icd_first_occurrence	7312	missense|LC	0.590049701454763	0.394736249281563	0.741140329107924	-0.00178258322349993	626
TMEM231	ENSG00000205084	Creatinine (enzymatic) in urine	continuous	383774	missense|LC	0.590631981245388	0.418168312876233	0.874550083083228	-0.000289060286732011	204
DNAJB11	ENSG00000090520	Q63 other congenital malformations of kidney	icd_first_occurrence	452	missense|LC	0.595683464530387	0.896130620257881	0.380406512000257	0.00530687255831253	165
TTC8	ENSG00000165533	Creatinine	continuous	376624	missense|LC	0.598501359903667	0.411414543572961	0.58701567079984	0.000306101883766122	251
MKKS	ENSG00000125863	N08 glomerular disorders in dis. class. elsewhere	icd_first_occurrence	531	missense|LC	0.59851539618657	0.404702623070212	0.68694494386272	-0.00815192500322545	291
TMEM231	ENSG00000205084	Q60 renal agenesis / reduction defects	icd_first_occurrence	199	missense|LC	0.601165276478047	0.433848979705745	0.425003617210314	0.0131136787245515	204
ALG9	ENSG00000086848	N08 glomerular disorders in dis. class. elsewhere	icd_first_occurrence	531	missense|LC	0.60131619234308	0.9368087145576	0.41216301567616	-0.00117111369545268	291
BBIP1	ENSG00000214413	N23 unspecified renal colic	icd_first_occurrence	4304	missense|LC	0.603046156682182	0.414773865994792	0.999989234508831	-0.0226284380535825	25
ANKS6	ENSG00000165138	N23 unspecified renal colic	icd_first_occurrence	4304	missense|LC	0.603408780025734	0.768678541858579	0.396505682644399	-0.000909868402200248	524
IFT122	ENSG00000163913	C64 Malignant neoplasm of kidney	icd10	985	missense|LC	0.603616346943687	0.481102597157314	0.386175660496418	0.00472299942263898	652
ZNF423	ENSG00000102935	N19 unspecified renal failure	icd_first_occurrence	2345	missense|LC	0.606756436016425	0.387532374315652	0.617544417880341	-0.00411729193514448	669
MKKS	ENSG00000125863	Q60 renal agenesis / reduction defects	icd_first_occurrence	199	missense|LC	0.607506848294013	0.659251095443773	0.411929067323881	-0.00693689150505082	291
NPHP3	ENSG00000113971	N18 chronic renal failure	icd_first_occurrence	14086	missense|LC	0.608975318856702	0.410585009921643	0.759442576186676	-0.00126158588449366	626
BBS7	ENSG00000138686	Q60 renal agenesis / reduction defects	icd_first_occurrence	199	missense|LC	0.613505420428106	0.398869990478251	0.58239513693008	-0.0221453234550628	259
NPHP1	ENSG00000144061	Urea	continuous	376551	missense|LC	0.61497243625896	0.39913989141628	0.939322055543799	0.000439343493905946	317
TTC8	ENSG00000165533	Q61 cystic kidney disease	icd_first_occurrence	735	missense|LC	0.615122837580164	0.425647003085485	0.715490405242183	-0.00867831686053198	251
TMEM231	ENSG00000205084	Q63 other congenital malformations of kidney	icd_first_occurrence	452	missense|LC	0.618628095597888	0.441322833348585	0.708199406609344	0.00863891216458432	204
PKD2	ENSG00000118762	I12 hypertensive renal disease	icd_first_occurrence	1513	missense|LC	0.620901873426293	0.955601407253068	0.413768970897526	0.000345252385169624	480
ZNF423	ENSG00000102935	N25 impaired renal tubular function	icd_first_occurrence	160	missense|LC	0.622663998443289	0.401119416891584	0.985721132741879	-0.015017326590066	669
TMEM231	ENSG00000205084	N26 unspecified contracted kidney	icd_first_occurrence	176	missense|LC	0.627110794304405	0.888532733460691	0.449595673861746	0.0024981452938859	204
BBS2	ENSG00000125124	I12 hypertensive renal disease	icd_first_occurrence	1513	missense|LC	0.63029414079783	0.397834608207757	0.997214176946913	-0.00924690084539727	339
TMEM216	ENSG00000187049	N25 impaired renal tubular function	icd_first_occurrence	160	missense|LC	0.634351504522033	0.438684474908465	0.999861125083319	-0.0395148884787288	80
NPHP3	ENSG00000113971	Q61 cystic kidney disease	icd_first_occurrence	735	missense|LC	0.634713397399374	0.432697150766281	0.574909008888013	0.00503852428120798	626
BBS1	ENSG00000174483	N20 calculus of kidney and ureter	icd_first_occurrence	5879	missense|LC	0.634787254003778	0.428443069422918	0.567881750366365	-0.0029280673936653	318
ALG9	ENSG00000086848	N19 unspecified renal failure	icd_first_occurrence	2345	missense|LC	0.636132275760165	0.447370607020314	0.944981083753531	-0.00562682362895442	291
IFT172	ENSG00000138002	Q63 other congenital malformations of kidney	icd_first_occurrence	452	missense|LC	0.638717629444404	0.50682908469206	0.419986957883801	0.00579031922166626	835
TMEM237	ENSG00000155755	N23 unspecified renal colic	icd_first_occurrence	4304	missense|LC	0.639508362746499	0.683435126004225	0.419081600048378	0.00322365804432489	181
LZTFL1	ENSG00000163818	Q63 other congenital malformations of kidney	icd_first_occurrence	452	missense|LC	0.64031080970224	0.991989344443457	0.425487010041065	0.000185106326561346	106
AHI1	ENSG00000135541	Microalbumin in urine	continuous	119013	missense|LC	0.641188217563512	0.848736946902738	0.433617921350019	-0.0001033305471703	604
NPHP3	ENSG00000113971	N26 unspecified contracted kidney	icd_first_occurrence	176	missense|LC	0.641242779583847	0.438773380371117	0.997211485128756	-0.0102976937105972	626
BBS1	ENSG00000174483	Q63 other congenital malformations of kidney	icd_first_occurrence	452	missense|LC	0.642729821942418	0.753780303555019	0.435091067404856	0.00414080878044243	318
BBS5	ENSG00000163093	N04 nephrotic syndrome	icd_first_occurrence	242	missense|LC	0.647214498989353	0.522974875417953	0.480031955759847	-0.0103545479114561	150
TMEM67	ENSG00000164953	Creatinine	continuous	376624	missense|LC	0.649482713353648	0.666825488113811	0.460986157768865	-0.000136161197051626	412
TMEM237	ENSG00000155755	N19 unspecified renal failure	icd_first_occurrence	2345	missense|LC	0.650050315784235	0.589038521260859	0.426781124264066	-0.00558402983387175	181
TMEM67	ENSG00000164953	Q60 renal agenesis / reduction defects	icd_first_occurrence	199	missense|LC	0.651005506337261	0.947822566181132	0.458323393156291	0.00112957202046817	412
AHI1	ENSG00000135541	N18 chronic renal failure	icd_first_occurrence	14086	missense|LC	0.653467674633057	0.444836090684336	0.871651405749628	0.00127211157379972	604
TMEM67	ENSG00000164953	C64 Malignant neoplasm of kidney	icd10	985	missense|LC	0.654459667421416	0.873066011399087	0.463890639585469	0.00125528354728917	412
BBS10	ENSG00000179941	N17 acute renal failure	icd_first_occurrence	7312	missense|LC	0.654989114656788	0.453956538627819	0.922492614088735	0.00233172850729004	369
CC2D2A	ENSG00000048342	N08 glomerular disorders in dis. class. elsewhere	icd_first_occurrence	531	missense|LC	0.655464177507848	0.532224054065821	0.430259056147022	-0.00609863368243255	757
IFT140	ENSG00000187535	N04 nephrotic syndrome	icd_first_occurrence	242	missense|LC	0.656632152939197	0.432615020884409	0.997023044720823	-0.00818750976987763	974
IFT122	ENSG00000163913	N17 acute renal failure	icd_first_occurrence	7312	missense|LC	0.658982414366178	0.433707264518677	0.555749613562061	-0.00198524824667557	652
BBS9	ENSG00000122507	Cystatin C	continuous	376784	missense|LC	0.659127168162372	0.763009380818593	0.450245892000572	-9.7430952258654e-05	436
MKS1	ENSG00000011143	Cystatin C	continuous	376784	missense|LC	0.6593005775066	0.447395033473054	0.472554715537222	0.000248646393789056	315
BBS5	ENSG00000163093	Urea	continuous	376551	missense|LC	0.660166920221352	0.712952295507544	0.491797235453855	-0.000140370823352196	150
RPGRIP1L	ENSG00000103494	N04 nephrotic syndrome	icd_first_occurrence	242	missense|LC	0.660345244316611	0.802594409585313	0.43162843812218	0.00318270045660514	625
TTC8	ENSG00000165533	Cystatin C	continuous	376784	missense|LC	0.660854104605364	0.476390796713289	0.467024701316613	0.000299061917484418	251
BBS2	ENSG00000125124	N20 calculus of kidney and ureter	icd_first_occurrence	5879	missense|LC	0.663337578264725	0.59663964228512	0.424089678360642	-0.00298277533862637	339
MKS1	ENSG00000011143	Creatinine (enzymatic) in urine	continuous	383774	missense|LC	0.663379183455342	0.451180659026163	0.904752270207045	-0.000258187010543586	315
BBS9	ENSG00000122507	N25 impaired renal tubular function	icd_first_occurrence	160	missense|LC	0.666201697672616	0.454582583740383	0.472913134841983	-0.013307475647164	436
NEK8	ENSG00000160602	N19 unspecified renal failure	icd_first_occurrence	2345	missense|LC	0.6674612135752	0.9940340396113	0.435987481859467	3.15751495257527e-05	381
BBS2	ENSG00000125124	Q63 other congenital malformations of kidney	icd_first_occurrence	452	missense|LC	0.670402558249544	0.601760391882081	0.430832364057072	0.0101090522589257	339
TTC8	ENSG00000165533	N25 impaired renal tubular function	icd_first_occurrence	160	missense|LC	0.671162016507692	0.475794846757228	1.0	-0.0167470796121222	251
SDCCAG8	ENSG00000054282	Q60 renal agenesis / reduction defects	icd_first_occurrence	199	missense|LC	0.672745889032346	0.954282315069901	0.457329109607169	0.00135098039024049	332
RPGRIP1L	ENSG00000103494	Creatinine	continuous	376624	missense|LC	0.675081551104904	0.444414366128734	0.549424064364567	-0.000195953566825664	625
INVS	ENSG00000119509	N08 glomerular disorders in dis. class. elsewhere	icd_first_occurrence	531	missense|LC	0.677247562199548	0.477183886979631	0.502520716925386	0.0059974938062743	513
BBS12	ENSG00000181004	Creatinine (enzymatic) in urine	continuous	383774	missense|LC	0.677257191029137	0.477086267932128	0.869432064517863	-0.000275553857493777	387
LZTFL1	ENSG00000163818	N17 acute renal failure	icd_first_occurrence	7312	missense|LC	0.677486108634871	0.729348750551459	0.454849319362536	0.00356250371245334	106
IFT172	ENSG00000138002	C64 Malignant neoplasm of kidney	icd10	985	missense|LC	0.679981337226952	0.456812786866618	0.596722775155698	0.00435369975392256	835
CC2D2A	ENSG00000048342	N26 unspecified contracted kidney	icd_first_occurrence	176	missense|LC	0.684924896787719	0.545511593654602	0.455459303450231	-0.010200461275235	757
IFT122	ENSG00000163913	Creatinine (enzymatic) in urine	continuous	383774	missense|LC	0.685000347805981	0.938132871911516	0.456895681365187	2.48032758906428e-05	652
CEP290	ENSG00000198707	Q61 cystic kidney disease	icd_first_occurrence	735	missense|LC	0.686560286504356	0.467084316011318	0.780180058789173	-0.00391216556893773	1033
BBS5	ENSG00000163093	Microalbumin in urine	continuous	119013	missense|LC	0.688362425988896	0.795011820809572	0.52004531852613	-0.000185981964468831	150
IFT140	ENSG00000187535	N18 chronic renal failure	icd_first_occurrence	14086	missense|LC	0.693289122456987	0.465534068573206	0.516649183295874	-0.00103433198698662	974
IFT122	ENSG00000163913	N18 chronic renal failure	icd_first_occurrence	14086	missense|LC	0.693999772661412	0.497663929881562	0.464519343709301	0.00126410744206069	652
LZTFL1	ENSG00000163818	N28 other disorders of kidney and ureter	icd_first_occurrence	5275	missense|LC	0.697062597137097	0.472279412911713	0.765153832872525	0.00844348026514939	106
ZNF423	ENSG00000102935	Q61 cystic kidney disease	icd_first_occurrence	735	missense|LC	0.697372137844494	0.465777058368158	0.583473260468726	0.00609537255493428	669
ZNF423	ENSG00000102935	Creatinine (enzymatic) in urine	continuous	383774	missense|LC	0.699055065344621	0.744936450596022	0.467888683294848	-0.000111450313151115	669
BBS1	ENSG00000174483	Creatinine	continuous	376624	missense|LC	0.69912823596664	0.48966372159401	0.6382564835861	-0.000246719376151417	318
BBS12	ENSG00000181004	Q63 other congenital malformations of kidney	icd_first_occurrence	452	missense|LC	0.699405840650423	0.497006614140287	0.913247582336889	-0.00829665011900487	387
TMEM67	ENSG00000164953	Microalbumin in urine	continuous	119013	missense|LC	0.700953657110513	0.50754205393409	0.952987714375851	-0.000475846758170772	412
MKS1	ENSG00000011143	Urea	continuous	376551	missense|LC	0.701145295610045	0.786400367319636	0.486957435027075	9.44906514095676e-05	315
CEP290	ENSG00000198707	N28 other disorders of kidney and ureter	icd_first_occurrence	5275	missense|LC	0.702419758278439	0.949353019339886	0.48221867033416	0.00012923496052403	1033
AHI1	ENSG00000135541	N19 unspecified renal failure	icd_first_occurrence	2345	missense|LC	0.703118436702633	0.491163187846222	0.95119566746469	-0.00272669141684382	604
BBS5	ENSG00000163093	N23 unspecified renal colic	icd_first_occurrence	4304	missense|LC	0.703342806897713	0.734785152690212	0.533469951270054	-0.00131122550146251	150
ANKS6	ENSG00000165138	Cystatin C	continuous	376784	missense|LC	0.706206254173088	0.930175488185353	0.489209719138584	-2.50507285175203e-05	524
TMEM237	ENSG00000155755	Cystatin C	continuous	376784	missense|LC	0.707542635065809	0.486217795803094	0.480693051926277	0.000509669510786635	181
NPHP1	ENSG00000144061	Q61 cystic kidney disease	icd_first_occurrence	735	missense|LC	0.709620745577655	0.629668971449686	0.482287770242104	0.00593954414931516	317
BBS4	ENSG00000140463	N28 other disorders of kidney and ureter	icd_first_occurrence	5275	missense|LC	0.710872561142888	0.924463703409271	0.486370280557878	0.000537909731488376	283
DYNC2I1	ENSG00000126870	N26 unspecified contracted kidney	icd_first_occurrence	176	missense|LC	0.716328482938634	0.559526036435696	0.494808210463424	0.00848571823896428	604
BBS10	ENSG00000179941	Q63 other congenital malformations of kidney	icd_first_occurrence	452	missense|LC	0.717564544938813	0.702459546185893	0.512873589542416	0.0046053087407811	369
SDCCAG8	ENSG00000054282	Q63 other congenital malformations of kidney	icd_first_occurrence	452	missense|LC	0.722534884676697	0.578107615101733	0.504479050169553	0.0086968710493472	332
RPGRIP1L	ENSG00000103494	N08 glomerular disorders in dis. class. elsewhere	icd_first_occurrence	531	missense|LC	0.72336946337595	0.488847920213678	0.999588050720645	-0.00601520783470599	625
ALG9	ENSG00000086848	N20 calculus of kidney and ureter	icd_first_occurrence	5879	missense|LC	0.724157456222353	0.538094315509608	0.596467049745414	0.00292094988004926	291
CEP290	ENSG00000198707	N23 unspecified renal colic	icd_first_occurrence	4304	missense|LC	0.725108256304608	0.503540122312061	0.953147547073474	0.0015158552080833	1033
TTC8	ENSG00000165533	N19 unspecified renal failure	icd_first_occurrence	2345	missense|LC	0.727700999469769	0.530397020095501	0.634271611279267	0.00383236390344136	251
TTC8	ENSG00000165533	N17 acute renal failure	icd_first_occurrence	7312	missense|LC	0.733203971287563	0.536692677438945	0.924241637509383	-0.00216947371275601	251
DNAJB11	ENSG00000090520	N04 nephrotic syndrome	icd_first_occurrence	242	missense|LC	0.734324161239573	0.496727480001754	1.0	-0.0399872870461013	165
ALG9	ENSG00000086848	N25 impaired renal tubular function	icd_first_occurrence	160	missense|LC	0.735955001069649	0.619578079806127	0.54628412521485	0.013748444289432	291
SDCCAG8	ENSG00000054282	I12 hypertensive renal disease	icd_first_occurrence	1513	missense|LC	0.736573399292865	0.638684888881973	0.518972392818446	0.0040737140503603	332
BBS9	ENSG00000122507	Q60 renal agenesis / reduction defects	icd_first_occurrence	199	missense|LC	0.736924242170194	0.560089866971641	0.519633312522125	0.00866299899291466	436
BBS7	ENSG00000138686	N04 nephrotic syndrome	icd_first_occurrence	242	missense|LC	0.737278443208728	0.516743879055028	0.531887846043738	0.0155107265614081	259
TMEM67	ENSG00000164953	N04 nephrotic syndrome	icd_first_occurrence	242	missense|LC	0.737943477784093	1.0	0.54298906430166	9.50564445478249e-06	412
BBS1	ENSG00000174483	N19 unspecified renal failure	icd_first_occurrence	2345	missense|LC	0.739262092014585	0.528981862419658	0.852703861326752	-0.0036730254133708	318
DYNC2I1	ENSG00000126870	Q63 other congenital malformations of kidney	icd_first_occurrence	452	missense|LC	0.740245971146115	0.604781822915115	0.519168682088919	-0.00473521281534399	604
NPHP3	ENSG00000113971	N08 glomerular disorders in dis. class. elsewhere	icd_first_occurrence	531	missense|LC	0.740732638152838	0.795217089688592	0.531731932518446	0.00194611800656975	626
BBIP1	ENSG00000214413	N17 acute renal failure	icd_first_occurrence	7312	missense|LC	0.741034151404003	0.550798772149713	0.761712186890213	-0.011956685722766	25
TMEM67	ENSG00000164953	N17 acute renal failure	icd_first_occurrence	7312	missense|LC	0.741199081093662	0.549337144032264	0.806010596972726	-0.00177166458403462	412
CC2D2A	ENSG00000048342	N23 unspecified renal colic	icd_first_occurrence	4304	missense|LC	0.744236801706401	0.791969156592933	0.513300870370673	0.000933733270567225	757
DNAJB11	ENSG00000090520	N20 calculus of kidney and ureter	icd_first_occurrence	5879	missense|LC	0.74596654924866	0.506453722094316	0.898716751828426	-0.00792687438667405	165
TMEM67	ENSG00000164953	N20 calculus of kidney and ureter	icd_first_occurrence	5879	missense|LC	0.746558717835881	0.5541921898794	0.796460717011357	0.00194427798096996	412
INVS	ENSG00000119509	N23 unspecified renal colic	icd_first_occurrence	4304	missense|LC	0.747380063100508	0.54574469737257	0.830539488045197	-0.00179519694563813	513
AHI1	ENSG00000135541	N17 acute renal failure	icd_first_occurrence	7312	missense|LC	0.749755783241719	0.54736263438003	0.538057204750824	0.0013677816592577	604
CEP290	ENSG00000198707	Urea	continuous	376551	missense|LC	0.749761361701598	0.529179353747757	0.672909562207503	0.000140425674289737	1033
BBS4	ENSG00000140463	Q60 renal agenesis / reduction defects	icd_first_occurrence	199	missense|LC	0.750746619297856	0.527550482987435	0.932607755324167	-0.0180316394334414	283
IFT172	ENSG00000138002	N08 glomerular disorders in dis. class. elsewhere	icd_first_occurrence	531	missense|LC	0.75104167955057	0.525406231909883	0.686805472931717	-0.0050670872785266	835
PKD2	ENSG00000118762	N04 nephrotic syndrome	icd_first_occurrence	242	missense|LC	0.751656056677517	0.918196871964167	0.535852009808768	0.00159650007835029	480
RPGRIP1L	ENSG00000103494	N25 impaired renal tubular function	icd_first_occurrence	160	missense|LC	0.752293887374737	0.518163516861822	0.602412933899475	-0.0100723997479548	625
TMEM231	ENSG00000205084	N25 impaired renal tubular function	icd_first_occurrence	160	missense|LC	0.752525497295967	0.576969336350864	0.72819013795271	-0.0105345779098428	204
BBS2	ENSG00000125124	N28 other disorders of kidney and ureter	icd_first_occurrence	5275	missense|LC	0.752594243587579	0.50815864946714	0.727415922373211	0.00391331652255732	339
ANKS6	ENSG00000165138	N17 acute renal failure	icd_first_occurrence	7312	missense|LC	0.752647057815918	0.763106828712471	0.535305966294265	0.000723036112460021	524
CEP290	ENSG00000198707	N18 chronic renal failure	icd_first_occurrence	14086	missense|LC	0.752837106614961	0.887827089983039	0.531720973918938	-0.000180486605035439	1033
TMEM231	ENSG00000205084	Cystatin C	continuous	376784	missense|LC	0.753953721626268	0.936684521059085	0.580627378884384	-2.70598017152412e-05	204
TMEM216	ENSG00000187049	N28 other disorders of kidney and ureter	icd_first_occurrence	5275	missense|LC	0.755721400864959	0.559660596874093	0.718002730149574	0.00515496128255877	80
BBS1	ENSG00000174483	Urea	continuous	376551	missense|LC	0.756786081796895	0.776419159552701	0.549062439499301	0.000121764063098185	318
CC2D2A	ENSG00000048342	N20 calculus of kidney and ureter	icd_first_occurrence	5879	missense|LC	0.757155604402953	0.558555174653915	0.527079168108094	0.0017806722463781	757
CEP290	ENSG00000198707	Creatinine (enzymatic) in urine	continuous	383774	missense|LC	0.759299069013654	0.539027713885202	0.921053461262504	0.000134814750461409	1033
CC2D2A	ENSG00000048342	I12 hypertensive renal disease	icd_first_occurrence	1513	missense|LC	0.759697115197319	0.608561292316504	0.529370686185649	0.00300106300469744	757
INVS	ENSG00000119509	N04 nephrotic syndrome	icd_first_occurrence	242	missense|LC	0.76006957309474	0.645540205092988	0.55807388739634	-0.00567180221015635	513
BBS1	ENSG00000174483	Creatinine (enzymatic) in urine	continuous	383774	missense|LC	0.760127626424402	0.713015795897276	0.552717070450492	0.000155282824699634	318
MKKS	ENSG00000125863	Urea	continuous	376551	missense|LC	0.761607760561181	0.927601750448873	0.563295763310302	3.09722376547121e-05	291
LZTFL1	ENSG00000163818	N26 unspecified contracted kidney	icd_first_occurrence	176	missense|LC	0.76227526887038	0.538754592586881	1.0	-0.0401611530340873	106
BBS1	ENSG00000174483	N17 acute renal failure	icd_first_occurrence	7312	missense|LC	0.763371270978901	0.609235704863284	0.555697509356473	0.0017197707335026	318
SDCCAG8	ENSG00000054282	Creatinine	continuous	376624	missense|LC	0.76559742401941	0.55137346971613	0.872680240277377	0.000256588122153812	332
NEK8	ENSG00000160602	N20 calculus of kidney and ureter	icd_first_occurrence	5879	missense|LC	0.768327153093599	0.53139135655506	0.897763596762895	0.00266143799630698	381
TMEM67	ENSG00000164953	N28 other disorders of kidney and ureter	icd_first_occurrence	5275	missense|LC	0.769470730115219	0.579517415769636	0.965813484852541	-0.00192035239147167	412
SDCCAG8	ENSG00000054282	N08 glomerular disorders in dis. class. elsewhere	icd_first_occurrence	531	missense|LC	0.771627119840141	0.851644332389018	0.554643746958769	-0.00272562600312735	332
DNAJB11	ENSG00000090520	N19 unspecified renal failure	icd_first_occurrence	2345	missense|LC	0.771667985180484	0.82583616468274	0.533399995806176	0.00400304468147549	165
BBS5	ENSG00000163093	Cystatin C	continuous	376784	missense|LC	0.771765816320026	0.605019773259243	0.803106738048144	-0.000185416344743345	150
INVS	ENSG00000119509	N25 impaired renal tubular function	icd_first_occurrence	160	missense|LC	0.774772891681726	0.573430220824512	0.579513483630405	0.00848880726299284	513
BBS4	ENSG00000140463	N20 calculus of kidney and ureter	icd_first_occurrence	5879	missense|LC	0.776311548887868	0.85236989302262	0.553540637958418	-0.00100970119773992	283
BBS9	ENSG00000122507	C64 Malignant neoplasm of kidney	icd10	985	missense|LC	0.776625607644568	0.57022880028663	0.735665998959948	0.00403659374713672	436
IFT140	ENSG00000187535	N19 unspecified renal failure	icd_first_occurrence	2345	missense|LC	0.779812302607189	0.683708863817928	0.55200441460628	-0.00138040046947644	974
ZNF423	ENSG00000102935	Urea	continuous	376551	missense|LC	0.779929921867608	0.891906442181936	0.54865117474746	4.74095895051086e-05	669
BBS7	ENSG00000138686	N28 other disorders of kidney and ureter	icd_first_occurrence	5275	missense|LC	0.780048911323807	0.567162393294212	0.973465046440928	-0.00299676338897904	259
RPGRIP1L	ENSG00000103494	Microalbumin in urine	continuous	119013	missense|LC	0.782122136781288	0.550984756910827	0.81952332716294	-0.000343849864810027	625
NPHP3	ENSG00000113971	Q60 renal agenesis / reduction defects	icd_first_occurrence	199	missense|LC	0.78325608407521	0.577810051635748	0.623245006863137	-0.00688713237397779	626
ANKS6	ENSG00000165138	N18 chronic renal failure	icd_first_occurrence	14086	missense|LC	0.783432442687977	0.568973988401433	0.675136693532207	0.00100075762225577	524
IFT172	ENSG00000138002	Urea	continuous	376551	missense|LC	0.786120080752464	0.564708616360571	0.582298269976466	0.000164644033637633	835
CC2D2A	ENSG00000048342	N17 acute renal failure	icd_first_occurrence	7312	missense|LC	0.787108013509014	0.55981810254128	0.966633187332659	-0.00159468518619317	757
NEK8	ENSG00000160602	C64 Malignant neoplasm of kidney	icd10	985	missense|LC	0.787518089052896	0.719482841804734	0.552231603325173	0.00357892249358336	381
DNAJB11	ENSG00000090520	N17 acute renal failure	icd_first_occurrence	7312	missense|LC	0.789888265651154	0.552593551944933	0.999916449366587	-0.00632252294567945	165
IFT122	ENSG00000163913	N25 impaired renal tubular function	icd_first_occurrence	160	missense|LC	0.792483585519329	0.700038491163651	0.563432764732289	0.00621307877394305	652
SDCCAG8	ENSG00000054282	N18 chronic renal failure	icd_first_occurrence	14086	missense|LC	0.793088311809002	0.745032154200138	0.580688265803297	0.000962131908479235	332
BBS2	ENSG00000125124	N08 glomerular disorders in dis. class. elsewhere	icd_first_occurrence	531	missense|LC	0.794650763808287	0.55433020501384	0.600257249022825	0.0106230047748241	339
PKD1	ENSG00000008710	Creatinine (enzymatic) in urine	continuous	383774	missense|LC	0.794792006932529	0.560366936160073	0.840189040610014	-6.19967817050781e-05	3733
DNAJB11	ENSG00000090520	N26 unspecified contracted kidney	icd_first_occurrence	176	missense|LC	0.795157859220798	0.56039619837396	1.0	-0.0398636927820962	165
PKD2	ENSG00000118762	N23 unspecified renal colic	icd_first_occurrence	4304	missense|LC	0.796473977996964	0.678143716143428	0.58427662413969	0.00156691620929437	480
BBS10	ENSG00000179941	N23 unspecified renal colic	icd_first_occurrence	4304	missense|LC	0.799183349489311	0.611649242118815	0.755779026842803	-0.002065123839141	369
NPHP1	ENSG00000144061	Q63 other congenital malformations of kidney	icd_first_occurrence	452	missense|LC	0.799508106430096	0.826913188306783	0.585191380833133	0.00351813487194878	317
TTC8	ENSG00000165533	I12 hypertensive renal disease	icd_first_occurrence	1513	missense|LC	0.800204380578788	0.610206031636571	0.804074670556845	0.00387761576742107	251
DNAJB11	ENSG00000090520	N08 glomerular disorders in dis. class. elsewhere	icd_first_occurrence	531	missense|LC	0.804789469002245	1.0	0.5780736267917	-0.000209053545902463	165
BBS12	ENSG00000181004	N23 unspecified renal colic	icd_first_occurrence	4304	missense|LC	0.806222558696253	0.623254155666837	0.712010964945254	-0.00195393168639389	387
LZTFL1	ENSG00000163818	N23 unspecified renal colic	icd_first_occurrence	4304	missense|LC	0.808086892019372	0.593160717683617	0.953536076194473	-0.00696074497189144	106
LZTFL1	ENSG00000163818	Microalbumin in urine	continuous	119013	missense|LC	0.810030259082613	0.600380749832835	0.791576555194368	-0.00125903251234579	106
SDCCAG8	ENSG00000054282	N23 unspecified renal colic	icd_first_occurrence	4304	missense|LC	0.810153140918346	0.786605644674984	0.600154083999063	-0.00142011702551972	332
NPHP1	ENSG00000144061	N19 unspecified renal failure	icd_first_occurrence	2345	missense|LC	0.810746007045438	0.599511585097287	0.620077355408025	0.00371724585539583	317
TMEM231	ENSG00000205084	Urea	continuous	376551	missense|LC	0.811196765989461	0.80787538243983	0.649866103981971	-8.8373941624376e-05	204
SDCCAG8	ENSG00000054282	Microalbumin in urine	continuous	119013	missense|LC	0.811719419141746	0.911848030944082	0.603210709015356	-0.000107310200450388	332
BBS10	ENSG00000179941	N28 other disorders of kidney and ureter	icd_first_occurrence	5275	missense|LC	0.817394088745124	0.636390474518749	0.825357734626931	-0.00172475937872385	369
NEK8	ENSG00000160602	Creatinine (enzymatic) in urine	continuous	383774	missense|LC	0.820364495571926	0.591445023356438	0.896919995450735	0.00025794176784499	381
MKS1	ENSG00000011143	Creatinine	continuous	376624	missense|LC	0.821517438524083	0.927367413046436	0.621209759512443	2.66583318693209e-05	315
BBS2	ENSG00000125124	Q60 renal agenesis / reduction defects	icd_first_occurrence	199	missense|LC	0.822331027544918	0.58915955632758	0.994860488192371	-0.0160584877373116	339
RPGRIP1L	ENSG00000103494	Q60 renal agenesis / reduction defects	icd_first_occurrence	199	missense|LC	0.822393307841462	0.597077180312239	0.678467509966618	0.00733890894333202	625
TMEM231	ENSG00000205084	N20 calculus of kidney and ureter	icd_first_occurrence	5879	missense|LC	0.823659388556539	0.664129724165021	0.905432815557112	0.00136849174265676	204
BBS5	ENSG00000163093	N28 other disorders of kidney and ureter	icd_first_occurrence	5275	missense|LC	0.823678867212456	0.769323975450591	0.665377817776331	0.00102763496373771	150
TMEM216	ENSG00000187049	N17 acute renal failure	icd_first_occurrence	7312	missense|LC	0.824310175507226	0.64682202656145	0.791509807889261	0.00344731860180409	80
MKS1	ENSG00000011143	Q63 other congenital malformations of kidney	icd_first_occurrence	452	missense|LC	0.826264899308879	0.91080482434825	0.625889061003677	-0.00120737151213941	315
TTC8	ENSG00000165533	Urea	continuous	376551	missense|LC	0.826277539191692	0.642430460584914	0.89480074957697	-0.000207865244991651	251
BBS2	ENSG00000125124	Q61 cystic kidney disease	icd_first_occurrence	735	missense|LC	0.82636784089194	0.590519282062765	0.998567625738129	-0.00844838366516585	339
LZTFL1	ENSG00000163818	I12 hypertensive renal disease	icd_first_occurrence	1513	missense|LC	0.826791846892792	0.87689522669605	0.620449787217951	-0.00341268857525869	106
ANKS6	ENSG00000165138	N20 calculus of kidney and ureter	icd_first_occurrence	5879	missense|LC	0.829882279914965	0.640390704881097	0.624467018831341	0.00124184036100368	524
CC2D2A	ENSG00000048342	Creatinine	continuous	376624	missense|LC	0.830414582821846	0.747391804169015	0.611194608638605	9.39831447430091e-05	757
MKS1	ENSG00000011143	N19 unspecified renal failure	icd_first_occurrence	2345	missense|LC	0.830769431477052	0.953478960647108	0.632589335135877	0.000283448588854175	315
SDCCAG8	ENSG00000054282	N20 calculus of kidney and ureter	icd_first_occurrence	5879	missense|LC	0.83318184272723	0.829722475070835	0.628404542229739	0.000965799142525555	332
RPGRIP1L	ENSG00000103494	Creatinine (enzymatic) in urine	continuous	383774	missense|LC	0.834356671633654	0.614946624131936	0.651767321715883	-0.000152316787581509	625
DYNC2I1	ENSG00000126870	N08 glomerular disorders in dis. class. elsewhere	icd_first_occurrence	531	missense|LC	0.838571684258737	0.635891759279717	0.808695966511856	0.00401550049229465	604
BBS2	ENSG00000125124	Cystatin C	continuous	376784	missense|LC	0.838601500251885	0.606404827497355	0.83198998437278	-0.000317553627382496	339
ALG9	ENSG00000086848	N28 other disorders of kidney and ureter	icd_first_occurrence	5275	missense|LC	0.841498551807879	0.795172360892325	0.686642150447401	-0.00128886937943538	291
CC2D2A	ENSG00000048342	N25 impaired renal tubular function	icd_first_occurrence	160	missense|LC	0.842158253740036	0.624209525885303	0.999905808244015	-0.00876579656405512	757
CC2D2A	ENSG00000048342	Q61 cystic kidney disease	icd_first_occurrence	735	missense|LC	0.842438991952392	0.822896152021658	0.624438052113297	-0.00186333177276638	757
TMEM67	ENSG00000164953	Q63 other congenital malformations of kidney	icd_first_occurrence	452	missense|LC	0.843114435394155	0.665739206777232	0.918063297329831	0.00501410584938014	412
MKKS	ENSG00000125863	N04 nephrotic syndrome	icd_first_occurrence	242	missense|LC	0.845144954603899	0.666902895976255	0.664355428160751	-0.00617175736072089	291
NPHP3	ENSG00000113971	N25 impaired renal tubular function	icd_first_occurrence	160	missense|LC	0.845765376648385	0.651655260533458	0.788646844926562	-0.00624217745846276	626
DYNC2I1	ENSG00000126870	N04 nephrotic syndrome	icd_first_occurrence	242	missense|LC	0.847269410095931	0.64778950263787	0.818663790895449	0.00572868599815872	604
ZNF423	ENSG00000102935	N17 acute renal failure	icd_first_occurrence	7312	missense|LC	0.848162006191142	0.628794974003769	0.747142721207598	0.00132216479308387	669
INVS	ENSG00000119509	N17 acute renal failure	icd_first_occurrence	7312	missense|LC	0.848249694396128	0.853237895472672	0.661603895147035	-0.000426914573544026	513
BBS7	ENSG00000138686	Urea	continuous	376551	missense|LC	0.849371184316099	0.696804205464697	0.662075178377376	-0.000224550236517483	259
IFT122	ENSG00000163913	N20 calculus of kidney and ureter	icd_first_occurrence	5879	missense|LC	0.85058366888998	0.636381056915518	0.834664420491765	-0.00132695046553199	652
ALG9	ENSG00000086848	Creatinine (enzymatic) in urine	continuous	383774	missense|LC	0.851379582534049	0.855108797374721	0.704422624997493	-9.86118792894714e-05	291
SDCCAG8	ENSG00000054282	Urea	continuous	376551	missense|LC	0.854389224002283	0.754218755736814	0.658267420164993	0.000161941595150746	332
PKD2	ENSG00000118762	Microalbumin in urine	continuous	119013	missense|LC	0.856873412036423	0.768438158523876	0.659587725303026	0.000205789952002816	480
BBS4	ENSG00000140463	C64 Malignant neoplasm of kidney	icd10	985	missense|LC	0.858513896268524	0.651255785747368	0.882486812661923	-0.00581305543872713	283
TMEM216	ENSG00000187049	Urea	continuous	376551	missense|LC	0.859387204080292	0.867728372707979	0.702047873819754	-0.000164078058932448	80
INVS	ENSG00000119509	Q63 other congenital malformations of kidney	icd_first_occurrence	452	missense|LC	0.86044066374906	0.948543312384249	0.677154806833521	-0.000597790570282456	513
BBS10	ENSG00000179941	N19 unspecified renal failure	icd_first_occurrence	2345	missense|LC	0.863274951385272	0.918092848588057	0.703057941746209	-0.000561565255699771	369
IFT140	ENSG00000187535	I12 hypertensive renal disease	icd_first_occurrence	1513	missense|LC	0.863529297310734	0.937895779787172	0.652507858784576	0.000327912649885999	974
BBS5	ENSG00000163093	N18 chronic renal failure	icd_first_occurrence	14086	missense|LC	0.863751535057171	0.717472107383364	0.763366323933952	0.000796282244464738	150
ZNF423	ENSG00000102935	Q60 renal agenesis / reduction defects	icd_first_occurrence	199	missense|LC	0.866025422873923	0.652556459121151	0.997617611161934	-0.00729303987497771	669
TTC8	ENSG00000165533	C64 Malignant neoplasm of kidney	icd10	985	missense|LC	0.867897498129876	0.94670012434927	0.695143164475507	-0.00063023820513498	251
BBS4	ENSG00000140463	N25 impaired renal tubular function	icd_first_occurrence	160	missense|LC	0.869391365516911	0.667160887414896	0.78884756436556	-0.0135616405868268	283
CEP290	ENSG00000198707	I12 hypertensive renal disease	icd_first_occurrence	1513	missense|LC	0.871168630813736	0.672387610859921	0.720998938169982	-0.00159327476570978	1033
BBS4	ENSG00000140463	Q63 other congenital malformations of kidney	icd_first_occurrence	452	missense|LC	0.871238239383614	0.866527146921136	0.669065637803508	-0.00316228204801948	283
NPHP3	ENSG00000113971	N28 other disorders of kidney and ureter	icd_first_occurrence	5275	missense|LC	0.871657185662653	0.949780231210469	0.68742327194163	0.000156875434452085	626
MKS1	ENSG00000011143	Microalbumin in urine	continuous	119013	missense|LC	0.871767266896805	0.692316056657487	0.752629877952365	0.000259202406319795	315
BBS7	ENSG00000138686	N23 unspecified renal colic	icd_first_occurrence	4304	missense|LC	0.871909637277902	0.695334855059149	0.8873187840127	-0.00229830594315669	259
BBS10	ENSG00000179941	I12 hypertensive renal disease	icd_first_occurrence	1513	missense|LC	0.873500623465093	0.950129977293296	0.719869346304915	0.00042864565808962	369
AHI1	ENSG00000135541	N08 glomerular disorders in dis. class. elsewhere	icd_first_occurrence	531	missense|LC	0.875345474618984	0.73134503531505	0.690840565759221	0.00284142734682036	604
TTC8	ENSG00000165533	Q60 renal agenesis / reduction defects	icd_first_occurrence	199	missense|LC	0.875594584536674	0.956019639567485	0.706991743189348	-0.00117314812231749	251
BBIP1	ENSG00000214413	Q61 cystic kidney disease	icd_first_occurrence	735	missense|LC	0.876345368910631	0.721915368969467	1.0	-0.0234992528607147	25
NPHP1	ENSG00000144061	N20 calculus of kidney and ureter	icd_first_occurrence	5879	missense|LC	0.878075352991038	0.699653705476271	0.818842711241104	0.0017636621379737	317
TMEM216	ENSG00000187049	Creatinine (enzymatic) in urine	continuous	383774	missense|LC	0.878658870814604	0.820833381869009	0.732210566484712	0.000220049724040106	80
RPGRIP1L	ENSG00000103494	N17 acute renal failure	icd_first_occurrence	7312	missense|LC	0.878686685541554	0.677371332581977	0.678532675471829	0.000997176651510386	625
NEK8	ENSG00000160602	Cystatin C	continuous	376784	missense|LC	0.880117848709728	0.960907159959884	0.670340173502311	-2.29688537315058e-05	381
BBS5	ENSG00000163093	N08 glomerular disorders in dis. class. elsewhere	icd_first_occurrence	531	missense|LC	0.880710295414407	0.948484818943935	0.740253304961106	-0.000726721753455507	150
NPHP1	ENSG00000144061	Creatinine (enzymatic) in urine	continuous	383774	missense|LC	0.881429894907292	0.708286776948915	0.818618254725931	-0.000192266452638502	317
TMEM237	ENSG00000155755	Q63 other congenital malformations of kidney	icd_first_occurrence	452	missense|LC	0.882728120633404	0.681666085974028	0.891016726731952	-0.00986584158952829	181
MKS1	ENSG00000011143	N25 impaired renal tubular function	icd_first_occurrence	160	missense|LC	0.883968855200639	0.845152188469602	0.708480929558097	0.00352216081323887	315
PKD2	ENSG00000118762	Q63 other congenital malformations of kidney	icd_first_occurrence	452	missense|LC	0.884394717252042	0.893310088126082	0.696743900111236	0.00153704883552239	480
NEK8	ENSG00000160602	N18 chronic renal failure	icd_first_occurrence	14086	missense|LC	0.885292571460098	0.677903722627758	0.716217622990961	-0.00115361799278925	381
MKKS	ENSG00000125863	N17 acute renal failure	icd_first_occurrence	7312	missense|LC	0.888305822451846	0.731204961389191	0.799441067222323	0.000918543236117893	291
IFT140	ENSG00000187535	N20 calculus of kidney and ureter	icd_first_occurrence	5879	missense|LC	0.888455587004409	0.790778701119145	0.688358326331904	-0.00057182308067906	974
NPHP1	ENSG00000144061	N26 unspecified contracted kidney	icd_first_occurrence	176	missense|LC	0.890862790510323	0.72051106685232	0.719566318436577	0.00918754015805425	317
IFT172	ENSG00000138002	Microalbumin in urine	continuous	119013	missense|LC	0.891868204596974	0.702082326516435	0.854532632759612	0.000205319919782009	835
LZTFL1	ENSG00000163818	N20 calculus of kidney and ureter	icd_first_occurrence	5879	missense|LC	0.892115236795856	0.822542764232771	0.711892933697562	-0.00254719351549069	106
CEP290	ENSG00000198707	Q63 other congenital malformations of kidney	icd_first_occurrence	452	missense|LC	0.892772092553507	0.813744674379722	0.703815678204232	0.00161125977910406	1033
BBS7	ENSG00000138686	N17 acute renal failure	icd_first_occurrence	7312	missense|LC	0.893062470215015	0.89958394582725	0.732705071602492	-0.000564859657843801	259
RPGRIP1L	ENSG00000103494	Cystatin C	continuous	376784	missense|LC	0.893145586219632	0.700997818438579	0.838060396980668	-0.000110960885707603	625
CC2D2A	ENSG00000048342	Cystatin C	continuous	376784	missense|LC	0.894358672173211	0.700662788297587	0.745493797502936	-0.000126432983099018	757
PKD2	ENSG00000118762	N20 calculus of kidney and ureter	icd_first_occurrence	5879	missense|LC	0.894434542618273	0.712260472492658	0.789032153003303	0.00119137792140165	480
IFT140	ENSG00000187535	Microalbumin in urine	continuous	119013	missense|LC	0.895345549403395	0.699536942189069	0.946413712828415	0.000181173946327176	974
NPHP3	ENSG00000113971	N04 nephrotic syndrome	icd_first_occurrence	242	missense|LC	0.896684295789689	0.862045646811486	0.723879664459571	0.0019502556218159	626
IFT122	ENSG00000163913	Q63 other congenital malformations of kidney	icd_first_occurrence	452	missense|LC	0.897877517809433	0.797923760486532	0.705574839391765	-0.00256246672742639	652
TMEM237	ENSG00000155755	N04 nephrotic syndrome	icd_first_occurrence	242	missense|LC	0.900156239120805	0.708699188437957	0.846520700541031	-0.0120146339560571	181
MKS1	ENSG00000011143	I12 hypertensive renal disease	icd_first_occurrence	1513	missense|LC	0.902948223855872	1.0	0.7419577756633	3.32468587607094e-05	315
BBIP1	ENSG00000214413	N08 glomerular disorders in dis. class. elsewhere	icd_first_occurrence	531	missense|LC	0.904906411508124	0.768376619990995	1.0	-0.0239589894016635	25
BBS2	ENSG00000125124	N04 nephrotic syndrome	icd_first_occurrence	242	missense|LC	0.908269129624589	0.947674574221923	0.712691703000402	-0.00176919610933177	339
PKD2	ENSG00000118762	N17 acute renal failure	icd_first_occurrence	7312	missense|LC	0.913293150149051	0.743412977900849	0.872090033634212	0.000950333759771899	480
LZTFL1	ENSG00000163818	Q61 cystic kidney disease	icd_first_occurrence	735	missense|LC	0.913357619320853	0.753586734625046	0.856099860973922	0.00999390951010055	106
RPGRIP1L	ENSG00000103494	Q61 cystic kidney disease	icd_first_occurrence	735	missense|LC	0.923404439184477	0.949015635753126	0.754088767221599	0.000481149001002807	625
NEK8	ENSG00000160602	N28 other disorders of kidney and ureter	icd_first_occurrence	5275	missense|LC	0.923967153668729	0.741866242252056	0.932466547697568	0.00146254743852877	381
IFT122	ENSG00000163913	N19 unspecified renal failure	icd_first_occurrence	2345	missense|LC	0.925226740681427	0.917552560147336	0.753017249791504	0.000462176871746956	652
BBS2	ENSG00000125124	N25 impaired renal tubular function	icd_first_occurrence	160	missense|LC	0.925852273560656	0.744462912387537	0.966649250077714	-0.0106935064604165	339
IFT140	ENSG00000187535	Urea	continuous	376551	missense|LC	0.93511203386548	0.851478678752833	0.767716763289042	-4.65696555319421e-05	974
SDCCAG8	ENSG00000054282	C64 Malignant neoplasm of kidney	icd10	985	missense|LC	1.0	0.828418144426701	0.988908810075441	0.00234409544123983	332
SDCCAG8	ENSG00000054282	N04 nephrotic syndrome	icd_first_occurrence	242	missense|LC	1.0	0.806175201606364	0.966582553574505	-0.00533244788612222	332
BBIP1	ENSG00000214413	N04 nephrotic syndrome	icd_first_occurrence	242	missense|LC	1.0	0.843853995808886	1.0	-0.0237589889943128	25
BBIP1	ENSG00000214413	N18 chronic renal failure	icd_first_occurrence	14086	missense|LC	1.0	0.884504531467028	0.857757960063525	0.00204887507779081	25
BBIP1	ENSG00000214413	N25 impaired renal tubular function	icd_first_occurrence	160	missense|LC	1.0	0.865887248619646	1.0	-0.0235148800229732	25
BBIP1	ENSG00000214413	N26 unspecified contracted kidney	icd_first_occurrence	176	missense|LC	1.0	0.861417913998307	1.0	-0.0233140226981927	25
BBIP1	ENSG00000214413	Q60 renal agenesis / reduction defects	icd_first_occurrence	199	missense|LC	1.0	0.85611768399203	1.0	-0.023975627601756	25
BBIP1	ENSG00000214413	Q63 other congenital malformations of kidney	icd_first_occurrence	452	missense|LC	1.0	0.777957103701437	1.0	-0.02361647928173	25
TMEM216	ENSG00000187049	N08 glomerular disorders in dis. class. elsewhere	icd_first_occurrence	531	missense|LC	1.0	0.97079173954962	0.979047937805414	-0.00117851656108197	80
TMEM216	ENSG00000187049	N18 chronic renal failure	icd_first_occurrence	14086	missense|LC	1.0	0.783518410834438	0.835512798476071	-0.0015422038473457	80
TMEM216	ENSG00000187049	N20 calculus of kidney and ureter	icd_first_occurrence	5879	missense|LC	1.0	0.932441229328279	0.883735721654101	0.00073760742318809	80
GANAB	ENSG00000089597	Microalbumin in urine	continuous	119013	missense|LC	1.0	0.941561550214595	0.946480186662138	-5.17329838678717e-05	389
BBS1	ENSG00000174483	I12 hypertensive renal disease	icd_first_occurrence	1513	missense|LC	1.0	0.876319701447138	0.775177090682695	0.00113393680896626	318
BBS1	ENSG00000174483	N04 nephrotic syndrome	icd_first_occurrence	242	missense|LC	1.0	0.850325366623012	0.862691383402157	-0.0034147518789025	318
ALG9	ENSG00000086848	N18 chronic renal failure	icd_first_occurrence	14086	missense|LC	1.0	0.83074792858831	0.990025752428726	-0.000668152821849847	291
BBS10	ENSG00000179941	N26 unspecified contracted kidney	icd_first_occurrence	176	missense|LC	1.0	0.946319802590129	0.940092376387672	-0.00137022236299817	369
BBS10	ENSG00000179941	Q60 renal agenesis / reduction defects	icd_first_occurrence	199	missense|LC	1.0	0.908963496484567	0.853671371198121	0.00212199569051259	369
CEP290	ENSG00000198707	N26 unspecified contracted kidney	icd_first_occurrence	176	missense|LC	1.0	0.810073068831416	0.960907934693129	-0.00263375782131892	1033
TTC8	ENSG00000165533	Creatinine (enzymatic) in urine	continuous	383774	missense|LC	1.0	0.894465744209175	0.920769224180451	-5.89649198500456e-05	251
BBS4	ENSG00000140463	Microalbumin in urine	continuous	119013	missense|LC	1.0	0.922466603943877	0.967835736013275	0.000116168087398053	283
BBS4	ENSG00000140463	N08 glomerular disorders in dis. class. elsewhere	icd_first_occurrence	531	missense|LC	1.0	1.0	0.965082098136506	-0.00030488977985338	283
IFT140	ENSG00000187535	N17 acute renal failure	icd_first_occurrence	7312	missense|LC	1.0	0.844398819327375	0.877371890446177	-0.000382870513146084	974
IFT140	ENSG00000187535	Q61 cystic kidney disease	icd_first_occurrence	735	missense|LC	1.0	0.972521320531758	0.860162515378848	0.000225172787574601	974
RPGRIP1L	ENSG00000103494	Q63 other congenital malformations of kidney	icd_first_occurrence	452	missense|LC	1.0	0.80523240033277	0.940504701326756	0.00233510254725686	625
TMEM231	ENSG00000205084	N08 glomerular disorders in dis. class. elsewhere	icd_first_occurrence	531	missense|LC	1.0	0.867680818434696	0.772698943672878	-0.00170304174997601	204
TMEM231	ENSG00000205084	N23 unspecified renal colic	icd_first_occurrence	4304	missense|LC	1.0	0.816440128463309	0.983786676922794	-0.000857789996939589	204
TMEM231	ENSG00000205084	Q61 cystic kidney disease	icd_first_occurrence	735	missense|LC	1.0	0.865446714990782	0.784478088660516	-0.00149020526324127	204
NEK8	ENSG00000160602	Microalbumin in urine	continuous	119013	missense|LC	1.0	0.928752164922653	0.83301488878216	8.33698838569232e-05	381
NEK8	ENSG00000160602	Urea	continuous	376551	missense|LC	1.0	0.887022035396356	0.859981630200194	-6.98648563707497e-05	381
IFT172	ENSG00000138002	N20 calculus of kidney and ureter	icd_first_occurrence	5879	missense|LC	1.0	0.792270861743337	0.882121914571126	0.000654567630452301	835
NPHP1	ENSG00000144061	Creatinine	continuous	376624	missense|LC	1.0	0.960866992047576	0.882746877989062	2.25971674650776e-05	317
NPHP1	ENSG00000144061	N08 glomerular disorders in dis. class. elsewhere	icd_first_occurrence	531	missense|LC	1.0	0.859347916855774	0.875001632027488	0.00260951267642275	317
NPHP1	ENSG00000144061	N25 impaired renal tubular function	icd_first_occurrence	160	missense|LC	1.0	0.887192591518777	0.967433482217372	-0.00386535321877496	317
BBS5	ENSG00000163093	Creatinine (enzymatic) in urine	continuous	383774	missense|LC	1.0	0.837019471094623	0.968185150733702	-7.76844865001117e-05	150
BBS5	ENSG00000163093	N17 acute renal failure	icd_first_occurrence	7312	missense|LC	1.0	1.0	0.998576946067421	-6.72904308893245e-05	150
BBS5	ENSG00000163093	N26 unspecified contracted kidney	icd_first_occurrence	176	missense|LC	1.0	0.975551141880559	0.799544187640746	0.000678200286725517	150
BBS5	ENSG00000163093	Q60 renal agenesis / reduction defects	icd_first_occurrence	199	missense|LC	1.0	0.973663003124781	0.821214124109164	-0.000664180639422364	150
TMEM237	ENSG00000155755	Q61 cystic kidney disease	icd_first_occurrence	735	missense|LC	1.0	0.817623074159302	0.809728199736047	0.00427649201510125	181
MKKS	ENSG00000125863	Creatinine (enzymatic) in urine	continuous	383774	missense|LC	1.0	0.916218054026326	0.972236938181294	3.59399341853757e-05	291
MKKS	ENSG00000125863	N19 unspecified renal failure	icd_first_occurrence	2345	missense|LC	1.0	0.776627493195239	0.844138668596511	0.00132534722311751	291
LZTFL1	ENSG00000163818	N18 chronic renal failure	icd_first_occurrence	14086	missense|LC	1.0	0.813684638745312	0.904038539276078	-0.00174718894627455	106
IFT122	ENSG00000163913	Q60 renal agenesis / reduction defects	icd_first_occurrence	199	missense|LC	1.0	0.843650550557364	0.882820304007532	0.00297636181635656	652
IFT122	ENSG00000163913	Q61 cystic kidney disease	icd_first_occurrence	735	missense|LC	1.0	0.7774831562456	0.830527701719152	-0.00220269677575959	652
NPHP3	ENSG00000113971	Microalbumin in urine	continuous	119013	missense|LC	1.0	0.929006081387547	0.802269687503453	-4.57922269173783e-05	626
NPHP3	ENSG00000113971	Creatinine (enzymatic) in urine	continuous	383774	missense|LC	1.0	0.893405184639273	0.819230396443287	-3.56043354531177e-05	626
BBS12	ENSG00000181004	N18 chronic renal failure	icd_first_occurrence	14086	missense|LC	1.0	0.938742794209577	0.7888696732516	0.000176308850176268	387
BBS12	ENSG00000181004	N19 unspecified renal failure	icd_first_occurrence	2345	missense|LC	1.0	0.825265765369873	0.975604045246418	-0.00119029166578689	387
AHI1	ENSG00000135541	Q60 renal agenesis / reduction defects	icd_first_occurrence	199	missense|LC	1.0	0.905994931422846	0.9782854063781	-0.00161460709669784	604
DYNC2I1	ENSG00000126870	N18 chronic renal failure	icd_first_occurrence	14086	missense|LC	1.0	0.98083691981131	0.839542162715504	-5.0477170257472e-05	604
ANKS6	ENSG00000165138	N19 unspecified renal failure	icd_first_occurrence	2345	missense|LC	1.0	1.0	0.974159380660728	-4.73175013295327e-05	524
