gene	ensembl_id	phenotype	trait_type	n_cases	burden_set	P_SKATO	P_Burden	P_SKAT	BETA	n_variants
PKD2	ENSG00000118762	Q61 cystic kidney disease	icd_first_occurrence	735	pLoF	1.3413131580048e-95	4.92899850746344e-87	4.98166947965368e-47	0.39262389143288	39
PKD1	ENSG00000008710	Cystatin C	continuous	376784	pLoF	8.55761214151972e-34	1.2225160202171e-34	9.13861467166655e-06	0.0220064902363238	92
PKD1	ENSG00000008710	Creatinine	continuous	376624	pLoF	1.84691417692802e-30	2.63844882418289e-31	1.28996535027071e-05	0.0185395198539395	92
PKD1	ENSG00000008710	Urea	continuous	376551	pLoF	8.50833849518454e-26	1.21547692788351e-26	0.00016009603055589	0.0203996142366695	92
IFT140	ENSG00000187535	Q61 cystic kidney disease	icd_first_occurrence	735	pLoF	7.39777006966786e-22	1.05682429566684e-22	2.44466017607354e-15	0.159513651698214	82
PKD2	ENSG00000118762	Creatinine	continuous	376624	pLoF	1.00165687090144e-16	7.17228512364885e-13	3.50289339139041e-12	0.0252235275282667	39
IFT140	ENSG00000187535	N28 other disorders of kidney and ureter	icd_first_occurrence	5275	pLoF	4.28784725590098e-14	6.12549607985854e-15	1.96440395736034e-09	0.0703629846699237	82
PKD2	ENSG00000118762	Cystatin C	continuous	376784	pLoF	5.06652038977344e-14	6.72619780667163e-14	1.24347766272681e-06	0.0296788377307193	39
PKD2	ENSG00000118762	N18 chronic renal failure	icd_first_occurrence	14086	pLoF	5.69648169148428e-10	6.08720340800062e-08	6.63688179081134e-07	0.097796685045822	39
PKD2	ENSG00000118762	Urea	continuous	376551	pLoF	3.10909031853157e-09	9.65797064544915e-09	2.66016137151492e-05	0.024706912350503	39
IFT140	ENSG00000187535	Cystatin C	continuous	376784	pLoF	1.85695226306848e-07	9.15298290493638e-08	5.82356337057721e-05	0.00636332098224926	82
PKD1	ENSG00000008710	Microalbumin in urine	continuous	119013	pLoF	2.52323791416487e-07	7.85342653131238e-08	0.0177062202228873	0.0174381408911812	92
PKD2	ENSG00000118762	N28 other disorders of kidney and ureter	icd_first_occurrence	5275	pLoF	3.54781363509638e-07	6.45920628983276e-07	6.83052455996425e-06	0.12559612543241	39
IFT140	ENSG00000187535	Creatinine	continuous	376624	pLoF	3.88595860489893e-07	2.65431323809295e-07	5.69349684551579e-05	0.00542964088685518	82
ALG9	ENSG00000086848	Q61 cystic kidney disease	icd_first_occurrence	735	pLoF	2.00617158285787e-06	1.92306075574855e-06	3.65978505999509e-05	0.19099524546263	46
ALG9	ENSG00000086848	N19 unspecified renal failure	icd_first_occurrence	2345	pLoF	1.23481456197894e-05	0.000690919937443524	1.07859021237777e-05	0.110683463414829	46
IFT140	ENSG00000187535	Urea	continuous	376551	pLoF	4.28185738443609e-05	3.14979658826431e-05	0.0155594245310187	0.00528455679957994	82
IFT172	ENSG00000138002	Q63 other congenital malformations of kidney	icd_first_occurrence	452	pLoF	0.000120015242698779	0.0134533703209507	6.10090294964616e-05	0.103228166810464	123
DNAJB11	ENSG00000090520	Q61 cystic kidney disease	icd_first_occurrence	735	pLoF	0.000129828170954416	0.000860568368933778	0.000120831157482071	0.231644851971283	25
BBS9	ENSG00000122507	Q63 other congenital malformations of kidney	icd_first_occurrence	452	pLoF	0.000281541351284775	0.00463944102120228	0.000181680488181346	0.126126872159116	61
PKD2	ENSG00000118762	Microalbumin in urine	continuous	119013	pLoF	0.000298742155449117	0.000120966667858546	0.0286251980206719	0.0233921676607149	39
INVS	ENSG00000119509	Cystatin C	continuous	376784	pLoF	0.000327797015135078	0.000145564572035184	0.0308750666470672	0.00615860991369343	84
IFT172	ENSG00000138002	N28 other disorders of kidney and ureter	icd_first_occurrence	5275	pLoF	0.000526393238972855	0.000380567933086828	0.00802469631683789	0.0475602070566138	123
IFT172	ENSG00000138002	Q61 cystic kidney disease	icd_first_occurrence	735	pLoF	0.000630211367666833	0.0113950982032753	0.000422886903772568	0.0856387841816476	123
INVS	ENSG00000119509	Creatinine	continuous	376624	pLoF	0.000727951538129767	0.000332361413555304	0.0610109301583652	0.0051635655315173	84
IFT140	ENSG00000187535	N26 unspecified contracted kidney	icd_first_occurrence	176	pLoF	0.000854059362648818	0.00275550091915022	0.000802395853163773	0.137277542577588	82
MKS1	ENSG00000011143	Q60 renal agenesis / reduction defects	icd_first_occurrence	199	pLoF	0.00112887304514464	0.00294268572339096	0.000795388124006702	0.190541939115245	48
INVS	ENSG00000119509	N19 unspecified renal failure	icd_first_occurrence	2345	pLoF	0.00144332062564245	0.00144222013403061	0.00525130700565257	0.0660573339413583	84
DYNC2I1	ENSG00000126870	Q63 other congenital malformations of kidney	icd_first_occurrence	452	pLoF	0.00159917568800361	0.0399923262335117	0.00081474588714725	0.105641173354137	87
PKD2	ENSG00000118762	I12 hypertensive renal disease	icd_first_occurrence	1513	pLoF	0.00162979104970851	0.0189122638610645	0.000887892389011657	0.13004571553881	39
IFT140	ENSG00000187535	N25 impaired renal tubular function	icd_first_occurrence	160	pLoF	0.00216492440549887	0.00222305641874465	0.00399529742368465	0.142283775034962	82
BBS5	ENSG00000163093	Q63 other congenital malformations of kidney	icd_first_occurrence	452	pLoF	0.00248412844627033	0.0535943547224246	0.00162026382627289	0.169101032523957	28
MKKS	ENSG00000125863	N04 nephrotic syndrome	icd_first_occurrence	242	pLoF	0.00248683604389321	0.0265128824729862	0.00174230590556457	0.211127489882994	37
IFT140	ENSG00000187535	Microalbumin in urine	continuous	119013	pLoF	0.00249629598325429	0.0016391177046764	0.368732417314633	0.00736635580452799	82
DNAJB11	ENSG00000090520	N08 glomerular disorders in dis. class. elsewhere	icd_first_occurrence	531	pLoF	0.00276015090033443	0.0149028929608106	0.00215342996779655	0.250603772735212	25
NPHP3	ENSG00000113971	Creatinine	continuous	376624	pLoF	0.00338555191410339	0.00165925921230969	0.125909279614059	0.00319551981441081	115
ALG9	ENSG00000086848	N25 impaired renal tubular function	icd_first_occurrence	160	pLoF	0.00357077547267759	0.0139124252978341	0.00285656983819749	0.255307778234054	46
ALG9	ENSG00000086848	N18 chronic renal failure	icd_first_occurrence	14086	pLoF	0.00380918954107956	0.00588980027422492	0.00484795637345548	0.0488537253598738	46
RPGRIP1L	ENSG00000103494	Q63 other congenital malformations of kidney	icd_first_occurrence	452	pLoF	0.00390627259306298	0.0845216915477313	0.00189903709390737	0.0805028123623204	96
TMEM237	ENSG00000155755	N08 glomerular disorders in dis. class. elsewhere	icd_first_occurrence	531	pLoF	0.00399982882189454	0.00855424448007813	0.00345016143761367	0.113657711162762	44
SDCCAG8	ENSG00000054282	N28 other disorders of kidney and ureter	icd_first_occurrence	5275	pLoF	0.00410696838672397	0.00222997792071222	0.0317380193108965	0.0540728809218112	59
TMEM231	ENSG00000205084	Q63 other congenital malformations of kidney	icd_first_occurrence	452	pLoF	0.00447571542210634	0.0706951921171964	0.00282088509754719	0.150233674472176	31
PKD2	ENSG00000118762	N19 unspecified renal failure	icd_first_occurrence	2345	pLoF	0.00449356537900703	0.0667021100291735	0.00220976848807863	0.0882344369303242	39
MKKS	ENSG00000125863	Q60 renal agenesis / reduction defects	icd_first_occurrence	199	pLoF	0.0049961076256485	0.0214929537963567	0.00369919394194407	0.223302213485186	37
MKKS	ENSG00000125863	N08 glomerular disorders in dis. class. elsewhere	icd_first_occurrence	531	pLoF	0.00504173355403437	0.091902573276589	0.00307004397804977	0.133227168771815	37
IFT140	ENSG00000187535	N18 chronic renal failure	icd_first_occurrence	14086	pLoF	0.0053819367712048	0.00345438496053851	0.092695914263617	0.0210957535209915	82
LZTFL1	ENSG00000163818	N19 unspecified renal failure	icd_first_occurrence	2345	pLoF	0.00555755051590945	0.0136895828595902	0.00379112610320309	0.139717320255329	17
DYNC2I1	ENSG00000126870	Creatinine	continuous	376624	pLoF	0.00579255842912318	0.00284878683687362	0.0850843160848804	0.00504119354086305	87
BBS1	ENSG00000174483	I12 hypertensive renal disease	icd_first_occurrence	1513	pLoF	0.00644930820333778	0.0855776552633106	0.00325185467242339	0.0797257924993338	48
SDCCAG8	ENSG00000054282	Q63 other congenital malformations of kidney	icd_first_occurrence	452	pLoF	0.00841513272887673	0.0580255427824022	0.00523400947575736	0.0874460959842373	59
INVS	ENSG00000119509	N28 other disorders of kidney and ureter	icd_first_occurrence	5275	pLoF	0.00888128563103641	0.0050165925293979	0.0423995834398003	0.0415978828679687	84
MKS1	ENSG00000011143	N04 nephrotic syndrome	icd_first_occurrence	242	pLoF	0.00893398452237859	0.107265961213505	0.00548935169749631	0.125259746722439	48
TMEM237	ENSG00000155755	N25 impaired renal tubular function	icd_first_occurrence	160	pLoF	0.00903477882052817	0.104988952408528	0.00534368025767962	0.126729358473469	44
AHI1	ENSG00000135541	I12 hypertensive renal disease	icd_first_occurrence	1513	pLoF	0.00918400367650785	0.0459545551237318	0.0052662536521767	0.0418678171303336	99
DYNC2I1	ENSG00000126870	N04 nephrotic syndrome	icd_first_occurrence	242	pLoF	0.00973953955322437	0.160688033018137	0.00559050997337451	0.100323652039205	87
PKD2	ENSG00000118762	N17 acute renal failure	icd_first_occurrence	7312	pLoF	0.00992109418779352	0.0756612478137262	0.0053117733015221	0.050960790625528	39
LZTFL1	ENSG00000163818	I12 hypertensive renal disease	icd_first_occurrence	1513	pLoF	0.0109121729459146	0.115514735058419	0.00665126934132743	0.119773711527353	17
NPHP3	ENSG00000113971	Cystatin C	continuous	376784	pLoF	0.0113297314444833	0.00572681133175423	0.223491162857776	0.00316152787896692	115
MKKS	ENSG00000125863	Q63 other congenital malformations of kidney	icd_first_occurrence	452	pLoF	0.0113806580292778	0.0670800211642668	0.00732415307207812	0.150796469630889	37
LZTFL1	ENSG00000163818	Microalbumin in urine	continuous	119013	pLoF	0.0124777917077246	0.220365074548728	0.00700983042006609	0.0152703887428486	17
CC2D2A	ENSG00000048342	Q63 other congenital malformations of kidney	icd_first_occurrence	452	pLoF	0.0137258889561587	0.0365653052328802	0.00911688794793619	0.0648430917302628	136
IFT122	ENSG00000163913	N25 impaired renal tubular function	icd_first_occurrence	160	pLoF	0.015556867258579	0.235424654426454	0.00820562324798446	0.0735037154195882	101
BBS9	ENSG00000122507	N26 unspecified contracted kidney	icd_first_occurrence	176	pLoF	0.0156348970289146	0.129791848972517	0.0092521404283793	0.113282502562115	61
ANKS6	ENSG00000165138	Q63 other congenital malformations of kidney	icd_first_occurrence	452	pLoF	0.0169772423562623	0.158447215368485	0.0100233352088194	0.10105294290672	50
IFT172	ENSG00000138002	N26 unspecified contracted kidney	icd_first_occurrence	176	pLoF	0.0169882034141076	0.205117242644676	0.00954990909965858	0.0853715174732248	123
NPHP1	ENSG00000144061	N26 unspecified contracted kidney	icd_first_occurrence	176	pLoF	0.0175502980520638	0.0402247936225897	0.0130699801077003	0.186397765024487	37
CC2D2A	ENSG00000048342	Urea	continuous	376551	pLoF	0.0178988532423532	0.0406458296530017	0.0109725889108766	0.0023126640328357	136
AHI1	ENSG00000135541	N20 calculus of kidney and ureter	icd_first_occurrence	5879	pLoF	0.0187000721819196	0.248184175041696	0.00961233540077178	0.0129470348534935	99
TTC8	ENSG00000165533	Cystatin C	continuous	376784	pLoF	0.0188273348912721	0.119912391620397	0.00988717508547887	0.00505130554881289	28
ANKS6	ENSG00000165138	Creatinine	continuous	376624	pLoF	0.0190844966724427	0.00927107415924244	0.227338401127458	0.00595647386591017	50
NEK8	ENSG00000160602	N26 unspecified contracted kidney	icd_first_occurrence	176	pLoF	0.0197630510259041	0.092130869995968	0.0121222445529805	0.134190959888415	39
MKKS	ENSG00000125863	Cystatin C	continuous	376784	pLoF	0.0205359960560119	0.0103922215105068	0.152219723315788	0.00870741319397999	37
DNAJB11	ENSG00000090520	I12 hypertensive renal disease	icd_first_occurrence	1513	pLoF	0.0208591521560715	0.116929854804785	0.0127459033651129	0.117828867538851	25
TMEM67	ENSG00000164953	Q60 renal agenesis / reduction defects	icd_first_occurrence	199	pLoF	0.0225319978693431	0.0571080927652496	0.0132559191911803	0.0947313597078249	86
IFT122	ENSG00000163913	Creatinine	continuous	376624	pLoF	0.0235920620932325	0.0263934912813499	0.018633198163051	0.00243473648075938	101
ZNF423	ENSG00000102935	N23 unspecified renal colic	icd_first_occurrence	4304	pLoF	0.0241275932493465	0.110214525021783	0.01519573908829	0.11864564838076	11
DYNC2I1	ENSG00000126870	Cystatin C	continuous	376784	pLoF	0.0242869801357539	0.012143387304811	0.32382545306685	0.00477500546530905	87
NPHP1	ENSG00000144061	Q63 other congenital malformations of kidney	icd_first_occurrence	452	pLoF	0.0267499847185733	0.161529961609681	0.0147448094060894	0.100112621677623	37
TTC8	ENSG00000165533	Q61 cystic kidney disease	icd_first_occurrence	735	pLoF	0.0269190982639202	0.189894170143468	0.0157379167612196	0.0903006258566688	28
BBS1	ENSG00000174483	N17 acute renal failure	icd_first_occurrence	7312	pLoF	0.0275292626518507	0.0424909538587873	0.0239883767014413	0.0468949344707343	48
TMEM231	ENSG00000205084	Q61 cystic kidney disease	icd_first_occurrence	735	pLoF	0.0277484099589654	0.146560758083828	0.0166469283624473	0.104975295028959	31
CC2D2A	ENSG00000048342	I12 hypertensive renal disease	icd_first_occurrence	1513	pLoF	0.0298082400732466	0.0418927510669463	0.01964879961709	0.0363514080792111	136
TMEM237	ENSG00000155755	Creatinine (enzymatic) in urine	continuous	383774	pLoF	0.0318705560332743	0.0178934461637563	0.211122244962455	-0.00422547882141808	44
INVS	ENSG00000119509	N25 impaired renal tubular function	icd_first_occurrence	160	pLoF	0.0338708107820045	0.1455842473854	0.0201859183467464	0.106323527866985	84
DYNC2I1	ENSG00000126870	Urea	continuous	376551	pLoF	0.0362683255749502	0.028650456467513	0.0507194395831907	0.0044375007987821	87
BBS1	ENSG00000174483	N19 unspecified renal failure	icd_first_occurrence	2345	pLoF	0.0368785679281116	0.227251250282764	0.0191853217741049	0.0477525449457341	48
AHI1	ENSG00000135541	N23 unspecified renal colic	icd_first_occurrence	4304	pLoF	0.0411236298468148	0.127523460818482	0.0225316577015138	0.0198600851265008	99
DNAJB11	ENSG00000090520	Cystatin C	continuous	376784	pLoF	0.0438073326936694	0.355244576749268	0.023952869629229	0.00481776312676155	25
NPHP3	ENSG00000113971	N28 other disorders of kidney and ureter	icd_first_occurrence	5275	pLoF	0.0439650114776345	0.0488069758408208	0.0347386193490086	0.0210070290506645	115
IFT172	ENSG00000138002	Microalbumin in urine	continuous	119013	pLoF	0.0478102693904249	0.455474999387608	0.0253072372322355	0.00223209414342659	123
ZNF423	ENSG00000102935	N17 acute renal failure	icd_first_occurrence	7312	pLoF	0.0495554492043268	0.268299633753832	0.028618330984946	0.0656465764824414	11
INVS	ENSG00000119509	Microalbumin in urine	continuous	119013	pLoF	0.0502062444467538	0.100216045559025	0.0283071321216859	0.00530036673226387	84
CC2D2A	ENSG00000048342	N18 chronic renal failure	icd_first_occurrence	14086	pLoF	0.0524489899793902	0.684496282218955	0.0282579224505728	-0.00254694548217736	136
BBS7	ENSG00000138686	Q63 other congenital malformations of kidney	icd_first_occurrence	452	pLoF	0.0544419468434211	0.276043297305526	0.0305767598018792	0.0676711650705298	39
ZNF423	ENSG00000102935	N20 calculus of kidney and ureter	icd_first_occurrence	5879	pLoF	0.0560706552138915	0.193079556849008	0.0337039354159258	0.0844150529980767	11
TMEM237	ENSG00000155755	Q60 renal agenesis / reduction defects	icd_first_occurrence	199	pLoF	0.0572187170828835	0.174140931046499	0.0347053700205924	0.0961844735493989	44
NEK8	ENSG00000160602	Microalbumin in urine	continuous	119013	pLoF	0.0580676328841752	0.0333116319476998	0.320420347867422	-0.00828781710952052	39
BBS12	ENSG00000181004	N19 unspecified renal failure	icd_first_occurrence	2345	pLoF	0.0591475420359381	0.110763925968899	0.039894029220594	0.1248958944217	10
NPHP3	ENSG00000113971	Creatinine (enzymatic) in urine	continuous	383774	pLoF	0.0604337331280329	0.182934650249476	0.0322550178688829	0.00158519325545929	115
TMEM231	ENSG00000205084	Creatinine (enzymatic) in urine	continuous	383774	pLoF	0.0621413991762294	0.620808547488595	0.0333329193756218	0.00176527917289309	31
MKKS	ENSG00000125863	I12 hypertensive renal disease	icd_first_occurrence	1513	pLoF	0.0623289248306262	0.420569582584491	0.0341230758474027	0.0436281854171383	37
BBIP1	ENSG00000214413	I12 hypertensive renal disease	icd_first_occurrence	1513	pLoF	0.0624046515678671	0.201509142297937	0.0385126512426153	0.0819836085691258	8
AHI1	ENSG00000135541	N26 unspecified contracted kidney	icd_first_occurrence	176	pLoF	0.0638300233757294	0.370692780639422	0.035587776702969	0.051786235169006	99
RPGRIP1L	ENSG00000103494	Q61 cystic kidney disease	icd_first_occurrence	735	pLoF	0.0671181115570099	0.266446327568502	0.036055716792906	0.0432186493233299	96
BBS10	ENSG00000179941	Q63 other congenital malformations of kidney	icd_first_occurrence	452	pLoF	0.0674292386760452	0.205058277679619	0.0445376017517338	0.0864864509893059	14
INVS	ENSG00000119509	Q61 cystic kidney disease	icd_first_occurrence	735	pLoF	0.0676644046051125	0.293741465628179	0.0358431924469853	0.0399650303125795	84
MKKS	ENSG00000125863	Creatinine	continuous	376624	pLoF	0.0682372275558447	0.0361778181123528	0.272944209725368	0.00631741583375618	37
TMEM231	ENSG00000205084	Cystatin C	continuous	376784	pLoF	0.0685527341449688	0.0365807305512631	0.358377026805319	-0.00710354079656547	31
NPHP3	ENSG00000113971	Urea	continuous	376551	pLoF	0.0743068476027445	0.0398189061567835	0.500775041526238	0.00250535328817043	115
DNAJB11	ENSG00000090520	Creatinine	continuous	376624	pLoF	0.077907486303146	0.360610369318626	0.0429677545080818	0.00422845396574128	25
IFT140	ENSG00000187535	N17 acute renal failure	icd_first_occurrence	7312	pLoF	0.0779556198634468	0.046048404844089	0.326725502347554	0.0194438051138975	82
TMEM67	ENSG00000164953	Q63 other congenital malformations of kidney	icd_first_occurrence	452	pLoF	0.078207677430062	0.399620419734364	0.0449275152516886	0.0295608968936386	86
ALG9	ENSG00000086848	C64 Malignant neoplasm of kidney	icd10	985	pLoF	0.0883738142111667	0.316008744050687	0.05072791942229	0.0608642330112381	46
BBIP1	ENSG00000214413	Microalbumin in urine	continuous	119013	pLoF	0.0921894319879812	0.0608035273522057	0.20281346116795	0.0174295014191165	8
NEK8	ENSG00000160602	N23 unspecified renal colic	icd_first_occurrence	4304	pLoF	0.10059986406412	0.25258485875944	0.0585118140387245	0.0235010299288244	39
BBS9	ENSG00000122507	N18 chronic renal failure	icd_first_occurrence	14086	pLoF	0.105057322846426	0.414467415037368	0.0582860638437811	0.00854583877048042	61
TMEM67	ENSG00000164953	N18 chronic renal failure	icd_first_occurrence	14086	pLoF	0.105854667548086	0.35073311508985	0.0594274162420179	0.0064276109518773	86
ANKS6	ENSG00000165138	Cystatin C	continuous	376784	pLoF	0.1122870935649	0.059543214329656	0.417319805029129	0.00484731034754756	50
ANKS6	ENSG00000165138	C64 Malignant neoplasm of kidney	icd10	985	pLoF	0.113949743439671	0.47536989335667	0.0640838574643733	0.0379067505704585	50
CC2D2A	ENSG00000048342	N08 glomerular disorders in dis. class. elsewhere	icd_first_occurrence	531	pLoF	0.114845346919117	0.247771602635318	0.0648283921697815	0.0358461300268906	136
CC2D2A	ENSG00000048342	N17 acute renal failure	icd_first_occurrence	7312	pLoF	0.114892073147471	0.0637727643008926	0.203308023604006	0.0158765325228701	136
TMEM237	ENSG00000155755	Cystatin C	continuous	376784	pLoF	0.116072944281973	0.0660114148782753	0.182213199007071	-0.00311490765572516	44
AHI1	ENSG00000135541	Cystatin C	continuous	376784	pLoF	0.116961640430604	0.0635790758522813	0.272582201660346	0.00227865597921471	99
MKS1	ENSG00000011143	Urea	continuous	376551	pLoF	0.118600044286654	0.734611430127328	0.0646639444326533	-0.000787557866385671	48
LZTFL1	ENSG00000163818	Urea	continuous	376551	pLoF	0.121805471164568	0.285021236745035	0.0672148811703909	0.00663649756463523	17
SDCCAG8	ENSG00000054282	Urea	continuous	376551	pLoF	0.122264681851134	0.0691835860385021	0.402453260138147	0.00393438587897778	59
IFT172	ENSG00000138002	Creatinine (enzymatic) in urine	continuous	383774	pLoF	0.131383974361678	0.495697769174351	0.0712233337455054	-0.001088530735669	123
AHI1	ENSG00000135541	N19 unspecified renal failure	icd_first_occurrence	2345	pLoF	0.131501205986487	0.674078154104638	0.0727669376903147	0.00726552742013747	99
DYNC2I1	ENSG00000126870	N20 calculus of kidney and ureter	icd_first_occurrence	5879	pLoF	0.131973404151393	0.144652165474876	0.0790432008736061	0.0241007532039588	87
BBS7	ENSG00000138686	N23 unspecified renal colic	icd_first_occurrence	4304	pLoF	0.132379961735515	0.503446629526239	0.0761877157877369	0.0157012539198264	39
BBS5	ENSG00000163093	N28 other disorders of kidney and ureter	icd_first_occurrence	5275	pLoF	0.133932054002894	0.248656683936936	0.0734015167925848	0.0343842107831527	28
SDCCAG8	ENSG00000054282	Cystatin C	continuous	376784	pLoF	0.135917152061219	0.0772048534062538	0.870511337138631	0.00359224004171047	59
CEP290	ENSG00000198707	N23 unspecified renal colic	icd_first_occurrence	4304	pLoF	0.136130960460081	0.648984457600853	0.0721093157562935	-0.0035840906869005	253
BBS5	ENSG00000163093	N20 calculus of kidney and ureter	icd_first_occurrence	5879	pLoF	0.136716298491008	0.256459067452611	0.0746713114538393	0.0335662027690921	28
NEK8	ENSG00000160602	Cystatin C	continuous	376784	pLoF	0.138207526557305	0.474037860664169	0.0806714186300383	-0.0014058685381733	39
BBS7	ENSG00000138686	Q61 cystic kidney disease	icd_first_occurrence	735	pLoF	0.138362959151118	0.497188995310666	0.0790177592170086	0.0355533356069857	39
BBS2	ENSG00000125124	N25 impaired renal tubular function	icd_first_occurrence	160	pLoF	0.139282359495907	0.298851220066849	0.0829706213639776	0.065517658006234	63
BBS7	ENSG00000138686	N08 glomerular disorders in dis. class. elsewhere	icd_first_occurrence	531	pLoF	0.146350484919462	0.321429298550489	0.0859781708619072	0.0612199064826204	39
BBS4	ENSG00000140463	Cystatin C	continuous	376784	pLoF	0.147438937741942	0.0837288638862892	0.322634218432587	-0.00357570196261815	48
IFT140	ENSG00000187535	Q60 renal agenesis / reduction defects	icd_first_occurrence	199	pLoF	0.148911939608826	0.463340963393523	0.0876982732957081	0.0394464321320391	82
IFT122	ENSG00000163913	N20 calculus of kidney and ureter	icd_first_occurrence	5879	pLoF	0.155244806949953	0.882290706697565	0.0932412521537874	-0.00167511278670777	101
DYNC2I1	ENSG00000126870	N17 acute renal failure	icd_first_occurrence	7312	pLoF	0.155378497190014	0.831500947969946	0.0849415482178142	-0.00320628827275696	87
IFT122	ENSG00000163913	N18 chronic renal failure	icd_first_occurrence	14086	pLoF	0.156632667943036	0.0953131660244135	0.531748530477584	-0.012446978569106	101
LZTFL1	ENSG00000163818	N18 chronic renal failure	icd_first_occurrence	14086	pLoF	0.158077799967765	0.254479296894865	0.08826033476174	0.0341632534630971	17
NEK8	ENSG00000160602	Creatinine (enzymatic) in urine	continuous	383774	pLoF	0.158236090273008	0.0995828786884252	0.145057457604368	-0.00336842622528232	39
CC2D2A	ENSG00000048342	Creatinine	continuous	376624	pLoF	0.160484828095781	0.3231721005755	0.0912661209564856	0.000929747460573702	136
ALG9	ENSG00000086848	N28 other disorders of kidney and ureter	icd_first_occurrence	5275	pLoF	0.163012456840888	0.125912399196671	0.112215691311387	0.0431608287919142	46
INVS	ENSG00000119509	I12 hypertensive renal disease	icd_first_occurrence	1513	pLoF	0.171066636858059	0.113251526907134	0.141867767325762	0.0450860018002073	84
TMEM237	ENSG00000155755	N18 chronic renal failure	icd_first_occurrence	14086	pLoF	0.171877001714174	0.976835861908773	0.0988401068444691	8.73785935209393e-05	44
NPHP3	ENSG00000113971	N19 unspecified renal failure	icd_first_occurrence	2345	pLoF	0.173465047710416	0.0971666562315056	0.821235596234837	-0.0271557431443402	115
MKS1	ENSG00000011143	Q61 cystic kidney disease	icd_first_occurrence	735	pLoF	0.173532572047014	0.535291061839157	0.0980026150397768	0.0316629959462617	48
MKS1	ENSG00000011143	I12 hypertensive renal disease	icd_first_occurrence	1513	pLoF	0.17379069305161	0.455898445876372	0.096255201906053	0.0256418502509882	48
INVS	ENSG00000119509	N23 unspecified renal colic	icd_first_occurrence	4304	pLoF	0.177279050634903	0.114805364912211	0.145998898957514	0.0271760398607093	84
BBS2	ENSG00000125124	Urea	continuous	376551	pLoF	0.184990325981274	0.235307330074793	0.109890381260342	0.00155312711849118	63
TMEM67	ENSG00000164953	Creatinine	continuous	376624	pLoF	0.186435970065132	0.106680786404431	0.654840591773838	0.00161110089633175	86
TMEM216	ENSG00000187049	Creatinine (enzymatic) in urine	continuous	383774	pLoF	0.192214120329086	0.14069740396005	0.224541950414046	-0.00376007223350904	13
DYNC2I1	ENSG00000126870	Creatinine (enzymatic) in urine	continuous	383774	pLoF	0.192223831757859	0.105244298742803	0.427853854193942	0.00322650081770111	87
TMEM67	ENSG00000164953	Creatinine (enzymatic) in urine	continuous	383774	pLoF	0.193032574723891	0.110618197445731	0.277456947638237	0.00190028250972425	86
TMEM237	ENSG00000155755	Creatinine	continuous	376624	pLoF	0.197806081566311	0.18638335543966	0.115251180413496	-0.001986706780852	44
INVS	ENSG00000119509	C64 Malignant neoplasm of kidney	icd10	985	pLoF	0.207137716527923	0.507515366374713	0.117208910844566	0.0221873868437632	84
PKD1	ENSG00000008710	Creatinine (enzymatic) in urine	continuous	383774	pLoF	0.208159615968693	0.130316842677664	0.700363023270346	-0.00288531606245637	92
TMEM67	ENSG00000164953	Cystatin C	continuous	376784	pLoF	0.209322435295962	0.120341092885892	0.748052137263676	0.00174710485010575	86
BBS10	ENSG00000179941	Urea	continuous	376551	pLoF	0.209792834858955	0.360856146188309	0.156560874884363	0.00239988348520131	14
BBS9	ENSG00000122507	Cystatin C	continuous	376784	pLoF	0.211978031024342	0.133763562448966	0.163897520958535	0.00265960743445507	61
BBS4	ENSG00000140463	Urea	continuous	376551	pLoF	0.215798476553962	0.325569071562702	0.125321985389605	-0.00216429745867683	48
IFT122	ENSG00000163913	N17 acute renal failure	icd_first_occurrence	7312	pLoF	0.218191100493134	0.233546446568236	0.131706199764402	-0.0121365838358507	101
DNAJB11	ENSG00000090520	Microalbumin in urine	continuous	119013	pLoF	0.218624461830897	0.12873467077879	0.81910323768374	0.0189412955887104	25
CEP290	ENSG00000198707	N17 acute renal failure	icd_first_occurrence	7312	pLoF	0.218871900701511	0.151136938627256	0.160249579912447	0.00873446451743263	253
PKD2	ENSG00000118762	Creatinine (enzymatic) in urine	continuous	383774	pLoF	0.221068547384889	0.124249645073431	0.582170575949602	-0.00627609773144995	39
AHI1	ENSG00000135541	N04 nephrotic syndrome	icd_first_occurrence	242	pLoF	0.222189709394087	0.554653609429275	0.127304066183465	0.0299117551103686	99
LZTFL1	ENSG00000163818	Creatinine	continuous	376624	pLoF	0.222875034050706	0.489772321841911	0.127775225132521	0.00357126465774801	17
TMEM216	ENSG00000187049	C64 Malignant neoplasm of kidney	icd10	985	pLoF	0.223490388617718	0.570284806862947	0.153909160215063	0.0283220489508976	13
TMEM231	ENSG00000205084	Creatinine	continuous	376624	pLoF	0.224304990105235	0.308858265161326	0.127120690532618	-0.00306819101962206	31
BBS9	ENSG00000122507	N20 calculus of kidney and ureter	icd_first_occurrence	5879	pLoF	0.225183830442073	0.909714570891325	0.128249700020113	-0.00175458257196716	61
BBS7	ENSG00000138686	N18 chronic renal failure	icd_first_occurrence	14086	pLoF	0.227114992006759	0.131504336759173	0.386843535658524	0.0200967437058468	39
BBIP1	ENSG00000214413	Creatinine (enzymatic) in urine	continuous	383774	pLoF	0.228290856425413	0.160484783374748	0.290449876921164	-0.00653813434174627	8
LZTFL1	ENSG00000163818	Cystatin C	continuous	376784	pLoF	0.229111644453852	0.510334985029969	0.131625574231509	0.00383549270979835	17
BBIP1	ENSG00000214413	N18 chronic renal failure	icd_first_occurrence	14086	pLoF	0.236590505421289	0.252431394101437	0.16182624151044	0.0268234390966816	8
SDCCAG8	ENSG00000054282	Creatinine (enzymatic) in urine	continuous	383774	pLoF	0.237006307753085	0.138722960113483	0.487822730374642	-0.00316480281036721	59
RPGRIP1L	ENSG00000103494	Creatinine	continuous	376624	pLoF	0.239467413744401	0.137268438846119	0.285189366247557	0.0022370065429525	96
IFT172	ENSG00000138002	Cystatin C	continuous	376784	pLoF	0.239557802156017	0.361491301034811	0.133854450847267	-0.00139177077247675	123
BBS7	ENSG00000138686	N17 acute renal failure	icd_first_occurrence	7312	pLoF	0.244204669683429	0.621437381934049	0.141799455660065	0.00870444736386752	39
IFT172	ENSG00000138002	Creatinine	continuous	376624	pLoF	0.245704281800463	0.222013650115346	0.139132246289635	-0.00165305991660401	123
SDCCAG8	ENSG00000054282	Creatinine	continuous	376624	pLoF	0.256470615119532	0.167378819973158	0.17457477182705	0.00249029775019603	59
LZTFL1	ENSG00000163818	N28 other disorders of kidney and ureter	icd_first_occurrence	5275	pLoF	0.258088629095265	0.59401572248324	0.151653854947079	0.0258668955839291	17
NEK8	ENSG00000160602	N08 glomerular disorders in dis. class. elsewhere	icd_first_occurrence	531	pLoF	0.261398358525162	0.478163394726943	0.162183349862015	0.0383928227128312	39
BBS1	ENSG00000174483	N28 other disorders of kidney and ureter	icd_first_occurrence	5275	pLoF	0.263277802411351	0.383822038761841	0.14927453810928	0.0240871256101139	48
TMEM67	ENSG00000164953	N20 calculus of kidney and ureter	icd_first_occurrence	5879	pLoF	0.267091567608358	0.658431295233677	0.154761769455676	0.00455828129986214	86
BBS10	ENSG00000179941	N19 unspecified renal failure	icd_first_occurrence	2345	pLoF	0.269425979739814	0.799984991473522	0.195982186636224	-0.00864496389069566	14
TMEM231	ENSG00000205084	N23 unspecified renal colic	icd_first_occurrence	4304	pLoF	0.26983288161331	0.425500817793238	0.155655675255278	0.0283894439492297	31
BBS10	ENSG00000179941	N23 unspecified renal colic	icd_first_occurrence	4304	pLoF	0.27453442107326	0.300035411141132	0.20882028843443	0.0270682965825096	14
CEP290	ENSG00000198707	Urea	continuous	376551	pLoF	0.275226443929729	0.698500618946402	0.153860708348835	0.000303089231021256	253
CEP290	ENSG00000198707	Creatinine	continuous	376624	pLoF	0.275433905072381	0.751948128358756	0.154574336846349	0.000205965512281422	253
MKKS	ENSG00000125863	N19 unspecified renal failure	icd_first_occurrence	2345	pLoF	0.280230663456621	0.678671906868333	0.16353392006246	0.0185230501746872	37
IFT172	ENSG00000138002	C64 Malignant neoplasm of kidney	icd10	985	pLoF	0.280560659441006	0.621671514278162	0.15925421501893	0.0157320910534132	123
BBS2	ENSG00000125124	N19 unspecified renal failure	icd_first_occurrence	2345	pLoF	0.283057800039512	0.173462764105216	0.737977361136894	-0.024442445813055	63
DYNC2I1	ENSG00000126870	Microalbumin in urine	continuous	119013	pLoF	0.284087034162788	0.166784949595148	0.28141959617016	0.00527367049766099	87
IFT122	ENSG00000163913	I12 hypertensive renal disease	icd_first_occurrence	1513	pLoF	0.28500339119182	0.670806052964361	0.171115657124972	0.009090403303488	101
CEP290	ENSG00000198707	Microalbumin in urine	continuous	119013	pLoF	0.285519318356925	0.168207620240255	0.273835842175981	0.00201619950959487	253
BBS9	ENSG00000122507	N17 acute renal failure	icd_first_occurrence	7312	pLoF	0.287830905023325	0.167211678079286	0.99650983130985	-0.0201472097268034	61
TTC8	ENSG00000165533	Creatinine	continuous	376624	pLoF	0.290328990230258	0.35985662116243	0.171105395821079	0.00263947085490663	28
TMEM216	ENSG00000187049	N20 calculus of kidney and ureter	icd_first_occurrence	5879	pLoF	0.303875428543099	0.390102952494897	0.216689700958056	-0.0183601043116969	13
TMEM67	ENSG00000164953	C64 Malignant neoplasm of kidney	icd10	985	pLoF	0.304853091911825	0.630534916517301	0.178130555951266	0.0116055371363902	86
TMEM237	ENSG00000155755	Q63 other congenital malformations of kidney	icd_first_occurrence	452	pLoF	0.306947603541633	0.491289113596355	0.182219110026174	0.0377306744850085	44
TMEM67	ENSG00000164953	N23 unspecified renal colic	icd_first_occurrence	4304	pLoF	0.310461385358932	0.943142541335777	0.182142839948161	0.000814406907672941	86
IFT122	ENSG00000163913	Q63 other congenital malformations of kidney	icd_first_occurrence	452	pLoF	0.310983733570641	0.750971242516487	0.189742339745544	0.0123807625948509	101
TTC8	ENSG00000165533	N28 other disorders of kidney and ureter	icd_first_occurrence	5275	pLoF	0.311091399418908	0.18454716533801	0.999815888338467	-0.0407359814741182	28
RPGRIP1L	ENSG00000103494	Urea	continuous	376551	pLoF	0.317409014159984	0.285405175989968	0.181503059450409	0.00192991095092714	96
TMEM216	ENSG00000187049	Cystatin C	continuous	376784	pLoF	0.318863905648377	0.830664858943904	0.232627395987306	-0.000508292720669573	13
NEK8	ENSG00000160602	N28 other disorders of kidney and ureter	icd_first_occurrence	5275	pLoF	0.32258859205932	0.499153225428348	0.19870176875143	0.0127457014437915	39
TMEM216	ENSG00000187049	Microalbumin in urine	continuous	119013	pLoF	0.329096848411196	0.44136405356795	0.244419037467537	-0.00369994073938452	13
BBS7	ENSG00000138686	Cystatin C	continuous	376784	pLoF	0.331573708304795	0.341482792371187	0.196142235296347	0.00209419828862593	39
SDCCAG8	ENSG00000054282	N20 calculus of kidney and ureter	icd_first_occurrence	5879	pLoF	0.336281497125045	0.824076582405223	0.204427368745986	0.004127916440862	59
BBS10	ENSG00000179941	I12 hypertensive renal disease	icd_first_occurrence	1513	pLoF	0.345482297990083	0.25065725875804	0.333070819957106	0.047088215240186	14
BBS7	ENSG00000138686	N28 other disorders of kidney and ureter	icd_first_occurrence	5275	pLoF	0.347865653275134	0.204890586392629	0.301428346232999	0.0260510819469799	39
BBS10	ENSG00000179941	Cystatin C	continuous	376784	pLoF	0.351225484035807	0.261557401656721	0.344885168311289	-0.00277037349309055	14
IFT172	ENSG00000138002	N19 unspecified renal failure	icd_first_occurrence	2345	pLoF	0.352919589054051	0.202797185075898	1.0	-0.0280771333539988	123
IFT140	ENSG00000187535	I12 hypertensive renal disease	icd_first_occurrence	1513	pLoF	0.357433079551316	0.43044465657482	0.21961379444728	0.0162832727442099	82
BBS7	ENSG00000138686	Creatinine (enzymatic) in urine	continuous	383774	pLoF	0.357996973997988	0.214966413096675	0.263540611095775	-0.00285207088146089	39
BBS5	ENSG00000163093	Cystatin C	continuous	376784	pLoF	0.36005693775795	0.272701117907978	0.214065458444033	-0.00389592217389872	28
MKKS	ENSG00000125863	N20 calculus of kidney and ureter	icd_first_occurrence	5879	pLoF	0.365269356594585	0.331325726538616	0.220166506296948	0.0273728693567203	37
TTC8	ENSG00000165533	Creatinine (enzymatic) in urine	continuous	383774	pLoF	0.367408387294116	0.342225164943287	0.22196534595562	0.00323305494022108	28
TMEM231	ENSG00000205084	N20 calculus of kidney and ureter	icd_first_occurrence	5879	pLoF	0.374359877513061	0.224161400993763	0.999999250913546	-0.0391977887202245	31
TMEM67	ENSG00000164953	Q61 cystic kidney disease	icd_first_occurrence	735	pLoF	0.380213829393763	0.227895938434339	0.999819659951422	-0.035169879468548	86
BBS2	ENSG00000125124	Cystatin C	continuous	376784	pLoF	0.380784875699988	0.241564808136912	0.732671434793329	-0.0014402403486468	63
ZNF423	ENSG00000102935	Creatinine (enzymatic) in urine	continuous	383774	pLoF	0.381070774156199	0.721931505909219	0.235622622504946	0.00339191919133334	11
TMEM237	ENSG00000155755	N23 unspecified renal colic	icd_first_occurrence	4304	pLoF	0.382919630676328	0.231530871098455	0.969505013918675	-0.0226930173392656	44
CEP290	ENSG00000198707	N08 glomerular disorders in dis. class. elsewhere	icd_first_occurrence	531	pLoF	0.383806156903976	0.224678993272797	0.999981504782181	-0.0268687152901603	253
CC2D2A	ENSG00000048342	Q60 renal agenesis / reduction defects	icd_first_occurrence	199	pLoF	0.386507197719757	0.59872491283498	0.240342529915905	0.0264425221512405	136
BBS2	ENSG00000125124	N23 unspecified renal colic	icd_first_occurrence	4304	pLoF	0.387978594591715	0.246572125878201	0.837156776747821	-0.0151914121712409	63
PKD2	ENSG00000118762	N20 calculus of kidney and ureter	icd_first_occurrence	5879	pLoF	0.38812480241604	0.483927275845588	0.234120632157595	0.0243262992090026	39
CEP290	ENSG00000198707	N04 nephrotic syndrome	icd_first_occurrence	242	pLoF	0.388513920184385	0.227831186638831	1.0	-0.040218798674441	253
IFT122	ENSG00000163913	Cystatin C	continuous	376784	pLoF	0.391062849688046	0.918584332697408	0.242687621783531	0.000124339233478284	101
BBS7	ENSG00000138686	N19 unspecified renal failure	icd_first_occurrence	2345	pLoF	0.392238065885534	0.742985678819528	0.23504072315328	0.00995583599643129	39
NPHP3	ENSG00000113971	I12 hypertensive renal disease	icd_first_occurrence	1513	pLoF	0.394468193493214	0.587272130876493	0.238557434095343	0.0106675312838791	115
TMEM231	ENSG00000205084	Microalbumin in urine	continuous	119013	pLoF	0.409598311168239	0.252867396229233	0.758743382487075	0.00809831657168034	31
TMEM216	ENSG00000187049	Creatinine	continuous	376624	pLoF	0.410877410719927	0.302592954954386	0.678700681480054	-0.00220000299103282	13
TMEM231	ENSG00000205084	N28 other disorders of kidney and ureter	icd_first_occurrence	5275	pLoF	0.41365551603649	0.250370924147395	0.999999962159097	-0.039123807129272	31
SDCCAG8	ENSG00000054282	Q61 cystic kidney disease	icd_first_occurrence	735	pLoF	0.416302733868399	0.587482287000617	0.258945046444417	0.0282089967434963	59
NEK8	ENSG00000160602	Urea	continuous	376551	pLoF	0.420132373898676	0.331707999583915	0.263976456483444	0.00203196452193243	39
DYNC2I1	ENSG00000126870	I12 hypertensive renal disease	icd_first_occurrence	1513	pLoF	0.420430280973369	0.248600457894167	1.0	-0.0403020598191304	87
BBS5	ENSG00000163093	N17 acute renal failure	icd_first_occurrence	7312	pLoF	0.420752777046145	0.578108028569677	0.256750769928039	0.0142829589807959	28
BBS1	ENSG00000174483	Creatinine	continuous	376624	pLoF	0.421811322237433	0.251930770827481	0.843428265641455	-0.00316918762280474	48
BBS9	ENSG00000122507	Urea	continuous	376551	pLoF	0.421884267234669	0.251845922945578	0.444221683675512	0.00216505705622324	61
NPHP1	ENSG00000144061	Creatinine	continuous	376624	pLoF	0.429660978854041	0.262855470356388	0.586304299380146	-0.00266108207318376	37
CEP290	ENSG00000198707	Cystatin C	continuous	376784	pLoF	0.431492044538051	0.267602786094484	0.304796542402121	0.000814778814388233	253
IFT140	ENSG00000187535	C64 Malignant neoplasm of kidney	icd10	985	pLoF	0.43250458398756	0.270910077300391	0.291849122672084	0.028190893481283	82
ANKS6	ENSG00000165138	Creatinine (enzymatic) in urine	continuous	383774	pLoF	0.432622613460274	0.262399798550461	0.640285128994704	0.00306398707490748	50
CC2D2A	ENSG00000048342	C64 Malignant neoplasm of kidney	icd10	985	pLoF	0.436095112743052	0.274350241900931	0.999980023165242	-0.0258337284840087	136
BBS2	ENSG00000125124	N08 glomerular disorders in dis. class. elsewhere	icd_first_occurrence	531	pLoF	0.438852195551285	0.283888697564937	0.999442516831049	-0.0403496783925006	63
NPHP1	ENSG00000144061	N17 acute renal failure	icd_first_occurrence	7312	pLoF	0.444506350527595	0.269604836370862	0.365804989978825	0.0218208263931727	37
BBS1	ENSG00000174483	N18 chronic renal failure	icd_first_occurrence	14086	pLoF	0.444823482814391	0.2683622237796	0.991497433865347	-0.0216385608778484	48
NPHP1	ENSG00000144061	Creatinine (enzymatic) in urine	continuous	383774	pLoF	0.446883003710666	0.276132231197038	0.58213165596478	0.00308259511029207	37
BBS2	ENSG00000125124	N28 other disorders of kidney and ureter	icd_first_occurrence	5275	pLoF	0.449101581712618	0.290666209431122	0.999986871123588	-0.0126180748241885	63
ZNF423	ENSG00000102935	Creatinine	continuous	376624	pLoF	0.45076887453095	0.287596723505707	0.863010291596122	-0.00882291756070437	11
DYNC2I1	ENSG00000126870	N18 chronic renal failure	icd_first_occurrence	14086	pLoF	0.451146240205305	0.419698186662547	0.269864530169103	0.00937380008633816	87
BBS4	ENSG00000140463	I12 hypertensive renal disease	icd_first_occurrence	1513	pLoF	0.458702559627397	0.29017687718301	0.99999661768172	-0.040316109399543	48
BBS12	ENSG00000181004	N18 chronic renal failure	icd_first_occurrence	14086	pLoF	0.459105513768576	0.294843736492048	0.92542505941271	-0.0421307516505495	10
BBS2	ENSG00000125124	N20 calculus of kidney and ureter	icd_first_occurrence	5879	pLoF	0.4636198731933	0.300806551118905	0.849252463096841	-0.0118229482524046	63
TMEM67	ENSG00000164953	N19 unspecified renal failure	icd_first_occurrence	2345	pLoF	0.467211502646634	0.790152835763533	0.288198096021733	0.00433551418268517	86
ANKS6	ENSG00000165138	N20 calculus of kidney and ureter	icd_first_occurrence	5879	pLoF	0.469093932293288	0.28755734935704	0.985342286338724	-0.0249643987634897	50
RPGRIP1L	ENSG00000103494	N20 calculus of kidney and ureter	icd_first_occurrence	5879	pLoF	0.471094137139125	0.282789511064636	0.956210252541856	-0.0161417190553396	96
AHI1	ENSG00000135541	Creatinine	continuous	376624	pLoF	0.482634255576015	0.987798401894902	0.296322532174569	-7.38620221932723e-06	99
NPHP1	ENSG00000144061	N23 unspecified renal colic	icd_first_occurrence	4304	pLoF	0.484062187588115	0.957103491185026	0.299782578336273	0.00143363090862354	37
CEP290	ENSG00000198707	Q63 other congenital malformations of kidney	icd_first_occurrence	452	pLoF	0.485037257900148	0.295630589201775	0.99999816818345	-0.0252007223049398	253
IFT122	ENSG00000163913	N19 unspecified renal failure	icd_first_occurrence	2345	pLoF	0.485108731893941	0.858653256234463	0.304221702870584	-0.00313081902571746	101
ANKS6	ENSG00000165138	N19 unspecified renal failure	icd_first_occurrence	2345	pLoF	0.488008530435686	0.301688950792205	1.0	-0.039943008028889	50
TMEM67	ENSG00000164953	N17 acute renal failure	icd_first_occurrence	7312	pLoF	0.488959521334564	0.303778696998065	0.384614357026973	-0.00972820446777642	86
CEP290	ENSG00000198707	N26 unspecified contracted kidney	icd_first_occurrence	176	pLoF	0.48913800403016	0.298222758884056	1.0	-0.0402423135549437	253
BBS2	ENSG00000125124	Q63 other congenital malformations of kidney	icd_first_occurrence	452	pLoF	0.490041632989951	0.320697475065529	0.999938713229593	-0.0403216986196795	63
ALG9	ENSG00000086848	Microalbumin in urine	continuous	119013	pLoF	0.490420771511069	0.726751345195207	0.30854999437284	0.00196751655992739	46
BBIP1	ENSG00000214413	Creatinine	continuous	376624	pLoF	0.490768301140698	0.3659459585374	0.493623313742969	-0.00382004178803632	8
IFT122	ENSG00000163913	C64 Malignant neoplasm of kidney	icd10	985	pLoF	0.491588839738409	0.315365337348871	0.999999920878716	-0.0280429658032093	101
BBS2	ENSG00000125124	Creatinine	continuous	376624	pLoF	0.494307822923709	0.887325119029701	0.325818198687571	-0.000153541797223941	63
BBS5	ENSG00000163093	N23 unspecified renal colic	icd_first_occurrence	4304	pLoF	0.494970069562373	0.309810671059037	1.0	-0.0398956073797065	28
MKS1	ENSG00000011143	Microalbumin in urine	continuous	119013	pLoF	0.495512829219154	0.507230910827353	0.310341060230097	0.00292541283653446	48
NPHP3	ENSG00000113971	N08 glomerular disorders in dis. class. elsewhere	icd_first_occurrence	531	pLoF	0.497016019247327	0.597687887201549	0.309806449009623	0.0175450919402486	115
AHI1	ENSG00000135541	Microalbumin in urine	continuous	119013	pLoF	0.497587844832436	0.317103525882111	0.319388927091772	-0.00256786784227354	99
BBS7	ENSG00000138686	I12 hypertensive renal disease	icd_first_occurrence	1513	pLoF	0.506271083859495	0.314384555997318	0.999993097606433	-0.0403293690640529	39
BBS1	ENSG00000174483	Microalbumin in urine	continuous	119013	pLoF	0.507295159586726	0.900457909770534	0.315254869871485	0.000806331673101765	48
GANAB	ENSG00000089597	Microalbumin in urine	continuous	119013	pLoF	0.508180380589321	0.419230711498809	0.323549559395578	0.00851041980489287	31
NPHP3	ENSG00000113971	N18 chronic renal failure	icd_first_occurrence	14086	pLoF	0.508713519629447	0.988023392987638	0.320763946385138	-4.21848274273251e-05	115
DYNC2I1	ENSG00000126870	N23 unspecified renal colic	icd_first_occurrence	4304	pLoF	0.509821702387444	0.31638463459736	0.363419145442057	0.0195485796726337	87
RPGRIP1L	ENSG00000103494	Cystatin C	continuous	376784	pLoF	0.50994267731112	0.311708500258502	0.546524913591423	0.00171609713945213	96
MKKS	ENSG00000125863	Urea	continuous	376551	pLoF	0.512226848784429	0.321690836709656	0.966813433951357	0.00358753640819553	37
TMEM237	ENSG00000155755	Q61 cystic kidney disease	icd_first_occurrence	735	pLoF	0.512246721560397	0.817845073845542	0.329170438202639	0.00982754674665434	44
BBS4	ENSG00000140463	N28 other disorders of kidney and ureter	icd_first_occurrence	5275	pLoF	0.51294509714816	0.645981932791418	0.326144003529282	-0.00892791979385208	48
MKKS	ENSG00000125863	N28 other disorders of kidney and ureter	icd_first_occurrence	5275	pLoF	0.514054489613944	0.61534143290195	0.32563877642667	0.0158667076346519	37
DNAJB11	ENSG00000090520	N18 chronic renal failure	icd_first_occurrence	14086	pLoF	0.521188540267504	0.329145867875642	0.327184197703285	0.0288498054892876	25
NPHP3	ENSG00000113971	N20 calculus of kidney and ureter	icd_first_occurrence	5879	pLoF	0.52149811950398	0.773147119642635	0.327905888504796	-0.00300463785024243	115
CEP290	ENSG00000198707	N25 impaired renal tubular function	icd_first_occurrence	160	pLoF	0.522445415178786	0.323035761608573	1.0	-0.0402472212000439	253
NEK8	ENSG00000160602	C64 Malignant neoplasm of kidney	icd10	985	pLoF	0.524846993057983	0.346605134696045	0.999470882217628	-0.0402771240745308	39
BBIP1	ENSG00000214413	N17 acute renal failure	icd_first_occurrence	7312	pLoF	0.530126913347823	0.391710436116794	0.892744691644376	-0.0287661032906714	8
SDCCAG8	ENSG00000054282	N23 unspecified renal colic	icd_first_occurrence	4304	pLoF	0.53096940381573	0.340899384260356	0.522446550699153	0.0197763029996663	59
NPHP1	ENSG00000144061	Cystatin C	continuous	376784	pLoF	0.534259107275354	0.397859390587726	0.338234111950347	0.00226380212407672	37
MKS1	ENSG00000011143	N28 other disorders of kidney and ureter	icd_first_occurrence	5275	pLoF	0.537812056248192	0.341824748779489	0.99979795364751	-0.0195742712722529	48
ALG9	ENSG00000086848	Creatinine	continuous	376624	pLoF	0.538563606541955	0.340652378771424	0.846840687107339	0.00260559365839126	46
IFT172	ENSG00000138002	N23 unspecified renal colic	icd_first_occurrence	4304	pLoF	0.54053097838081	0.710509284105243	0.331056469418407	0.00583052297959149	123
SDCCAG8	ENSG00000054282	N18 chronic renal failure	icd_first_occurrence	14086	pLoF	0.541257373520116	0.622925806181507	0.351253721238318	0.00618375007312722	59
RPGRIP1L	ENSG00000103494	N17 acute renal failure	icd_first_occurrence	7312	pLoF	0.543825234452959	0.881318659789658	0.337478747793915	0.00197292389125944	96
TMEM67	ENSG00000164953	Microalbumin in urine	continuous	119013	pLoF	0.547068518616597	0.351319768636408	0.520991460198526	0.00209102640905739	86
BBS5	ENSG00000163093	Microalbumin in urine	continuous	119013	pLoF	0.548425482221057	0.351235433830878	0.642975589395056	0.0064993601056296	28
NPHP3	ENSG00000113971	C64 Malignant neoplasm of kidney	icd10	985	pLoF	0.549085725010808	0.37255030039781	0.350393039722109	0.0219737142786866	115
CC2D2A	ENSG00000048342	N19 unspecified renal failure	icd_first_occurrence	2345	pLoF	0.551550874856741	0.494452271667923	0.358385676767577	-0.0101038545846684	136
BBS10	ENSG00000179941	N28 other disorders of kidney and ureter	icd_first_occurrence	5275	pLoF	0.556108057124467	0.557242193080798	0.435380264627647	0.0137557552886135	14
DYNC2I1	ENSG00000126870	C64 Malignant neoplasm of kidney	icd10	985	pLoF	0.556882452544249	0.34676715565645	1.0	-0.040200267067905	87
PKD2	ENSG00000118762	N23 unspecified renal colic	icd_first_occurrence	4304	pLoF	0.560827964833233	0.357592916051882	1.0	-0.0405210950516852	39
TTC8	ENSG00000165533	N19 unspecified renal failure	icd_first_occurrence	2345	pLoF	0.564305695326921	0.367029953826826	0.999999641861782	-0.0403769464690665	28
BBS9	ENSG00000122507	Microalbumin in urine	continuous	119013	pLoF	0.567946259391929	0.356162106384394	0.889553563443645	0.00329884989429415	61
INVS	ENSG00000119509	N18 chronic renal failure	icd_first_occurrence	14086	pLoF	0.56985375263892	0.542410927015284	0.367099885203031	0.00610808909236846	84
IFT122	ENSG00000163913	N23 unspecified renal colic	icd_first_occurrence	4304	pLoF	0.570583736061438	0.838519128222036	0.373248100419491	0.00268879312086789	101
CC2D2A	ENSG00000048342	N20 calculus of kidney and ureter	icd_first_occurrence	5879	pLoF	0.571476524959237	0.374601939743037	0.783002906967559	-0.00877316666518133	136
SDCCAG8	ENSG00000054282	N17 acute renal failure	icd_first_occurrence	7312	pLoF	0.573120809485317	0.860464471190216	0.378962002811736	0.00298090282707844	59
TTC8	ENSG00000165533	N17 acute renal failure	icd_first_occurrence	7312	pLoF	0.573697874694212	0.372991204571222	0.398794140554581	0.0217885529933576	28
NPHP1	ENSG00000144061	N28 other disorders of kidney and ureter	icd_first_occurrence	5275	pLoF	0.576880090904277	0.371803520715431	0.369480735787465	0.0220749884489866	37
MKS1	ENSG00000011143	N20 calculus of kidney and ureter	icd_first_occurrence	5879	pLoF	0.579559232874719	0.657058663509395	0.373873647829928	0.00862526939611671	48
TMEM237	ENSG00000155755	Urea	continuous	376551	pLoF	0.583600970897896	0.378355560731836	0.42633336591358	-0.00158992761559995	44
TTC8	ENSG00000165533	N18 chronic renal failure	icd_first_occurrence	14086	pLoF	0.585431844053353	0.383249842810471	0.719406917697248	0.0173950689246423	28
BBS4	ENSG00000140463	C64 Malignant neoplasm of kidney	icd10	985	pLoF	0.585483613191664	0.387372973315221	1.0	-0.0402212517598397	48
NPHP1	ENSG00000144061	I12 hypertensive renal disease	icd_first_occurrence	1513	pLoF	0.586534794379665	0.380273073161297	0.999989189685494	-0.0402936100191773	37
BBS2	ENSG00000125124	Creatinine (enzymatic) in urine	continuous	383774	pLoF	0.588548971993179	0.401092247850467	0.441314673897267	-0.00108720040843154	63
DNAJB11	ENSG00000090520	Urea	continuous	376551	pLoF	0.591324607375205	0.942487577894293	0.376751181397017	0.000396106995152351	25
MKS1	ENSG00000011143	Cystatin C	continuous	376784	pLoF	0.592025319451391	0.94640211057532	0.385144324378519	-0.000145271919509783	48
BBS4	ENSG00000140463	Creatinine (enzymatic) in urine	continuous	383774	pLoF	0.594626182590096	0.394969072613174	0.85027384058319	0.00184637493225397	48
BBS9	ENSG00000122507	Q61 cystic kidney disease	icd_first_occurrence	735	pLoF	0.595629356430429	0.380047064451364	1.0	-0.0401681056298773	61
BBS1	ENSG00000174483	Cystatin C	continuous	376784	pLoF	0.596578988618389	0.382648269707724	0.90109290095949	-0.00272154414879789	48
BBS1	ENSG00000174483	N23 unspecified renal colic	icd_first_occurrence	4304	pLoF	0.597361936174457	0.658433658428099	0.384337194738191	0.0137665688422542	48
NEK8	ENSG00000160602	Q61 cystic kidney disease	icd_first_occurrence	735	pLoF	0.597489783254717	0.653855243646873	0.40179259841381	0.0224890673049711	39
MKS1	ENSG00000011143	C64 Malignant neoplasm of kidney	icd10	985	pLoF	0.599458253977691	0.391600670597979	1.0	-0.0402180748552832	48
CC2D2A	ENSG00000048342	N04 nephrotic syndrome	icd_first_occurrence	242	pLoF	0.600708473103357	0.733650953005696	0.401966725930103	0.0161400348889014	136
BBS5	ENSG00000163093	Urea	continuous	376551	pLoF	0.602992568892564	0.39258189765253	0.952393873315127	-0.00325263943545619	28
ANKS6	ENSG00000165138	Microalbumin in urine	continuous	119013	pLoF	0.602995236314839	0.417278731330738	0.394102657786676	0.00452418055938498	50
ALG9	ENSG00000086848	Cystatin C	continuous	376784	pLoF	0.606097478147772	0.883014542856484	0.394380946335596	-0.000452338549236808	46
TMEM231	ENSG00000205084	N17 acute renal failure	icd_first_occurrence	7312	pLoF	0.606785673505885	0.931432866620254	0.398185364388819	0.0023515001991868	31
LZTFL1	ENSG00000163818	N20 calculus of kidney and ureter	icd_first_occurrence	5879	pLoF	0.607432426247589	0.402874396609865	0.99999934864482	-0.0409046817064912	17
NEK8	ENSG00000160602	Creatinine	continuous	376624	pLoF	0.609005486303631	0.499270525460498	0.409943964557508	-0.0011803046119188	39
IFT140	ENSG00000187535	N20 calculus of kidney and ureter	icd_first_occurrence	5879	pLoF	0.610794607041697	0.4144467304084	0.947385513907102	-0.00925392261486746	82
BBS12	ENSG00000181004	Microalbumin in urine	continuous	119013	pLoF	0.614216353978584	0.763901934213039	0.441533468844585	0.00447202513922012	10
ANKS6	ENSG00000165138	I12 hypertensive renal disease	icd_first_occurrence	1513	pLoF	0.614438032104538	0.401377832785888	1.0	-0.0398440486365021	50
BBS4	ENSG00000140463	N17 acute renal failure	icd_first_occurrence	7312	pLoF	0.614474110310324	0.839521631627305	0.410043351872901	0.00338228695096587	48
IFT172	ENSG00000138002	Urea	continuous	376551	pLoF	0.618972547230592	0.513909176427983	0.391991682323848	-0.00106055824192344	123
IFT172	ENSG00000138002	N08 glomerular disorders in dis. class. elsewhere	icd_first_occurrence	531	pLoF	0.619248143120779	0.390625511245346	1.0	-0.0400067095978345	123
TMEM67	ENSG00000164953	Urea	continuous	376551	pLoF	0.622558275181564	0.40888232916969	0.638271518333381	0.000990912060406361	86
MKKS	ENSG00000125863	Microalbumin in urine	continuous	119013	pLoF	0.623030097512541	0.705551575449424	0.411547804474433	-0.00227173566220181	37
TMEM216	ENSG00000187049	N19 unspecified renal failure	icd_first_occurrence	2345	pLoF	0.630046886283884	0.642946725276506	0.482916883330881	0.0150292452873347	13
BBS5	ENSG00000163093	N19 unspecified renal failure	icd_first_occurrence	2345	pLoF	0.630545410477904	0.417256471303743	1.0	-0.0399872386386035	28
DYNC2I1	ENSG00000126870	Q61 cystic kidney disease	icd_first_occurrence	735	pLoF	0.630799849038431	0.408266072990282	1.0	-0.0401645632147688	87
INVS	ENSG00000119509	N20 calculus of kidney and ureter	icd_first_occurrence	5879	pLoF	0.632215121791887	0.415788986230863	0.78376149868967	-0.0121464542201027	84
TTC8	ENSG00000165533	Urea	continuous	376551	pLoF	0.633273886976362	0.424276808961423	0.47840989167627	-0.00276518975185995	28
BBS2	ENSG00000125124	C64 Malignant neoplasm of kidney	icd10	985	pLoF	0.636756800499212	0.441162991550643	0.996075442204785	-0.0213593049242306	63
CEP290	ENSG00000198707	N18 chronic renal failure	icd_first_occurrence	14086	pLoF	0.637377676557874	0.953030455071456	0.414369695998715	-0.000265888835254312	253
INVS	ENSG00000119509	N08 glomerular disorders in dis. class. elsewhere	icd_first_occurrence	531	pLoF	0.640885718471315	0.425152381420238	1.0	-0.0401751556151976	84
BBS7	ENSG00000138686	C64 Malignant neoplasm of kidney	icd10	985	pLoF	0.641160969396886	0.422227689941222	1.0	-0.040224946300932	39
TMEM231	ENSG00000205084	N18 chronic renal failure	icd_first_occurrence	14086	pLoF	0.642791170821918	0.428751509298687	0.881542736782101	-0.0171295302626499	31
CEP290	ENSG00000198707	N28 other disorders of kidney and ureter	icd_first_occurrence	5275	pLoF	0.643579541368397	0.419549591460942	0.869742181210922	-0.00573589399492891	253
NPHP3	ENSG00000113971	N04 nephrotic syndrome	icd_first_occurrence	242	pLoF	0.643711868068749	0.430004861383121	1.0	-0.0402251764892814	115
TTC8	ENSG00000165533	Microalbumin in urine	continuous	119013	pLoF	0.644117719847007	0.688397773801874	0.435736818647162	-0.00260011934554774	28
CEP290	ENSG00000198707	N20 calculus of kidney and ureter	icd_first_occurrence	5879	pLoF	0.645585953754097	0.421576912997941	0.752416432588493	-0.00544740575394502	253
IFT140	ENSG00000187535	Creatinine (enzymatic) in urine	continuous	383774	pLoF	0.645705490478789	0.450453300520012	0.510988934390826	0.000947977731067334	82
NEK8	ENSG00000160602	I12 hypertensive renal disease	icd_first_occurrence	1513	pLoF	0.645744726415613	0.548052797286793	0.44364613330909	0.0205294081293318	39
IFT140	ENSG00000187535	N04 nephrotic syndrome	icd_first_occurrence	242	pLoF	0.647274281850819	0.454158771294599	0.999995247546424	-0.0403869422707372	82
BBS12	ENSG00000181004	N17 acute renal failure	icd_first_occurrence	7312	pLoF	0.64917262400117	0.457162298696646	0.9805473652534	-0.0411334034151665	10
BBS10	ENSG00000179941	Microalbumin in urine	continuous	119013	pLoF	0.649354302026759	0.539499044312941	0.54394764733532	0.00311434285245021	14
CC2D2A	ENSG00000048342	Microalbumin in urine	continuous	119013	pLoF	0.649858502948505	0.56239170035526	0.441914787204643	0.00122219289861114	136
BBIP1	ENSG00000214413	N28 other disorders of kidney and ureter	icd_first_occurrence	5275	pLoF	0.649917989694571	0.501350216665168	0.959746495156028	-0.0276523580152187	8
TMEM231	ENSG00000205084	N19 unspecified renal failure	icd_first_occurrence	2345	pLoF	0.653058253347928	0.436089502829631	1.0	-0.0393594760140419	31
BBIP1	ENSG00000214413	N20 calculus of kidney and ureter	icd_first_occurrence	5879	pLoF	0.654094493454679	0.508007512323363	0.952487858610086	-0.0281272539853369	8
BBS10	ENSG00000179941	Creatinine	continuous	376624	pLoF	0.655778104725661	0.854312954964503	0.523604657807234	0.000400783955653331	14
BBS10	ENSG00000179941	Q61 cystic kidney disease	icd_first_occurrence	735	pLoF	0.655950028873545	0.528823669426904	0.670798941903879	-0.0403192378120613	14
DNAJB11	ENSG00000090520	N20 calculus of kidney and ureter	icd_first_occurrence	5879	pLoF	0.656409288786694	0.433575447958344	1.0	-0.0406733638673638	25
INVS	ENSG00000119509	Urea	continuous	376551	pLoF	0.659156277584153	0.441945575879605	0.521654926758071	0.00132935691176657	84
NEK8	ENSG00000160602	N18 chronic renal failure	icd_first_occurrence	14086	pLoF	0.659285651455749	0.496272168759377	0.460930981215911	0.00819048416165592	39
BBS4	ENSG00000140463	Q61 cystic kidney disease	icd_first_occurrence	735	pLoF	0.659810350466243	0.451979370972061	1.0	-0.0401675094478484	48
IFT122	ENSG00000163913	Creatinine (enzymatic) in urine	continuous	383774	pLoF	0.661600113913524	0.934436909026965	0.454564496930314	-0.000105132140260874	101
ZNF423	ENSG00000102935	Cystatin C	continuous	376784	pLoF	0.662206920617387	0.460054353109784	0.962470257751202	-0.00690868218716527	11
IFT122	ENSG00000163913	N08 glomerular disorders in dis. class. elsewhere	icd_first_occurrence	531	pLoF	0.66442609737256	0.457055583780288	1.0	-0.0283042274680124	101
BBS2	ENSG00000125124	N04 nephrotic syndrome	icd_first_occurrence	242	pLoF	0.664674290978103	0.468696453878173	1.0	-0.0403055095617015	63
RPGRIP1L	ENSG00000103494	Creatinine (enzymatic) in urine	continuous	383774	pLoF	0.665839699410391	0.436317686593585	0.495692426753193	-0.00137160249499008	96
DNAJB11	ENSG00000090520	N28 other disorders of kidney and ureter	icd_first_occurrence	5275	pLoF	0.666137073859193	0.436457830328677	1.0	-0.0406019827749964	25
TMEM216	ENSG00000187049	Q61 cystic kidney disease	icd_first_occurrence	735	pLoF	0.667213000935826	0.527385271428757	0.734535245065541	-0.0403326405067872	13
NPHP3	ENSG00000113971	N17 acute renal failure	icd_first_occurrence	7312	pLoF	0.667341961747909	0.655261074771035	0.450152775445202	0.00412113575489795	115
RPGRIP1L	ENSG00000103494	N08 glomerular disorders in dis. class. elsewhere	icd_first_occurrence	531	pLoF	0.667839804209202	0.439032905621916	1.0	-0.0379359937169549	96
AHI1	ENSG00000135541	N28 other disorders of kidney and ureter	icd_first_occurrence	5275	pLoF	0.668928189092998	0.444897221373426	0.563347990116551	0.00910225901911211	99
INVS	ENSG00000119509	Q63 other congenital malformations of kidney	icd_first_occurrence	452	pLoF	0.6692987942842	0.45005591337182	1.0	-0.040170933519515	84
CC2D2A	ENSG00000048342	N28 other disorders of kidney and ureter	icd_first_occurrence	5275	pLoF	0.669774670061313	0.668381277975573	0.460597053778849	0.00434622437373414	136
BBS9	ENSG00000122507	N19 unspecified renal failure	icd_first_occurrence	2345	pLoF	0.673677183518279	0.748727300056227	0.449461285598972	0.00806440964498356	61
BBS12	ENSG00000181004	Cystatin C	continuous	376784	pLoF	0.675151800904904	0.473645801301567	0.862932884274049	0.00465694498263267	10
RPGRIP1L	ENSG00000103494	N23 unspecified renal colic	icd_first_occurrence	4304	pLoF	0.680729847286272	0.927885793249201	0.450606188162413	0.00161660239925535	96
IFT172	ENSG00000138002	I12 hypertensive renal disease	icd_first_occurrence	1513	pLoF	0.682204481296966	0.447784305871366	0.993031636804646	-0.0201815725270884	123
BBS9	ENSG00000122507	N08 glomerular disorders in dis. class. elsewhere	icd_first_occurrence	531	pLoF	0.682851329890412	0.456607098753556	1.0	-0.0401567426479747	61
BBS7	ENSG00000138686	Microalbumin in urine	continuous	119013	pLoF	0.684992469287209	0.575745196560359	0.459716764169907	-0.00269775676049526	39
ANKS6	ENSG00000165138	N23 unspecified renal colic	icd_first_occurrence	4304	pLoF	0.685784449603498	0.464753950283502	0.98297560618465	-0.0197916861321947	50
TTC8	ENSG00000165533	I12 hypertensive renal disease	icd_first_occurrence	1513	pLoF	0.686232900312667	0.472474059814023	1.0	-0.0402776899333949	28
ALG9	ENSG00000086848	Urea	continuous	376551	pLoF	0.686529986758843	0.464311565571013	0.856768000767918	-0.00240188573189079	46
NPHP3	ENSG00000113971	Q60 renal agenesis / reduction defects	icd_first_occurrence	199	pLoF	0.689550968963379	0.469393896370396	1.0	-0.0403027373195625	115
ALG9	ENSG00000086848	I12 hypertensive renal disease	icd_first_occurrence	1513	pLoF	0.689633756083931	0.468606736231764	1.0	-0.040294170392013	46
NPHP3	ENSG00000113971	N23 unspecified renal colic	icd_first_occurrence	4304	pLoF	0.691938103482529	0.472346645496707	0.893128632749502	-0.00857460826349878	115
BBS10	ENSG00000179941	C64 Malignant neoplasm of kidney	icd10	985	pLoF	0.692093840786561	0.579941813850054	0.567493942922536	0.0292994240505466	14
SDCCAG8	ENSG00000054282	C64 Malignant neoplasm of kidney	icd10	985	pLoF	0.69225956729835	0.771263888755062	0.482976365851411	0.0133317358123731	59
ANKS6	ENSG00000165138	N17 acute renal failure	icd_first_occurrence	7312	pLoF	0.693325552775155	0.470862111326098	0.954852605697823	-0.0156573300481502	50
BBS10	ENSG00000179941	N17 acute renal failure	icd_first_occurrence	7312	pLoF	0.693841068957968	0.569773380945938	0.906578450341842	-0.0114056594435747	14
CC2D2A	ENSG00000048342	N26 unspecified contracted kidney	icd_first_occurrence	176	pLoF	0.693910027960696	0.483849370221205	1.0	-0.0398114640011542	136
BBS2	ENSG00000125124	I12 hypertensive renal disease	icd_first_occurrence	1513	pLoF	0.693928229166171	0.492237693920823	0.841914989270674	-0.0152388969958494	63
DYNC2I1	ENSG00000126870	N19 unspecified renal failure	icd_first_occurrence	2345	pLoF	0.694948873197131	0.463978036709628	0.99236032242962	-0.0200414996595353	87
MKKS	ENSG00000125863	N18 chronic renal failure	icd_first_occurrence	14086	pLoF	0.696182213745566	0.834538262638755	0.471350482236727	-0.00424689903128323	37
IFT122	ENSG00000163913	Q61 cystic kidney disease	icd_first_occurrence	735	pLoF	0.698379748873531	0.942753501195385	0.492628333850875	-0.00221964141164945	101
BBS9	ENSG00000122507	Creatinine (enzymatic) in urine	continuous	383774	pLoF	0.698586101313968	0.840860135016358	0.467885081926993	-0.000375347486005835	61
BBS12	ENSG00000181004	Urea	continuous	376551	pLoF	0.699224224789946	0.684140051712702	0.497281558642796	0.00281463308243425	10
TTC8	ENSG00000165533	N20 calculus of kidney and ureter	icd_first_occurrence	5879	pLoF	0.699694365272322	0.485638313024268	0.845082707517504	-0.0197010038178758	28
BBS12	ENSG00000181004	N20 calculus of kidney and ureter	icd_first_occurrence	5879	pLoF	0.700139123195312	0.505640000882344	0.992449663204541	-0.0407612354211886	10
ALG9	ENSG00000086848	N20 calculus of kidney and ureter	icd_first_occurrence	5879	pLoF	0.703650086143136	0.483659860047569	0.986895999318217	-0.0201558291720579	46
BBS4	ENSG00000140463	N20 calculus of kidney and ureter	icd_first_occurrence	5879	pLoF	0.704424304515485	0.558867655170177	0.489250701796616	0.010785490654108	48
ALG9	ENSG00000086848	Creatinine (enzymatic) in urine	continuous	383774	pLoF	0.704614109154234	0.857767185190843	0.480642792596359	-0.000592629890141895	46
LZTFL1	ENSG00000163818	N23 unspecified renal colic	icd_first_occurrence	4304	pLoF	0.705246315778329	0.486886623554651	1.0	-0.0406003508678868	17
NPHP1	ENSG00000144061	C64 Malignant neoplasm of kidney	icd10	985	pLoF	0.707682902214353	0.487573113584558	1.0	-0.0402167246681473	37
TMEM67	ENSG00000164953	N04 nephrotic syndrome	icd_first_occurrence	242	pLoF	0.708602707545642	0.488401944754449	1.0	-0.0349355019411673	86
BBS2	ENSG00000125124	Q60 renal agenesis / reduction defects	icd_first_occurrence	199	pLoF	0.709705541459723	0.509773021871858	1.0	-0.0402958252467895	63
DYNC2I1	ENSG00000126870	N08 glomerular disorders in dis. class. elsewhere	icd_first_occurrence	531	pLoF	0.713505889192951	0.480630842815037	1.0	-0.0401413384210828	87
BBS5	ENSG00000163093	Creatinine (enzymatic) in urine	continuous	383774	pLoF	0.715633334620802	0.822586869692715	0.492976721377172	0.00082895648513164	28
CC2D2A	ENSG00000048342	N25 impaired renal tubular function	icd_first_occurrence	160	pLoF	0.715873119993952	0.503724746143803	1.0	-0.0396520735348157	136
DNAJB11	ENSG00000090520	N23 unspecified renal colic	icd_first_occurrence	4304	pLoF	0.71689100421442	0.48588657422243	1.0	-0.0405242992092856	25
BBIP1	ENSG00000214413	N23 unspecified renal colic	icd_first_occurrence	4304	pLoF	0.717199585422272	0.575154866091109	0.971708695616859	-0.0264600730530313	8
RPGRIP1L	ENSG00000103494	N18 chronic renal failure	icd_first_occurrence	14086	pLoF	0.717342178669352	0.485666958783453	0.852752220751995	-0.00711202189671151	96
TMEM216	ENSG00000187049	N23 unspecified renal colic	icd_first_occurrence	4304	pLoF	0.719590170732228	0.567395181682969	0.62578467403276	0.01551515925941	13
BBS10	ENSG00000179941	N08 glomerular disorders in dis. class. elsewhere	icd_first_occurrence	531	pLoF	0.721456053636664	0.597856334309392	0.773069401298129	-0.0403010501371152	14
NEK8	ENSG00000160602	N17 acute renal failure	icd_first_occurrence	7312	pLoF	0.721509856482343	0.519377116766742	0.670421475242708	0.0103750882924102	39
BBS12	ENSG00000181004	Creatinine (enzymatic) in urine	continuous	383774	pLoF	0.721919574096622	0.590064234732279	0.530296383872383	-0.00369922839322127	10
TMEM216	ENSG00000187049	N08 glomerular disorders in dis. class. elsewhere	icd_first_occurrence	531	pLoF	0.72281260325278	0.585055099347213	0.827271130561946	-0.0403189920853852	13
BBS12	ENSG00000181004	N28 other disorders of kidney and ureter	icd_first_occurrence	5275	pLoF	0.723687193865762	0.526571206386414	0.997169425374698	-0.0406198938480132	10
TMEM216	ENSG00000187049	Q63 other congenital malformations of kidney	icd_first_occurrence	452	pLoF	0.724232340190441	0.597123227964251	0.784887517290302	-0.0402560302530367	13
ZNF423	ENSG00000102935	Urea	continuous	376551	pLoF	0.726413065240446	0.523943812885855	0.520845399350198	-0.00634499176720314	11
BBS4	ENSG00000140463	N08 glomerular disorders in dis. class. elsewhere	icd_first_occurrence	531	pLoF	0.727409598718666	0.517481904653887	1.0	-0.0401601043026784	48
NPHP3	ENSG00000113971	N26 unspecified contracted kidney	icd_first_occurrence	176	pLoF	0.727429520859178	0.506625005423772	1.0	-0.0402824123627862	115
BBS5	ENSG00000163093	I12 hypertensive renal disease	icd_first_occurrence	1513	pLoF	0.727928472960543	0.508118674983465	1.0	-0.0400590276834977	28
ZNF423	ENSG00000102935	N18 chronic renal failure	icd_first_occurrence	14086	pLoF	0.729538554461229	0.527752758393494	0.99996681161501	-0.0333338540769132	11
IFT122	ENSG00000163913	N28 other disorders of kidney and ureter	icd_first_occurrence	5275	pLoF	0.731736349866436	0.735839084791425	0.520231840215735	0.00395876382747837	101
IFT172	ENSG00000138002	N17 acute renal failure	icd_first_occurrence	7312	pLoF	0.732261612328008	0.489798698417377	0.988498854892512	-0.00863284191211012	123
SDCCAG8	ENSG00000054282	N08 glomerular disorders in dis. class. elsewhere	icd_first_occurrence	531	pLoF	0.733644390130351	0.521895042612916	1.0	-0.0390717443621202	59
MKS1	ENSG00000011143	N18 chronic renal failure	icd_first_occurrence	14086	pLoF	0.736981942700594	0.73752944856574	0.514276627678216	-0.00416710632156326	48
NEK8	ENSG00000160602	Q63 other congenital malformations of kidney	icd_first_occurrence	452	pLoF	0.738465007616922	0.529543943444196	0.999999922267034	-0.0401709654496486	39
AHI1	ENSG00000135541	N17 acute renal failure	icd_first_occurrence	7312	pLoF	0.73927366897452	0.926550596831453	0.511258690518832	0.000949231747341754	99
TMEM237	ENSG00000155755	N28 other disorders of kidney and ureter	icd_first_occurrence	5275	pLoF	0.739697548723893	0.51905687655321	0.913592551408246	-0.0110213868604016	44
MKS1	ENSG00000011143	N19 unspecified renal failure	icd_first_occurrence	2345	pLoF	0.739725720050921	0.822817176478584	0.519773612379973	0.00677959061226113	48
AHI1	ENSG00000135541	Q60 renal agenesis / reduction defects	icd_first_occurrence	199	pLoF	0.741542408684374	0.513355411537731	1.0	-0.0401790175443913	99
INVS	ENSG00000119509	Creatinine (enzymatic) in urine	continuous	383774	pLoF	0.742254043959038	0.520396749542728	0.716127075536624	-0.00108887863826142	84
BBS2	ENSG00000125124	N26 unspecified contracted kidney	icd_first_occurrence	176	pLoF	0.742765552338361	0.540841920380152	1.0	-0.0402969538203395	63
BBS10	ENSG00000179941	Creatinine (enzymatic) in urine	continuous	383774	pLoF	0.745352373631094	0.621624132766123	0.929542937196127	-0.00126638827370809	14
TMEM231	ENSG00000205084	I12 hypertensive renal disease	icd_first_occurrence	1513	pLoF	0.746338713849279	0.525796555472595	1.0	-0.0394985421812636	31
BBS10	ENSG00000179941	N18 chronic renal failure	icd_first_occurrence	14086	pLoF	0.748176050982824	0.632147060201245	0.672671563145286	-0.00686588750410971	14
BBS2	ENSG00000125124	Q61 cystic kidney disease	icd_first_occurrence	735	pLoF	0.749451812320041	0.769759855014317	0.547334955460574	0.00901356250977075	63
NPHP3	ENSG00000113971	N25 impaired renal tubular function	icd_first_occurrence	160	pLoF	0.750348878212615	0.5296283149332	1.0	-0.0402029570664768	115
BBS1	ENSG00000174483	Creatinine (enzymatic) in urine	continuous	383774	pLoF	0.750371109241818	0.522906666760744	0.937256411270428	-0.00213081896593646	48
CEP290	ENSG00000198707	Creatinine (enzymatic) in urine	continuous	383774	pLoF	0.750664984521552	0.519873946915684	0.703056711165379	0.000495452659851014	253
TMEM237	ENSG00000155755	N20 calculus of kidney and ureter	icd_first_occurrence	5879	pLoF	0.753375485325839	0.765030400821065	0.532187003689472	0.00483690847481586	44
BBIP1	ENSG00000214413	Cystatin C	continuous	376784	pLoF	0.754417564532101	0.896893907382486	0.612434162819199	-0.000611284805841255	8
BBS9	ENSG00000122507	N23 unspecified renal colic	icd_first_occurrence	4304	pLoF	0.756077051153847	0.545310179198629	0.524523443269431	0.0110219992355755	61
BBS4	ENSG00000140463	N19 unspecified renal failure	icd_first_occurrence	2345	pLoF	0.757483621213993	0.547967628114457	0.955964226325476	-0.0180096051733555	48
NPHP1	ENSG00000144061	Q61 cystic kidney disease	icd_first_occurrence	735	pLoF	0.760369113747585	0.551363290561019	1.0	-0.0402035413539615	37
TTC8	ENSG00000165533	C64 Malignant neoplasm of kidney	icd10	985	pLoF	0.760659180221969	0.547990275729661	1.0	-0.0401978702376404	28
MKS1	ENSG00000011143	N08 glomerular disorders in dis. class. elsewhere	icd_first_occurrence	531	pLoF	0.764198532037845	0.541840761426998	1.0	-0.0401334351115033	48
NPHP1	ENSG00000144061	Urea	continuous	376551	pLoF	0.765037341571835	0.551307168281417	0.782431440252716	0.00170505015379425	37
BBS4	ENSG00000140463	Q63 other congenital malformations of kidney	icd_first_occurrence	452	pLoF	0.765108792212279	0.553462552078721	1.0	-0.0401262137352007	48
BBS10	ENSG00000179941	N20 calculus of kidney and ureter	icd_first_occurrence	5879	pLoF	0.767254384710562	0.743646089790334	0.650324700734613	0.00720802405168943	14
AHI1	ENSG00000135541	Urea	continuous	376551	pLoF	0.769177469846104	0.542798536907735	0.886453311456899	-0.000797061767860004	99
BBS2	ENSG00000125124	N18 chronic renal failure	icd_first_occurrence	14086	pLoF	0.769232250604292	0.567554507888973	0.901700395576748	-0.00424806409687288	63
TMEM67	ENSG00000164953	N26 unspecified contracted kidney	icd_first_occurrence	176	pLoF	0.770806654310854	0.552994504942038	1.0	-0.0355446092852547	86
LZTFL1	ENSG00000163818	N17 acute renal failure	icd_first_occurrence	7312	pLoF	0.771848673127499	0.875872907508348	0.557017477943409	0.0066016034935652	17
BBS12	ENSG00000181004	N23 unspecified renal colic	icd_first_occurrence	4304	pLoF	0.774605941436225	0.578725363966716	0.999414490967295	-0.0404935592724484	10
BBS4	ENSG00000140463	Microalbumin in urine	continuous	119013	pLoF	0.777946345260228	0.565046885869409	0.59885608733748	0.00227275890799366	48
AHI1	ENSG00000135541	N25 impaired renal tubular function	icd_first_occurrence	160	pLoF	0.780507793523412	0.553757220341548	1.0	-0.0401781209000214	99
ANKS6	ENSG00000165138	Q61 cystic kidney disease	icd_first_occurrence	735	pLoF	0.78094526215115	0.559299080795226	1.0	-0.0397258498592776	50
SDCCAG8	ENSG00000054282	N19 unspecified renal failure	icd_first_occurrence	2345	pLoF	0.783719390335634	0.573275130823472	0.643853057437078	-0.0162064200923384	59
IFT122	ENSG00000163913	Microalbumin in urine	continuous	119013	pLoF	0.784529953584266	0.584152336512316	0.962563056281996	0.00139072334215459	101
BBS1	ENSG00000174483	C64 Malignant neoplasm of kidney	icd10	985	pLoF	0.784798716915245	0.558249453204186	1.0	-0.0399553745117472	48
BBIP1	ENSG00000214413	Urea	continuous	376551	pLoF	0.78546217058291	0.991011264254143	0.646480388623028	6.11649055375001e-05	8
TMEM67	ENSG00000164953	N25 impaired renal tubular function	icd_first_occurrence	160	pLoF	0.790183452552389	0.575493646373815	1.0	-0.0356194425258347	86
TMEM216	ENSG00000187049	N28 other disorders of kidney and ureter	icd_first_occurrence	5275	pLoF	0.793174461497147	0.965763317232088	0.67244868066759	0.00100761746956149	13
MKS1	ENSG00000011143	Q63 other congenital malformations of kidney	icd_first_occurrence	452	pLoF	0.79523943877157	0.576640079528075	1.0	-0.040111692103353	48
BBIP1	ENSG00000214413	N19 unspecified renal failure	icd_first_occurrence	2345	pLoF	0.799573375507173	0.653842420108341	0.995834418597716	-0.0280142851293203	8
CC2D2A	ENSG00000048342	N23 unspecified renal colic	icd_first_occurrence	4304	pLoF	0.799877690664384	0.649750771214524	0.594745075133633	-0.00513113285696959	136
IFT172	ENSG00000138002	N04 nephrotic syndrome	icd_first_occurrence	242	pLoF	0.800202804073471	0.563007445925379	1.0	-0.0397827738695391	123
LZTFL1	ENSG00000163818	Creatinine (enzymatic) in urine	continuous	383774	pLoF	0.800806436260325	0.979329328530433	0.588242286343794	0.000169647737773793	17
ALG9	ENSG00000086848	N17 acute renal failure	icd_first_occurrence	7312	pLoF	0.800912440690511	0.780527068933732	0.584897734751625	0.00693437518671631	46
INVS	ENSG00000119509	N04 nephrotic syndrome	icd_first_occurrence	242	pLoF	0.802070305155439	0.584923341184995	1.0	-0.0401453891522098	84
AHI1	ENSG00000135541	N08 glomerular disorders in dis. class. elsewhere	icd_first_occurrence	531	pLoF	0.803706820565908	0.909066706903125	0.582717958881029	-0.00415012473629324	99
NPHP1	ENSG00000144061	N08 glomerular disorders in dis. class. elsewhere	icd_first_occurrence	531	pLoF	0.80678091646421	0.607158184393278	1.0	-0.0401623870035244	37
IFT122	ENSG00000163913	N04 nephrotic syndrome	icd_first_occurrence	242	pLoF	0.80749415565923	0.61951582431234	1.0	-0.0278222260772699	101
RPGRIP1L	ENSG00000103494	I12 hypertensive renal disease	icd_first_occurrence	1513	pLoF	0.809271805442063	0.582832162671487	0.975664771387982	-0.0159484707029469	96
DNAJB11	ENSG00000090520	N17 acute renal failure	icd_first_occurrence	7312	pLoF	0.810769567524751	0.813096784343447	0.592134882022127	0.0107826561629379	25
TMEM216	ENSG00000187049	N04 nephrotic syndrome	icd_first_occurrence	242	pLoF	0.811210312453359	0.698034232009278	0.938012180640823	-0.0402865087462676	13
BBS5	ENSG00000163093	C64 Malignant neoplasm of kidney	icd10	985	pLoF	0.811941683003348	0.598456156997424	1.0	-0.0397708681989642	28
AHI1	ENSG00000135541	Q63 other congenital malformations of kidney	icd_first_occurrence	452	pLoF	0.813351152525174	1.0	0.595399718629955	9.14307543189276e-05	99
BBS10	ENSG00000179941	N04 nephrotic syndrome	icd_first_occurrence	242	pLoF	0.814743818720536	0.7122262253217	0.912621745285187	-0.0402703191134533	14
AHI1	ENSG00000135541	C64 Malignant neoplasm of kidney	icd10	985	pLoF	0.815433098123963	0.926222048623303	0.595383187105998	-0.0024624641419573	99
MKKS	ENSG00000125863	N23 unspecified renal colic	icd_first_occurrence	4304	pLoF	0.8179653109422	1.0	0.604946359022827	-0.000263722771794157	37
TMEM237	ENSG00000155755	N04 nephrotic syndrome	icd_first_occurrence	242	pLoF	0.818956866792137	0.609372880590103	1.0	-0.0401443462467052	44
BBS5	ENSG00000163093	N18 chronic renal failure	icd_first_occurrence	14086	pLoF	0.820291679723488	0.608408587634693	0.767881734130988	-0.0102120626995308	28
BBS9	ENSG00000122507	C64 Malignant neoplasm of kidney	icd10	985	pLoF	0.820308825907325	0.964968360945617	0.609804033631705	-0.00170335918437758	61
CC2D2A	ENSG00000048342	Cystatin C	continuous	376784	pLoF	0.821763109024126	0.620800958250385	0.624503202224912	0.000525413553847167	136
DNAJB11	ENSG00000090520	N19 unspecified renal failure	icd_first_occurrence	2345	pLoF	0.823205956831952	0.605250337468601	1.0	-0.0403300050973212	25
CEP290	ENSG00000198707	N19 unspecified renal failure	icd_first_occurrence	2345	pLoF	0.824656053555264	0.600503782433971	0.85276987729461	-0.00552715462107659	253
DNAJB11	ENSG00000090520	Creatinine (enzymatic) in urine	continuous	383774	pLoF	0.826751654898042	0.60597437248911	0.853873887028409	-0.00284433575966101	25
IFT172	ENSG00000138002	Q60 renal agenesis / reduction defects	icd_first_occurrence	199	pLoF	0.827102330942443	0.597190233958398	1.0	-0.0399432689778982	123
BBS2	ENSG00000125124	Microalbumin in urine	continuous	119013	pLoF	0.827610285364441	0.646816529599526	0.639323757453024	0.00117492624565829	63
RPGRIP1L	ENSG00000103494	N04 nephrotic syndrome	icd_first_occurrence	242	pLoF	0.830068662972637	0.604671760818322	1.0	-0.0388126097780916	96
MKKS	ENSG00000125863	C64 Malignant neoplasm of kidney	icd10	985	pLoF	0.830695663972833	0.622344599988334	1.0	-0.0364835384646957	37
IFT122	ENSG00000163913	Q60 renal agenesis / reduction defects	icd_first_occurrence	199	pLoF	0.83134396063261	0.648757986030471	1.0	-0.0285822148487762	101
INVS	ENSG00000119509	Q60 renal agenesis / reduction defects	icd_first_occurrence	199	pLoF	0.832034380719149	0.620083381172662	1.0	-0.0401487779740558	84
TMEM216	ENSG00000187049	Q60 renal agenesis / reduction defects	icd_first_occurrence	199	pLoF	0.832599192666312	0.726309000247538	0.967896654942366	-0.0402834733000541	13
BBS9	ENSG00000122507	N04 nephrotic syndrome	icd_first_occurrence	242	pLoF	0.833557595811874	0.617842859066392	1.0	-0.0401124407536325	61
NEK8	ENSG00000160602	N04 nephrotic syndrome	icd_first_occurrence	242	pLoF	0.833912406757789	0.645298490749011	1.0	-0.0401495710421826	39
BBS10	ENSG00000179941	N26 unspecified contracted kidney	icd_first_occurrence	176	pLoF	0.83424011736947	0.739728731725144	0.936706511810249	-0.0402771274101579	14
ANKS6	ENSG00000165138	N08 glomerular disorders in dis. class. elsewhere	icd_first_occurrence	531	pLoF	0.834656425904579	0.621601265858616	1.0	-0.0396741954130725	50
TMEM216	ENSG00000187049	N17 acute renal failure	icd_first_occurrence	7312	pLoF	0.83683739900314	0.928102327018473	0.729016741076183	-0.00178982929545795	13
TMEM231	ENSG00000205084	C64 Malignant neoplasm of kidney	icd10	985	pLoF	0.838057760503701	0.629294911873647	1.0	-0.0392089046262138	31
BBS1	ENSG00000174483	Q61 cystic kidney disease	icd_first_occurrence	735	pLoF	0.838169703551791	0.619111986638433	1.0	-0.0396749924119016	48
TMEM237	ENSG00000155755	C64 Malignant neoplasm of kidney	icd10	985	pLoF	0.839745537793019	0.974984736104891	0.639150632310267	-0.00129557961769965	44
TMEM216	ENSG00000187049	N26 unspecified contracted kidney	icd_first_occurrence	176	pLoF	0.843221804157718	0.745259065949522	0.970219211162931	-0.0402841243583355	13
BBS10	ENSG00000179941	N25 impaired renal tubular function	icd_first_occurrence	160	pLoF	0.844176746943655	0.747277096817829	0.97277979582026	-0.0402694228615858	14
BBS9	ENSG00000122507	I12 hypertensive renal disease	icd_first_occurrence	1513	pLoF	0.845955218927282	0.639262964153815	0.876771330652371	-0.0147587791548655	61
BBS10	ENSG00000179941	Q60 renal agenesis / reduction defects	icd_first_occurrence	199	pLoF	0.846308245122468	0.749894696939906	0.972531962227109	-0.040252080887026	14
IFT122	ENSG00000163913	N26 unspecified contracted kidney	icd_first_occurrence	176	pLoF	0.847429475665333	0.671780354183014	1.0	-0.0273811973415036	101
INVS	ENSG00000119509	N26 unspecified contracted kidney	icd_first_occurrence	176	pLoF	0.84848358377898	0.642390333503029	1.0	-0.0401299427692638	84
TMEM216	ENSG00000187049	N25 impaired renal tubular function	icd_first_occurrence	160	pLoF	0.850222766226424	0.753873064764344	0.980332363720787	-0.0402855857728585	13
BBS9	ENSG00000122507	Q60 renal agenesis / reduction defects	icd_first_occurrence	199	pLoF	0.852564559186086	0.644107506511109	1.0	-0.0400976827200731	61
RPGRIP1L	ENSG00000103494	Q60 renal agenesis / reduction defects	icd_first_occurrence	199	pLoF	0.856775222104956	0.639158957770176	1.0	-0.0391492733919996	96
TTC8	ENSG00000165533	N08 glomerular disorders in dis. class. elsewhere	icd_first_occurrence	531	pLoF	0.857259553235454	0.661412983641226	1.0	-0.0401598888171906	28
IFT172	ENSG00000138002	N25 impaired renal tubular function	icd_first_occurrence	160	pLoF	0.857260919710321	0.635490614516441	1.0	-0.039963454079386	123
SDCCAG8	ENSG00000054282	N04 nephrotic syndrome	icd_first_occurrence	242	pLoF	0.85757969354497	0.668176058870134	1.0	-0.0390524807886956	59
BBS4	ENSG00000140463	N04 nephrotic syndrome	icd_first_occurrence	242	pLoF	0.858007390287118	0.665978362250185	1.0	-0.0401191545242893	48
NEK8	ENSG00000160602	Q60 renal agenesis / reduction defects	icd_first_occurrence	199	pLoF	0.85890284117044	0.677144342486334	1.0	-0.0401409179829359	39
AHI1	ENSG00000135541	Q61 cystic kidney disease	icd_first_occurrence	735	pLoF	0.859089627247037	0.65119139895428	0.866459032890044	-0.013989029509819	99
PKD2	ENSG00000118762	C64 Malignant neoplasm of kidney	icd10	985	pLoF	0.860555612777433	0.653543419577712	1.0	-0.0401822073863552	39
RPGRIP1L	ENSG00000103494	C64 Malignant neoplasm of kidney	icd10	985	pLoF	0.861543897564089	0.915517046781938	0.647742548674656	-0.0038214721967472	96
RPGRIP1L	ENSG00000103494	N19 unspecified renal failure	icd_first_occurrence	2345	pLoF	0.862989504524735	0.865040585436318	0.648940209570308	0.00394948678598086	96
BBS5	ENSG00000163093	Q61 cystic kidney disease	icd_first_occurrence	735	pLoF	0.864238436301693	0.662107228043936	1.0	-0.0393766674424161	28
ANKS6	ENSG00000165138	N18 chronic renal failure	icd_first_occurrence	14086	pLoF	0.865111444135407	0.841850957720407	0.659831393468901	-0.00319963152381749	50
ALG9	ENSG00000086848	N23 unspecified renal colic	icd_first_occurrence	4304	pLoF	0.866068329861966	0.70699928919947	0.666985904639793	-0.012116504349102	46
BBS7	ENSG00000138686	Creatinine	continuous	376624	pLoF	0.866649956391702	0.678448716805036	0.817515150688018	0.000810847206837853	39
TMEM237	ENSG00000155755	N26 unspecified contracted kidney	icd_first_occurrence	176	pLoF	0.866745802546663	0.673942695129125	1.0	-0.040145658144529	44
RPGRIP1L	ENSG00000103494	N26 unspecified contracted kidney	icd_first_occurrence	176	pLoF	0.866936069989245	0.653271157503162	1.0	-0.0383558287300424	96
MKKS	ENSG00000125863	N17 acute renal failure	icd_first_occurrence	7312	pLoF	0.868858024826858	0.977726222648803	0.669274596334544	0.00080626744913542	37
NPHP3	ENSG00000113971	Microalbumin in urine	continuous	119013	pLoF	0.869334111087772	0.710735923898377	0.672050359244396	0.00080270056046644	115
TMEM237	ENSG00000155755	I12 hypertensive renal disease	icd_first_occurrence	1513	pLoF	0.871691153743065	0.681854976660006	0.994068127903069	-0.0134846601268925	44
IFT122	ENSG00000163913	Urea	continuous	376551	pLoF	0.871758738924636	0.752230804723153	0.71257956782708	-0.000416750120389439	101
ALG9	ENSG00000086848	N08 glomerular disorders in dis. class. elsewhere	icd_first_occurrence	531	pLoF	0.871902768480967	0.674424256918462	1.0	-0.0401062552268571	46
BBS4	ENSG00000140463	Creatinine	continuous	376624	pLoF	0.873734463567719	0.912327571377034	0.687059312416826	-0.000203428233996003	48
BBS7	ENSG00000138686	N04 nephrotic syndrome	icd_first_occurrence	242	pLoF	0.874607545418422	0.68891506636229	1.0	-0.0401102187773435	39
BBS4	ENSG00000140463	Q60 renal agenesis / reduction defects	icd_first_occurrence	199	pLoF	0.875249740128387	0.691584127269499	1.0	-0.0401057376879342	48
MKKS	ENSG00000125863	Q61 cystic kidney disease	icd_first_occurrence	735	pLoF	0.875860800238707	0.678119069764447	1.0	-0.0370985973364174	37
CC2D2A	ENSG00000048342	Creatinine (enzymatic) in urine	continuous	383774	pLoF	0.876334142192669	0.693727504762161	0.988204792261834	-0.000438419942676377	136
BBS9	ENSG00000122507	N25 impaired renal tubular function	icd_first_occurrence	160	pLoF	0.877146348139857	0.684023783857889	1.0	-0.0401308283354383	61
RPGRIP1L	ENSG00000103494	Microalbumin in urine	continuous	119013	pLoF	0.877358464330422	0.673642401240033	0.983669799741894	-0.00139661776149931	96
INVS	ENSG00000119509	N17 acute renal failure	icd_first_occurrence	7312	pLoF	0.878890890711101	0.681588496099334	0.901406336050948	0.00546842270652203	84
ZNF423	ENSG00000102935	N28 other disorders of kidney and ureter	icd_first_occurrence	5275	pLoF	0.879212838759823	0.704703025843454	0.999999991403547	-0.0320222055914785	11
DYNC2I1	ENSG00000126870	Q60 renal agenesis / reduction defects	icd_first_occurrence	199	pLoF	0.880512385262566	0.672323429314072	1.0	-0.0400877726855826	87
SDCCAG8	ENSG00000054282	Q60 renal agenesis / reduction defects	icd_first_occurrence	199	pLoF	0.880525077920806	0.700862535837154	1.0	-0.0394586042592309	59
BBS12	ENSG00000181004	I12 hypertensive renal disease	icd_first_occurrence	1513	pLoF	0.88067726760285	0.736359337279969	0.999960724688825	-0.0402375774778134	10
BBS1	ENSG00000174483	N08 glomerular disorders in dis. class. elsewhere	icd_first_occurrence	531	pLoF	0.880836692049583	0.676340881442862	1.0	-0.0399047397876954	48
NEK8	ENSG00000160602	N25 impaired renal tubular function	icd_first_occurrence	160	pLoF	0.881244368152112	0.712255603599561	1.0	-0.0401402382534346	39
IFT172	ENSG00000138002	N20 calculus of kidney and ureter	icd_first_occurrence	5879	pLoF	0.883120968258143	0.833189503624703	0.671291096377746	0.00287543871551996	123
RPGRIP1L	ENSG00000103494	N25 impaired renal tubular function	icd_first_occurrence	160	pLoF	0.883982295553727	0.676508748018431	1.0	-0.0393051995667401	96
ALG9	ENSG00000086848	Q63 other congenital malformations of kidney	icd_first_occurrence	452	pLoF	0.886095848377142	0.693664570126567	1.0	-0.0400796473373767	46
NPHP1	ENSG00000144061	N20 calculus of kidney and ureter	icd_first_occurrence	5879	pLoF	0.887422633939662	0.9094035883407	0.720703346605514	0.0027406492068376	37
BBS7	ENSG00000138686	Q60 renal agenesis / reduction defects	icd_first_occurrence	199	pLoF	0.887668260623513	0.714083660059392	1.0	-0.0401068381239155	39
TTC8	ENSG00000165533	Q63 other congenital malformations of kidney	icd_first_occurrence	452	pLoF	0.888500468933704	0.703892210013292	1.0	-0.040238618191773	28
BBIP1	ENSG00000214413	C64 Malignant neoplasm of kidney	icd10	985	pLoF	0.889532599181901	0.767331018029122	0.999803693203193	-0.0275205201587194	8
BBS4	ENSG00000140463	N26 unspecified contracted kidney	icd_first_occurrence	176	pLoF	0.891710753330897	0.714418110175185	1.0	-0.0400802143653574	48
SDCCAG8	ENSG00000054282	N26 unspecified contracted kidney	icd_first_occurrence	176	pLoF	0.892570054704387	0.722139090709624	1.0	-0.0389315083109395	59
NPHP1	ENSG00000144061	N04 nephrotic syndrome	icd_first_occurrence	242	pLoF	0.892682040659649	0.73557857789812	1.0	-0.04005315899729	37
DYNC2I1	ENSG00000126870	N26 unspecified contracted kidney	icd_first_occurrence	176	pLoF	0.893096590498974	0.69217435875822	1.0	-0.0400924661175486	87
IFT140	ENSG00000187535	N23 unspecified renal colic	icd_first_occurrence	4304	pLoF	0.897466098265233	0.765962824449335	0.974627393443162	-0.00384656662306725	82
BBS1	ENSG00000174483	Q63 other congenital malformations of kidney	icd_first_occurrence	452	pLoF	0.898764648674928	0.705329148094773	1.0	-0.0395238616396899	48
BBS5	ENSG00000163093	N08 glomerular disorders in dis. class. elsewhere	icd_first_occurrence	531	pLoF	0.898840519484881	0.713082909470462	1.0	-0.0395547686543636	28
SDCCAG8	ENSG00000054282	N25 impaired renal tubular function	icd_first_occurrence	160	pLoF	0.899327834280633	0.734556103657929	1.0	-0.039077420602633	59
CEP290	ENSG00000198707	Q61 cystic kidney disease	icd_first_occurrence	735	pLoF	0.900237236735528	0.772877183561757	0.704458479681933	0.00544501148409221	253
TMEM231	ENSG00000205084	N08 glomerular disorders in dis. class. elsewhere	icd_first_occurrence	531	pLoF	0.900418778748396	0.715600817712368	1.0	-0.0386607598076131	31
ANKS6	ENSG00000165138	Urea	continuous	376551	pLoF	0.900576410827228	0.809423516489138	0.712219885581641	-0.000663528356451176	50
TMEM231	ENSG00000205084	Urea	continuous	376551	pLoF	0.901038932296919	0.765014301901663	0.714142699016056	-0.00108800743653102	31
BBS4	ENSG00000140463	N25 impaired renal tubular function	icd_first_occurrence	160	pLoF	0.901362546159185	0.72932141124851	1.0	-0.0401053390836108	48
BBS1	ENSG00000174483	Urea	continuous	376551	pLoF	0.902859935046503	0.870635487328637	0.710986341871111	-0.000542036585223378	48
DYNC2I1	ENSG00000126870	N25 impaired renal tubular function	icd_first_occurrence	160	pLoF	0.903074344272812	0.707565320888208	1.0	-0.0400807136702074	87
TTC8	ENSG00000165533	N23 unspecified renal colic	icd_first_occurrence	4304	pLoF	0.903665642533415	0.730273933847725	0.954956738033478	-0.0117487684939723	28
BBS7	ENSG00000138686	N26 unspecified contracted kidney	icd_first_occurrence	176	pLoF	0.904365240092931	0.742328291687399	1.0	-0.0401037325326175	39
MKS1	ENSG00000011143	N26 unspecified contracted kidney	icd_first_occurrence	176	pLoF	0.907020692716598	0.726886998642523	1.0	-0.0400891017900113	48
NPHP1	ENSG00000144061	Q60 renal agenesis / reduction defects	icd_first_occurrence	199	pLoF	0.907174322757387	0.760600877632261	1.0	-0.0401437825671462	37
SDCCAG8	ENSG00000054282	Microalbumin in urine	continuous	119013	pLoF	0.908508412364342	0.989473115065581	0.747307223612966	9.02111224026735e-05	59
BBS7	ENSG00000138686	N25 impaired renal tubular function	icd_first_occurrence	160	pLoF	0.909574844536705	0.751189131219446	1.0	-0.0401005117443943	39
DNAJB11	ENSG00000090520	C64 Malignant neoplasm of kidney	icd10	985	pLoF	0.910537415999645	0.740762486306976	1.0	-0.0401481077867781	25
LZTFL1	ENSG00000163818	C64 Malignant neoplasm of kidney	icd10	985	pLoF	0.911070733855384	0.739205218084751	1.0	-0.0401758712784909	17
MKS1	ENSG00000011143	N25 impaired renal tubular function	icd_first_occurrence	160	pLoF	0.913165949345358	0.735166855956259	1.0	-0.0400579682112046	48
CEP290	ENSG00000198707	I12 hypertensive renal disease	icd_first_occurrence	1513	pLoF	0.915847258253757	0.730164262652698	0.901936876511718	0.00462075112787902	253
MKKS	ENSG00000125863	Creatinine (enzymatic) in urine	continuous	383774	pLoF	0.916695669187136	0.741935777246793	0.933354769764686	-0.00116799468198484	37
ANKS6	ENSG00000165138	N04 nephrotic syndrome	icd_first_occurrence	242	pLoF	0.917108796899796	0.738476984924733	1.0	-0.0397864734729208	50
MKS1	ENSG00000011143	N17 acute renal failure	icd_first_occurrence	7312	pLoF	0.917265570860805	0.843073044352751	0.741349700257266	-0.00335294070166306	48
PKD2	ENSG00000118762	N08 glomerular disorders in dis. class. elsewhere	icd_first_occurrence	531	pLoF	0.918297653349579	0.741544016971428	1.0	-0.0400510604102095	39
MKS1	ENSG00000011143	N23 unspecified renal colic	icd_first_occurrence	4304	pLoF	0.919894284248152	0.945840180153157	0.747533979230381	-0.0015583280246791	48
DYNC2I1	ENSG00000126870	N28 other disorders of kidney and ureter	icd_first_occurrence	5275	pLoF	0.920353855618425	0.736479329178809	0.979689850551379	-0.00614663039678288	87
AHI1	ENSG00000135541	Creatinine (enzymatic) in urine	continuous	383774	pLoF	0.922006793536174	0.972602026504004	0.747562456123572	4.76952064203832e-05	99
MKS1	ENSG00000011143	Creatinine	continuous	376624	pLoF	0.925469927664746	0.758054674232494	0.872368023918248	0.000599078463076916	48
PKD2	ENSG00000118762	Q63 other congenital malformations of kidney	icd_first_occurrence	452	pLoF	0.926941130482276	0.755892196794077	1.0	-0.0400745622858219	39
ANKS6	ENSG00000165138	Q60 renal agenesis / reduction defects	icd_first_occurrence	199	pLoF	0.929551602980695	0.760319163473425	1.0	-0.0395966297613372	50
SDCCAG8	ENSG00000054282	I12 hypertensive renal disease	icd_first_occurrence	1513	pLoF	1.0	0.893122958408754	0.777371920868717	-0.0050066517575182	59
BBIP1	ENSG00000214413	N04 nephrotic syndrome	icd_first_occurrence	242	pLoF	1.0	0.897405014381991	0.999999491886852	-0.026713393041571	8
BBIP1	ENSG00000214413	N08 glomerular disorders in dis. class. elsewhere	icd_first_occurrence	531	pLoF	1.0	0.841074150512573	0.999978400270815	-0.0272929164906664	8
BBIP1	ENSG00000214413	N25 impaired renal tubular function	icd_first_occurrence	160	pLoF	1.0	0.906467404915235	1.0	-0.0270611349720581	8
BBIP1	ENSG00000214413	N26 unspecified contracted kidney	icd_first_occurrence	176	pLoF	1.0	0.90137597126407	1.0	-0.0273606352683735	8
BBIP1	ENSG00000214413	Q60 renal agenesis / reduction defects	icd_first_occurrence	199	pLoF	1.0	0.90839842626714	0.99999995675358	-0.0269483645680833	8
BBIP1	ENSG00000214413	Q61 cystic kidney disease	icd_first_occurrence	735	pLoF	1.0	0.812362679253115	0.999958522618582	-0.0268646088473792	8
BBIP1	ENSG00000214413	Q63 other congenital malformations of kidney	icd_first_occurrence	452	pLoF	1.0	0.85059951315108	0.999984516978394	-0.0270320360535788	8
TMEM216	ENSG00000187049	Urea	continuous	376551	pLoF	1.0	0.84037413757128	0.914027682318355	-0.000516952336990551	13
TMEM216	ENSG00000187049	I12 hypertensive renal disease	icd_first_occurrence	1513	pLoF	1.0	0.862168003743258	0.951370275498987	0.00766337988161224	13
TMEM216	ENSG00000187049	N18 chronic renal failure	icd_first_occurrence	14086	pLoF	1.0	0.931502504294816	0.911186902918811	0.00137686875711762	13
BBS1	ENSG00000174483	N04 nephrotic syndrome	icd_first_occurrence	242	pLoF	1.0	0.782391579472435	1.0	-0.0397431652021714	48
BBS1	ENSG00000174483	N20 calculus of kidney and ureter	icd_first_occurrence	5879	pLoF	1.0	0.930872003457235	0.7711253626474	-0.00232213185242323	48
BBS1	ENSG00000174483	N25 impaired renal tubular function	icd_first_occurrence	160	pLoF	1.0	0.81597102828795	1.0	-0.0394103145801414	48
BBS1	ENSG00000174483	N26 unspecified contracted kidney	icd_first_occurrence	176	pLoF	1.0	0.800654106183928	1.0	-0.0396838476810148	48
BBS1	ENSG00000174483	Q60 renal agenesis / reduction defects	icd_first_occurrence	199	pLoF	1.0	0.798383983390209	1.0	-0.0397021324158067	48
ALG9	ENSG00000086848	N04 nephrotic syndrome	icd_first_occurrence	242	pLoF	1.0	0.776277609458315	1.0	-0.0400595571229694	46
ALG9	ENSG00000086848	N26 unspecified contracted kidney	icd_first_occurrence	176	pLoF	1.0	0.804519974782313	1.0	-0.0400587419270533	46
ALG9	ENSG00000086848	Q60 renal agenesis / reduction defects	icd_first_occurrence	199	pLoF	1.0	0.789963655598936	1.0	-0.0400559056611169	46
CEP290	ENSG00000198707	C64 Malignant neoplasm of kidney	icd10	985	pLoF	1.0	0.945862415007194	0.910275193606553	0.00114240602761482	253
CEP290	ENSG00000198707	Q60 renal agenesis / reduction defects	icd_first_occurrence	199	pLoF	1.0	0.848299924946161	0.917654837645124	-0.00677589859927793	253
TTC8	ENSG00000165533	N04 nephrotic syndrome	icd_first_occurrence	242	pLoF	1.0	0.77696211260635	1.0	-0.0398500953667697	28
TTC8	ENSG00000165533	N25 impaired renal tubular function	icd_first_occurrence	160	pLoF	1.0	0.821877238988766	1.0	-0.0399652093023851	28
TTC8	ENSG00000165533	N26 unspecified contracted kidney	icd_first_occurrence	176	pLoF	1.0	0.810599255835967	1.0	-0.0399974371731941	28
TTC8	ENSG00000165533	Q60 renal agenesis / reduction defects	icd_first_occurrence	199	pLoF	1.0	0.803210396339252	1.0	-0.0401148117445057	28
BBS4	ENSG00000140463	N18 chronic renal failure	icd_first_occurrence	14086	pLoF	1.0	0.794935117557055	0.851709581499786	-0.00342530758280687	48
BBS4	ENSG00000140463	N23 unspecified renal colic	icd_first_occurrence	4304	pLoF	1.0	0.872021647486694	0.94617234489589	-0.00357850124162589	48
IFT140	ENSG00000187535	N08 glomerular disorders in dis. class. elsewhere	icd_first_occurrence	531	pLoF	1.0	0.84572529898748	0.999940658830905	-0.00719381046780457	82
IFT140	ENSG00000187535	N19 unspecified renal failure	icd_first_occurrence	2345	pLoF	1.0	0.878630196716474	0.851920700759407	-0.00266314352241703	82
IFT140	ENSG00000187535	Q63 other congenital malformations of kidney	icd_first_occurrence	452	pLoF	1.0	1.0	0.978388879172268	-0.000701094551382302	82
ZNF423	ENSG00000102935	Microalbumin in urine	continuous	119013	pLoF	1.0	0.795526167670479	0.914085607333662	0.0038708538688067	11
ZNF423	ENSG00000102935	C64 Malignant neoplasm of kidney	icd10	985	pLoF	1.0	0.876127241676945	1.0	-0.0301300334081927	11
ZNF423	ENSG00000102935	I12 hypertensive renal disease	icd_first_occurrence	1513	pLoF	1.0	0.846071353773106	1.0	-0.0289330741634405	11
ZNF423	ENSG00000102935	N04 nephrotic syndrome	icd_first_occurrence	242	pLoF	1.0	0.941210588530022	1.0	-0.0315539879201038	11
ZNF423	ENSG00000102935	N08 glomerular disorders in dis. class. elsewhere	icd_first_occurrence	531	pLoF	1.0	0.910403591835743	1.0	-0.0301612750931171	11
ZNF423	ENSG00000102935	N19 unspecified renal failure	icd_first_occurrence	2345	pLoF	1.0	0.807400052369184	1.0	-0.030748753051178	11
ZNF423	ENSG00000102935	N25 impaired renal tubular function	icd_first_occurrence	160	pLoF	1.0	0.951346278945278	1.0	-0.0330785261896504	11
ZNF423	ENSG00000102935	N26 unspecified contracted kidney	icd_first_occurrence	176	pLoF	1.0	0.948565541978788	1.0	-0.0304642065737402	11
ZNF423	ENSG00000102935	Q60 renal agenesis / reduction defects	icd_first_occurrence	199	pLoF	1.0	0.951307843592662	1.0	-0.0325499307748364	11
ZNF423	ENSG00000102935	Q61 cystic kidney disease	icd_first_occurrence	735	pLoF	1.0	0.891245889635611	1.0	-0.032365556074678	11
ZNF423	ENSG00000102935	Q63 other congenital malformations of kidney	icd_first_occurrence	452	pLoF	1.0	0.911655113966797	1.0	-0.0340514876812091	11
RPGRIP1L	ENSG00000103494	N28 other disorders of kidney and ureter	icd_first_occurrence	5275	pLoF	1.0	0.979228849582925	0.784197937254452	-0.000443942800186295	96
BBS2	ENSG00000125124	N17 acute renal failure	icd_first_occurrence	7312	pLoF	1.0	0.829395048945883	0.773424885386331	-0.00221710319871516	63
TMEM231	ENSG00000205084	N04 nephrotic syndrome	icd_first_occurrence	242	pLoF	1.0	0.812282311013521	1.0	-0.0380102412804015	31
TMEM231	ENSG00000205084	N25 impaired renal tubular function	icd_first_occurrence	160	pLoF	1.0	0.847338412494126	1.0	-0.0382689378056452	31
TMEM231	ENSG00000205084	N26 unspecified contracted kidney	icd_first_occurrence	176	pLoF	1.0	0.822597147366486	1.0	-0.0385061376512713	31
TMEM231	ENSG00000205084	Q60 renal agenesis / reduction defects	icd_first_occurrence	199	pLoF	1.0	0.819110779508711	1.0	-0.037983065403767	31
NEK8	ENSG00000160602	N19 unspecified renal failure	icd_first_occurrence	2345	pLoF	1.0	0.976011644425632	0.799006142003093	-0.000954599281341047	39
NEK8	ENSG00000160602	N20 calculus of kidney and ureter	icd_first_occurrence	5879	pLoF	1.0	0.942014639810493	0.811760458795946	-0.00133143841604293	39
MKS1	ENSG00000011143	Creatinine (enzymatic) in urine	continuous	383774	pLoF	1.0	1.0	0.824185362256885	3.54805043844358e-05	48
IFT172	ENSG00000138002	N18 chronic renal failure	icd_first_occurrence	14086	pLoF	1.0	0.965568269569651	0.901787491296966	0.000424897440644695	123
NPHP1	ENSG00000144061	Microalbumin in urine	continuous	119013	pLoF	1.0	0.988117338170828	0.779507569924628	0.00011487532913863	37
NPHP1	ENSG00000144061	N18 chronic renal failure	icd_first_occurrence	14086	pLoF	1.0	0.79932549180351	0.827757986061517	-0.00402865959840472	37
NPHP1	ENSG00000144061	N19 unspecified renal failure	icd_first_occurrence	2345	pLoF	1.0	0.878464519088092	0.994833371376433	-0.00576707915307581	37
NPHP1	ENSG00000144061	N25 impaired renal tubular function	icd_first_occurrence	160	pLoF	1.0	0.781631460397494	1.0	-0.0399846408429747	37
BBS5	ENSG00000163093	Creatinine	continuous	376624	pLoF	1.0	0.913916701827712	0.81303575490099	-0.000346304066931903	28
BBS5	ENSG00000163093	N04 nephrotic syndrome	icd_first_occurrence	242	pLoF	1.0	0.804856555828912	1.0	-0.0394353927985424	28
BBS5	ENSG00000163093	N25 impaired renal tubular function	icd_first_occurrence	160	pLoF	1.0	0.838603621845605	1.0	-0.0394833082269751	28
BBS5	ENSG00000163093	N26 unspecified contracted kidney	icd_first_occurrence	176	pLoF	1.0	0.825851850563784	1.0	-0.0396234185838053	28
BBS5	ENSG00000163093	Q60 renal agenesis / reduction defects	icd_first_occurrence	199	pLoF	1.0	0.821300563989792	1.0	-0.0395673550267798	28
TMEM237	ENSG00000155755	Microalbumin in urine	continuous	119013	pLoF	1.0	0.803291338285991	0.826771585664384	0.000879151492854385	44
TMEM237	ENSG00000155755	N17 acute renal failure	icd_first_occurrence	7312	pLoF	1.0	0.778085662521909	0.928708937774975	0.00421134553983468	44
TMEM237	ENSG00000155755	N19 unspecified renal failure	icd_first_occurrence	2345	pLoF	1.0	0.796950542805586	0.904308515794323	-0.00653600208589104	44
MKKS	ENSG00000125863	N25 impaired renal tubular function	icd_first_occurrence	160	pLoF	1.0	0.848904927258659	1.0	-0.0362214499414394	37
MKKS	ENSG00000125863	N26 unspecified contracted kidney	icd_first_occurrence	176	pLoF	1.0	0.834669733439431	1.0	-0.0374138002273567	37
LZTFL1	ENSG00000163818	N04 nephrotic syndrome	icd_first_occurrence	242	pLoF	1.0	0.875981036875851	1.0	-0.0400436830563956	17
LZTFL1	ENSG00000163818	N08 glomerular disorders in dis. class. elsewhere	icd_first_occurrence	531	pLoF	1.0	0.808504911459299	1.0	-0.0400885389693392	17
LZTFL1	ENSG00000163818	N25 impaired renal tubular function	icd_first_occurrence	160	pLoF	1.0	0.900483722361181	1.0	-0.0400334744280153	17
LZTFL1	ENSG00000163818	N26 unspecified contracted kidney	icd_first_occurrence	176	pLoF	1.0	0.890456803522309	1.0	-0.0400462291779285	17
LZTFL1	ENSG00000163818	Q60 renal agenesis / reduction defects	icd_first_occurrence	199	pLoF	1.0	0.890146283680011	1.0	-0.0400359928070628	17
LZTFL1	ENSG00000163818	Q61 cystic kidney disease	icd_first_occurrence	735	pLoF	1.0	0.782960784556857	1.0	-0.0401032415209341	17
LZTFL1	ENSG00000163818	Q63 other congenital malformations of kidney	icd_first_occurrence	452	pLoF	1.0	0.838051326495926	1.0	-0.0400617372869123	17
NPHP3	ENSG00000113971	Q61 cystic kidney disease	icd_first_occurrence	735	pLoF	1.0	0.946085083365163	0.821212014365999	0.00201800949531243	115
NPHP3	ENSG00000113971	Q63 other congenital malformations of kidney	icd_first_occurrence	452	pLoF	1.0	0.89055928849965	0.877096017140983	-0.00521068068550929	115
DNAJB11	ENSG00000090520	N04 nephrotic syndrome	icd_first_occurrence	242	pLoF	1.0	0.872967446553025	1.0	-0.0400415994432607	25
DNAJB11	ENSG00000090520	N25 impaired renal tubular function	icd_first_occurrence	160	pLoF	1.0	0.892837178879131	1.0	-0.0400357769903617	25
DNAJB11	ENSG00000090520	N26 unspecified contracted kidney	icd_first_occurrence	176	pLoF	1.0	0.893608675993245	1.0	-0.0400365318859547	25
DNAJB11	ENSG00000090520	Q60 renal agenesis / reduction defects	icd_first_occurrence	199	pLoF	1.0	0.879539970502289	1.0	-0.0400385148362114	25
DNAJB11	ENSG00000090520	Q63 other congenital malformations of kidney	icd_first_occurrence	452	pLoF	1.0	0.815904496577414	1.0	-0.0400641615553312	25
CC2D2A	ENSG00000048342	Q61 cystic kidney disease	icd_first_occurrence	735	pLoF	1.0	0.92683106167472	0.821653512031969	-0.00249451808856108	136
PKD2	ENSG00000118762	N04 nephrotic syndrome	icd_first_occurrence	242	pLoF	1.0	0.824708476676346	1.0	-0.0400347246233985	39
PKD2	ENSG00000118762	N25 impaired renal tubular function	icd_first_occurrence	160	pLoF	1.0	0.851084490737458	1.0	-0.0400672754320246	39
PKD2	ENSG00000118762	N26 unspecified contracted kidney	icd_first_occurrence	176	pLoF	1.0	0.848280745827933	1.0	-0.0400723972711513	39
PKD2	ENSG00000118762	Q60 renal agenesis / reduction defects	icd_first_occurrence	199	pLoF	1.0	0.837600835697836	1.0	-0.0400698190903405	39
BBS7	ENSG00000138686	Urea	continuous	376551	pLoF	1.0	0.974790756628407	0.94221144568164	-8.8220641122825e-05	39
BBS7	ENSG00000138686	N20 calculus of kidney and ureter	icd_first_occurrence	5879	pLoF	1.0	0.948261257457773	0.801443636131686	0.00136886591631571	39
BBS12	ENSG00000181004	Creatinine	continuous	376624	pLoF	1.0	0.851495220126724	0.95771291538427	0.00108684547981563	10
BBS12	ENSG00000181004	C64 Malignant neoplasm of kidney	icd10	985	pLoF	1.0	0.794457280873359	0.999997611292088	-0.0401204274208976	10
BBS12	ENSG00000181004	N04 nephrotic syndrome	icd_first_occurrence	242	pLoF	1.0	0.88919082639196	0.999999993926583	-0.0400544162697333	10
BBS12	ENSG00000181004	N08 glomerular disorders in dis. class. elsewhere	icd_first_occurrence	531	pLoF	1.0	0.839070695231723	0.999999418769878	-0.0400970471280751	10
BBS12	ENSG00000181004	N25 impaired renal tubular function	icd_first_occurrence	160	pLoF	1.0	0.915911038380445	1.0	-0.0400418799311986	10
BBS12	ENSG00000181004	N26 unspecified contracted kidney	icd_first_occurrence	176	pLoF	1.0	0.913079547093799	1.0	-0.0400409852019838	10
BBS12	ENSG00000181004	Q60 renal agenesis / reduction defects	icd_first_occurrence	199	pLoF	1.0	0.90163662554521	1.0	-0.0400418575427213	10
BBS12	ENSG00000181004	Q61 cystic kidney disease	icd_first_occurrence	735	pLoF	1.0	0.806742381760901	0.999999569053629	-0.0401049928895711	10
BBS12	ENSG00000181004	Q63 other congenital malformations of kidney	icd_first_occurrence	452	pLoF	1.0	0.857325049970988	1.0	-0.0400628862509337	10
AHI1	ENSG00000135541	N18 chronic renal failure	icd_first_occurrence	14086	pLoF	1.0	0.779212365442276	0.952688902611165	-0.00209957715521333	99
BBS9	ENSG00000122507	Creatinine	continuous	376624	pLoF	1.0	0.835976362838332	0.798135432459781	0.000326853511117604	61
BBS9	ENSG00000122507	N28 other disorders of kidney and ureter	icd_first_occurrence	5275	pLoF	1.0	0.841388963230254	0.989309588595672	0.00346044380878081	61
TMEM67	ENSG00000164953	I12 hypertensive renal disease	icd_first_occurrence	1513	pLoF	1.0	0.843813060055483	0.828960668371078	-0.00400791921635601	86
TMEM67	ENSG00000164953	N08 glomerular disorders in dis. class. elsewhere	icd_first_occurrence	531	pLoF	1.0	0.867815353536352	0.992901819995571	-0.00581749240469458	86
TMEM67	ENSG00000164953	N28 other disorders of kidney and ureter	icd_first_occurrence	5275	pLoF	1.0	0.807709738857582	0.890998152705665	-0.00267022829917766	86
ANKS6	ENSG00000165138	N25 impaired renal tubular function	icd_first_occurrence	160	pLoF	1.0	0.783410938303067	1.0	-0.0393842729040056	50
ANKS6	ENSG00000165138	N26 unspecified contracted kidney	icd_first_occurrence	176	pLoF	1.0	0.775351411613173	1.0	-0.0397558793363408	50
ANKS6	ENSG00000165138	N28 other disorders of kidney and ureter	icd_first_occurrence	5275	pLoF	1.0	0.773743346183914	0.850028010785856	-0.00718004117548253	50
