disease_id	has_chd	has_kidney	has_ckd	n_terms	n_systems
OMIM:100100	0	1	0	16	8
OMIM:100300	1	0	0	40	10
OMIM:100800	0	0	0	47	10
OMIM:101000	0	0	0	31	6
OMIM:101200	1	1	0	85	15
OMIM:101400	1	0	0	49	11
OMIM:101600	0	0	0	30	6
OMIM:101800	0	1	0	53	11
OMIM:101900	0	0	0	9	2
OMIM:102200	1	0	0	16	8
OMIM:102370	0	0	0	21	6
OMIM:102500	1	1	0	59	12
OMIM:102530	0	0	0	4	1
OMIM:102700	0	1	0	42	16
OMIM:102900	0	0	0	3	2
OMIM:103050	0	0	0	45	8
OMIM:103285	0	0	0	28	8
OMIM:103500	0	0	0	9	4
OMIM:103580	0	0	0	32	9
OMIM:103780	0	0	0	2	1
OMIM:103900	0	0	0	10	3
OMIM:104100	0	0	0	14	4
OMIM:104200	0	1	1	21	6
OMIM:104290	0	0	0	11	2
OMIM:104300	0	0	0	8	2
OMIM:104310	0	0	0	7	1
OMIM:104500	0	0	0	2	2
OMIM:104510	0	0	0	5	2
OMIM:104530	0	0	0	7	3
OMIM:105120	1	1	1	18	7
OMIM:105150	0	0	0	6	4
OMIM:105200	0	1	0	15	7
OMIM:105210	1	0	0	54	11
OMIM:105250	0	0	0	7	2
OMIM:105400	0	0	0	16	4
OMIM:105500	0	0	0	12	2
OMIM:105550	0	0	0	24	3
OMIM:105600	0	0	0	9	5
OMIM:105650	1	1	0	61	15
OMIM:105830	0	0	0	45	7
OMIM:106100	0	0	0	21	10
OMIM:106190	0	0	0	5	3
OMIM:106210	0	0	0	26	4
OMIM:106260	1	0	0	42	12
OMIM:106300	0	0	0	13	7
OMIM:106600	0	0	0	3	1
OMIM:107250	0	0	0	7	1
OMIM:107480	1	1	1	58	13
OMIM:107600	0	0	0	2	1
OMIM:107970	1	0	0	12	2
OMIM:108010	0	0	0	2	2
OMIM:108120	0	0	0	33	9
OMIM:108145	0	0	0	42	10
OMIM:108300	1	0	0	39	8
OMIM:108420	0	0	0	9	2
OMIM:108500	0	0	0	18	4
OMIM:108600	0	0	0	17	5
OMIM:108720	0	0	0	54	11
OMIM:108721	0	0	0	25	4
OMIM:108770	1	0	0	8	1
OMIM:108900	1	0	0	14	3
OMIM:108985	0	0	0	5	1
OMIM:109150	0	0	0	41	7
OMIM:109400	1	0	0	52	10
OMIM:109730	1	0	0	9	2
OMIM:109800	0	0	0	4	2
OMIM:110100	0	0	0	25	9
OMIM:111150	0	0	0	2	1
OMIM:111400	0	0	0	2	1
OMIM:111620	0	0	0	1	4
OMIM:112240	0	0	0	23	5
OMIM:112250	0	0	0	24	8
OMIM:112310	0	0	0	9	4
OMIM:112410	0	0	0	7	4
OMIM:112500	0	0	0	22	3
OMIM:112600	0	0	0	16	2
OMIM:113000	1	0	0	22	6
OMIM:113100	0	0	0	35	3
OMIM:113200	0	0	0	4	2
OMIM:113300	0	0	0	10	4
OMIM:113500	0	0	0	14	6
OMIM:113620	0	1	0	77	16
OMIM:113650	0	1	0	41	11
OMIM:113750	0	0	0	8	3
OMIM:113800	0	0	0	8	3
OMIM:113900	0	0	0	10	4
OMIM:113970	0	0	0	4	3
OMIM:114000	0	0	0	14	4
OMIM:114290	1	1	0	92	14
OMIM:114300	0	0	0	36	8
OMIM:114480	0	0	0	3	2
OMIM:114500	0	0	0	8	3
OMIM:114550	0	0	0	4	3
OMIM:115000	1	0	0	7	2
OMIM:115150	1	1	0	120	16
OMIM:115195	1	0	0	10	2
OMIM:115196	1	0	0	3	2
OMIM:115197	1	0	0	32	7
OMIM:115200	1	0	0	14	2
OMIM:115210	1	0	0	6	3
OMIM:115300	0	0	0	4	2
OMIM:115310	0	0	0	21	9
OMIM:115430	0	0	0	5	3
OMIM:115700	0	0	0	2	1
OMIM:115900	0	0	0	7	1
OMIM:116100	0	0	0	6	1
OMIM:116200	0	0	0	6	1
OMIM:116300	0	0	0	5	1
OMIM:116400	0	0	0	2	1
OMIM:116600	0	0	0	5	1
OMIM:116700	0	0	0	2	1
OMIM:116800	0	0	0	6	1
OMIM:116860	0	0	0	11	8
OMIM:116920	0	0	0	19	8
OMIM:117000	0	0	0	25	7
OMIM:117210	0	0	0	10	3
OMIM:117300	0	0	0	10	5
OMIM:117360	1	1	0	141	10
OMIM:117550	1	1	0	128	17
OMIM:117650	1	1	0	49	12
OMIM:118100	0	1	0	25	8
OMIM:118200	0	0	0	26	4
OMIM:118210	0	0	0	21	4
OMIM:118220	0	0	0	27	4
OMIM:118300	0	0	0	23	4
OMIM:118400	0	0	0	21	5
OMIM:118450	1	1	1	64	15
OMIM:118600	0	0	0	5	1
OMIM:118700	0	0	0	10	2
OMIM:118800	0	0	0	10	4
OMIM:119300	0	0	0	7	2
OMIM:119500	0	0	0	21	6
OMIM:119580	0	0	0	21	7
OMIM:119600	0	0	0	58	8
OMIM:119800	0	0	0	19	8
OMIM:119900	0	0	0	3	2
OMIM:120100	0	1	0	20	12
OMIM:120200	0	0	0	14	4
OMIM:120330	0	1	1	44	10
OMIM:120430	0	0	0	3	1
OMIM:120433	0	0	0	11	6
OMIM:120435	0	0	0	2	2
OMIM:120790	0	0	0	2	1
OMIM:120970	0	0	0	15	1
OMIM:121050	1	0	0	51	8
OMIM:121200	0	0	0	8	1
OMIM:121201	0	0	0	6	1
OMIM:121300	0	0	0	28	10
OMIM:121800	0	0	0	3	1
OMIM:121820	0	0	0	8	1
OMIM:121850	0	0	0	3	2
OMIM:121900	0	0	0	6	1
OMIM:122000	0	0	0	14	2
OMIM:122100	0	0	0	7	2
OMIM:122200	0	0	0	4	1
OMIM:122400	0	0	0	8	3
OMIM:122470	1	1	0	129	17
OMIM:122600	0	0	0	16	5
OMIM:122700	0	0	0	2	1
OMIM:122860	0	0	0	26	9
OMIM:122880	0	0	0	12	5
OMIM:123000	0	0	0	61	10
OMIM:123100	0	0	0	17	4
OMIM:123150	0	0	0	16	4
OMIM:123320	0	0	0	13	3
OMIM:123400	0	0	0	23	5
OMIM:123500	0	0	0	30	9
OMIM:123570	0	0	0	5	2
OMIM:123700	1	0	0	20	7
OMIM:123790	0	0	0	54	11
OMIM:124000	1	1	0	57	13
OMIM:124200	0	0	0	15	4
OMIM:124480	0	0	0	19	6
OMIM:124500	0	0	0	7	4
OMIM:124900	0	0	0	9	3
OMIM:125250	0	0	0	25	4
OMIM:125310	0	0	0	28	7
OMIM:125350	0	0	0	4	1
OMIM:125370	0	0	0	17	1
OMIM:125400	0	0	0	8	2
OMIM:125420	0	0	0	5	2
OMIM:125490	0	0	0	3	2
OMIM:125500	0	0	0	6	2
OMIM:125595	0	0	0	9	3
OMIM:125630	0	0	0	5	2
OMIM:125700	0	0	0	9	5
OMIM:125800	0	0	0	18	6
OMIM:125850	0	0	0	3	3
OMIM:125851	0	0	0	3	2
OMIM:125852	0	0	0	3	2
OMIM:125853	0	0	0	5	3
OMIM:126200	0	0	0	12	5
OMIM:126550	0	0	0	13	7
OMIM:126600	0	0	0	4	1
OMIM:126700	0	0	0	6	1
OMIM:127000	0	0	0	24	9
OMIM:127300	0	0	0	26	5
OMIM:127400	0	0	0	3	1
OMIM:127500	0	0	0	3	1
OMIM:127550	0	0	0	31	10
OMIM:127700	0	0	0	3	1
OMIM:127750	0	0	0	7	1
OMIM:128100	0	0	0	29	5
OMIM:128101	0	0	0	14	6
OMIM:128200	0	0	0	8	1
OMIM:128230	0	0	0	25	6
OMIM:128235	0	0	0	21	4
OMIM:129200	0	0	0	16	3
OMIM:129400	0	0	0	46	10
OMIM:129490	0	0	0	14	3
OMIM:129500	0	0	0	27	8
OMIM:129600	1	0	0	24	7
OMIM:130000	1	0	0	35	13
OMIM:130010	0	0	0	19	8
OMIM:130050	1	0	0	53	16
OMIM:130060	0	0	0	28	9
OMIM:130070	0	0	0	53	8
OMIM:130080	0	0	0	32	12
OMIM:130600	0	0	0	5	2
OMIM:130650	1	1	0	34	15
OMIM:130720	1	0	0	55	11
OMIM:130900	0	0	0	4	2
OMIM:131100	0	0	0	24	9
OMIM:131300	0	0	0	30	12
OMIM:131705	0	0	0	8	2
OMIM:131750	0	0	0	9	2
OMIM:131760	0	0	0	15	6
OMIM:131800	0	0	0	6	2
OMIM:131850	0	0	0	8	2
OMIM:131900	0	0	0	8	3
OMIM:131950	0	0	0	5	3
OMIM:131960	0	0	0	13	2
OMIM:132000	0	0	0	8	2
OMIM:132400	0	0	0	23	5
OMIM:132450	0	0	0	14	6
OMIM:132600	0	0	0	2	2
OMIM:132700	0	0	0	3	2
OMIM:132800	0	0	0	10	6
OMIM:132900	1	0	0	19	4
OMIM:133020	0	0	0	15	8
OMIM:133100	0	0	0	14	9
OMIM:133180	0	0	0	10	5
OMIM:133190	0	0	0	24	5
OMIM:133200	0	0	0	8	3
OMIM:133239	0	0	0	2	2
OMIM:133540	0	0	1	81	14
OMIM:133700	0	0	0	16	5
OMIM:133701	0	0	0	17	5
OMIM:133780	0	0	0	20	4
OMIM:134600	0	0	1	18	4
OMIM:134610	0	1	1	13	8
OMIM:135100	0	0	0	27	9
OMIM:135150	0	1	0	14	6
OMIM:135290	0	0	0	7	3
OMIM:135300	0	0	0	4	4
OMIM:135400	0	0	0	10	3
OMIM:135500	1	1	0	54	13
OMIM:135700	0	0	0	11	3
OMIM:135750	0	0	0	12	3
OMIM:135900	1	1	0	105	15
OMIM:136000	0	0	0	4	3
OMIM:136120	0	0	0	6	2
OMIM:136140	1	1	0	66	12
OMIM:136520	0	0	0	5	1
OMIM:136570	1	0	0	9	5
OMIM:136630	0	0	0	9	4
OMIM:136680	0	1	1	10	3
OMIM:136760	1	0	0	36	10
OMIM:136800	0	0	0	6	2
OMIM:136880	0	0	0	5	1
OMIM:136900	0	0	0	7	1
OMIM:137200	0	0	0	17	5
OMIM:137215	0	0	0	6	3
OMIM:137245	0	0	0	3	3
OMIM:137440	0	0	0	29	5
OMIM:137550	0	0	0	20	5
OMIM:137580	0	0	0	9	1
OMIM:137600	0	0	0	6	2
OMIM:137750	0	0	0	4	2
OMIM:137760	0	0	0	3	1
OMIM:137800	0	0	0	5	2
OMIM:137920	0	1	1	35	6
OMIM:137940	0	1	1	33	10
OMIM:138000	0	0	0	3	2
OMIM:138500	0	1	0	3	2
OMIM:138800	0	0	0	3	2
OMIM:138900	0	0	0	5	3
OMIM:139090	0	0	0	15	7
OMIM:139210	1	0	0	90	13
OMIM:139393	0	0	0	2	1
OMIM:140000	0	1	1	76	9
OMIM:140350	0	0	0	13	7
OMIM:140600	0	0	0	3	2
OMIM:140700	0	0	0	4	1
OMIM:141200	0	1	0	4	2
OMIM:141500	0	0	0	24	3
OMIM:141749	0	0	0	2	1
OMIM:142330	0	0	0	4	5
OMIM:142623	0	0	0	7	3
OMIM:142669	0	0	0	10	2
OMIM:142680	0	0	0	27	12
OMIM:142690	0	0	0	3	3
OMIM:142900	1	0	0	101	8
OMIM:142945	0	1	0	23	6
OMIM:142946	0	0	0	17	5
OMIM:143095	1	0	0	77	14
OMIM:143100	0	0	0	14	3
OMIM:143200	0	0	0	13	1
OMIM:143400	0	1	1	16	3
OMIM:143465	0	0	0	3	1
OMIM:143470	0	0	0	2	1
OMIM:143500	0	0	0	5	3
OMIM:143860	0	0	0	8	3
OMIM:143870	0	1	0	3	2
OMIM:143880	0	1	0	15	7
OMIM:143890	0	0	0	7	6
OMIM:144010	0	0	0	6	5
OMIM:144200	0	0	0	6	6
OMIM:144250	0	0	0	9	4
OMIM:144650	0	0	0	6	2
OMIM:144700	0	0	0	2	2
OMIM:144750	0	0	0	14	5
OMIM:144755	0	0	0	21	6
OMIM:145000	0	0	0	3	2
OMIM:145001	0	1	0	15	7
OMIM:145250	0	0	0	9	1
OMIM:145350	1	0	0	16	3
OMIM:145420	1	0	0	39	12
OMIM:145500	0	0	0	4	1
OMIM:145600	0	0	0	12	5
OMIM:145650	0	0	0	4	1
OMIM:145680	0	0	0	2	1
OMIM:145750	0	0	0	7	5
OMIM:145900	0	0	0	35	6
OMIM:145980	0	1	0	9	6
OMIM:145981	0	1	0	11	7
OMIM:146000	0	0	0	21	6
OMIM:146110	0	0	0	12	6
OMIM:146200	0	1	0	15	6
OMIM:146255	0	1	1	24	7
OMIM:146300	0	0	0	15	5
OMIM:146500	0	0	0	28	7
OMIM:146510	1	1	0	72	14
OMIM:146520	0	0	0	5	2
OMIM:146550	0	0	0	8	2
OMIM:146590	0	0	0	9	3
OMIM:146600	0	0	0	5	1
OMIM:146700	0	0	0	10	4
OMIM:146750	0	0	0	4	1
OMIM:146800	0	0	0	2	1
OMIM:147060	0	0	0	53	13
OMIM:147250	0	0	0	24	9
OMIM:147430	0	0	0	10	5
OMIM:147480	0	0	0	9	4
OMIM:147630	0	0	0	12	6
OMIM:147750	1	0	0	34	10
OMIM:147891	0	0	0	18	5
OMIM:147920	1	1	1	183	21
OMIM:147950	0	0	0	25	11
OMIM:148000	0	0	0	5	3
OMIM:148050	0	0	0	55	12
OMIM:148190	0	0	0	3	2
OMIM:148200	0	0	0	10	5
OMIM:148210	0	0	0	28	10
OMIM:148300	0	0	0	4	1
OMIM:148350	0	0	0	3	3
OMIM:148370	0	0	0	6	3
OMIM:148500	0	0	0	7	5
OMIM:148600	0	0	0	10	3
OMIM:148700	0	0	0	12	2
OMIM:148820	0	0	0	39	8
OMIM:149200	0	0	0	6	3
OMIM:149400	0	0	0	15	5
OMIM:149700	0	0	0	8	7
OMIM:149730	0	1	0	50	9
OMIM:150250	1	0	0	50	11
OMIM:150400	0	0	0	18	5
OMIM:150550	0	0	0	17	9
OMIM:150600	0	0	0	5	3
OMIM:150800	0	0	0	9	4
OMIM:151050	0	0	0	60	12
OMIM:151100	1	1	0	45	11
OMIM:151210	0	0	0	41	9
OMIM:151600	0	0	0	7	1
OMIM:151623	0	0	0	13	10
OMIM:151660	1	0	0	81	15
OMIM:151800	0	0	0	17	7
OMIM:152700	1	1	0	22	9
OMIM:152950	0	0	0	42	6
OMIM:153100	0	0	0	13	8
OMIM:153300	0	0	0	6	4
OMIM:153400	1	0	0	27	10
OMIM:153550	0	0	0	9	2
OMIM:153600	0	0	0	7	6
OMIM:153670	0	0	0	16	7
OMIM:153700	0	0	0	7	1
OMIM:153800	0	0	0	2	1
OMIM:153870	0	0	0	4	1
OMIM:154020	0	0	1	9	4
OMIM:154400	1	1	0	83	13
OMIM:154500	1	0	0	34	9
OMIM:154700	1	0	0	71	10
OMIM:154780	0	0	0	46	10
OMIM:154800	0	0	0	7	6
OMIM:155100	0	0	0	19	7
OMIM:155240	0	0	0	2	2
OMIM:155255	0	0	0	5	2
OMIM:155310	0	1	0	20	7
OMIM:155500	0	0	0	3	2
OMIM:155600	0	0	0	7	3
OMIM:155601	0	0	0	2	2
OMIM:155755	0	0	0	3	3
OMIM:155950	0	0	0	5	1
OMIM:156200	0	0	0	81	11
OMIM:156240	0	0	0	2	1
OMIM:156250	0	0	0	12	8
OMIM:156400	0	1	0	47	10
OMIM:156500	0	0	0	28	4
OMIM:156510	0	0	0	15	4
OMIM:156530	0	0	0	50	7
OMIM:156550	0	0	0	41	10
OMIM:156610	0	0	0	35	9
OMIM:157170	1	0	0	41	7
OMIM:157300	0	0	0	7	3
OMIM:157600	0	0	0	6	1
OMIM:157640	0	0	0	48	12
OMIM:157800	1	1	0	56	12
OMIM:158000	0	0	0	11	1
OMIM:158300	0	0	0	18	7
OMIM:158310	1	0	0	32	12
OMIM:158320	0	0	0	14	7
OMIM:158330	0	1	0	12	4
OMIM:158350	0	0	0	47	17
OMIM:158580	0	0	0	15	4
OMIM:158590	0	0	0	8	3
OMIM:158600	0	0	0	15	3
OMIM:158810	0	0	0	52	12
OMIM:158900	0	0	0	25	11
OMIM:158901	0	0	0	9	5
OMIM:159550	0	0	0	21	7
OMIM:159595	0	0	0	2	3
OMIM:159900	0	0	0	23	5
OMIM:159950	0	0	0	25	7
OMIM:160120	0	0	0	18	6
OMIM:160150	0	0	0	37	6
OMIM:160500	1	0	0	29	7
OMIM:160565	0	0	0	27	7
OMIM:160800	0	0	0	14	3
OMIM:160900	0	0	0	24	11
OMIM:160980	1	0	0	40	14
OMIM:161000	0	0	0	9	4
OMIM:161050	0	0	0	8	1
OMIM:161200	0	1	1	45	12
OMIM:161400	0	0	0	11	1
OMIM:161800	1	0	0	40	11
OMIM:162000	0	1	1	40	6
OMIM:162091	0	0	0	8	4
OMIM:162100	0	0	0	21	6
OMIM:162200	1	1	0	59	15
OMIM:162210	0	0	0	12	7
OMIM:162300	0	0	0	30	11
OMIM:162350	0	0	0	20	4
OMIM:162400	0	0	0	23	8
OMIM:162500	0	0	0	13	4
OMIM:162800	0	0	0	5	5
OMIM:162830	0	0	0	6	6
OMIM:162900	0	0	0	3	1
OMIM:163000	0	0	0	2	1
OMIM:163200	0	1	0	33	12
OMIM:163500	0	0	0	5	1
OMIM:163800	1	0	0	28	3
OMIM:163950	1	0	0	58	18
OMIM:164200	1	0	0	54	10
OMIM:164210	1	1	0	55	10
OMIM:164230	0	0	0	6	1
OMIM:164280	1	0	0	47	11
OMIM:164300	0	0	0	17	8
OMIM:164310	1	0	0	46	12
OMIM:164400	0	0	0	51	5
OMIM:164500	0	0	0	22	4
OMIM:164745	0	0	0	37	11
OMIM:165300	0	0	0	9	3
OMIM:165500	0	0	0	17	4
OMIM:165510	0	0	0	8	2
OMIM:165550	0	0	0	8	2
OMIM:165720	0	0	0	2	1
OMIM:165800	0	0	0	16	6
OMIM:166200	1	0	0	21	9
OMIM:166210	0	0	0	26	10
OMIM:166220	0	0	0	16	6
OMIM:166250	0	0	0	60	11
OMIM:166260	0	0	0	7	3
OMIM:166300	0	1	1	31	9
OMIM:166350	0	0	0	8	3
OMIM:166600	0	0	0	15	8
OMIM:166700	0	0	0	13	5
OMIM:166710	0	0	0	2	1
OMIM:166760	0	0	0	3	2
OMIM:166780	0	0	0	14	6
OMIM:166900	0	0	0	3	1
OMIM:167000	0	0	0	5	3
OMIM:167030	0	1	1	6	2
OMIM:167100	0	0	0	13	10
OMIM:167200	0	0	0	6	3
OMIM:167210	0	0	0	16	6
OMIM:167250	0	0	0	8	5
OMIM:167320	0	0	0	35	6
OMIM:167400	0	0	0	11	8
OMIM:167800	0	0	0	11	8
OMIM:168000	0	0	0	26	7
OMIM:168300	0	0	0	45	13
OMIM:168400	0	0	0	10	5
OMIM:168500	0	0	0	11	5
OMIM:168550	0	0	0	7	4
OMIM:168600	0	0	0	30	6
OMIM:168601	0	0	0	28	4
OMIM:168605	0	0	0	30	7
OMIM:169100	0	0	0	18	8
OMIM:169150	0	0	0	12	2
OMIM:169400	1	0	0	36	14
OMIM:169600	0	0	0	2	2
OMIM:170100	0	0	0	36	14
OMIM:170390	0	0	0	57	12
OMIM:170400	0	0	0	10	3
OMIM:170500	0	0	0	7	3
OMIM:170650	0	0	0	5	4
OMIM:171200	0	0	0	2	1
OMIM:171300	0	1	0	17	9
OMIM:171400	0	0	0	22	8
OMIM:172700	0	0	0	19	1
OMIM:172800	0	0	0	9	6
OMIM:172870	0	0	0	7	1
OMIM:173100	0	0	0	8	4
OMIM:173200	0	0	0	10	3
OMIM:173600	0	0	0	3	1
OMIM:173650	0	0	0	25	10
OMIM:173900	1	1	1	9	4
OMIM:174000	0	1	1	21	6
OMIM:174050	0	1	0	11	8
OMIM:174200	0	0	0	21	8
OMIM:174300	1	1	0	48	13
OMIM:174400	0	0	0	4	2
OMIM:174500	0	0	0	10	2
OMIM:174700	0	0	0	7	2
OMIM:174800	0	0	0	23	11
OMIM:174810	0	0	0	12	7
OMIM:174900	0	0	0	15	9
OMIM:175050	0	0	0	18	10
OMIM:175100	0	0	0	27	9
OMIM:175200	0	0	0	27	12
OMIM:175510	0	0	0	4	2
OMIM:175700	1	0	0	53	10
OMIM:175780	0	0	0	51	7
OMIM:175800	0	0	0	5	1
OMIM:175900	0	0	0	5	1
OMIM:176000	0	0	0	24	10
OMIM:176100	0	0	0	13	5
OMIM:176200	0	0	0	14	7
OMIM:176270	0	0	0	95	15
OMIM:176305	0	0	0	6	3
OMIM:176400	0	0	0	6	3
OMIM:176410	0	0	0	3	2
OMIM:176430	0	0	0	2	2
OMIM:176450	0	1	0	27	9
OMIM:176500	0	0	0	8	3
OMIM:176670	0	0	0	15	5
OMIM:176807	0	0	0	3	2
OMIM:176860	0	0	0	10	6
OMIM:176920	0	0	0	35	12
OMIM:177000	0	0	0	11	6
OMIM:177170	0	0	0	44	5
OMIM:177200	0	0	1	9	4
OMIM:177650	0	0	0	14	3
OMIM:177735	0	0	0	15	5
OMIM:177820	0	0	0	3	1
OMIM:177850	1	0	0	24	9
OMIM:177900	0	0	0	6	3
OMIM:178110	1	0	0	35	10
OMIM:178500	0	0	0	13	10
OMIM:178600	1	0	0	18	4
OMIM:179300	0	0	0	3	2
OMIM:179800	0	1	0	12	3
OMIM:179850	0	0	0	2	1
OMIM:180000	0	0	0	6	5
OMIM:180100	0	0	0	15	2
OMIM:180104	0	0	0	9	1
OMIM:180105	0	0	0	14	2
OMIM:180200	0	0	0	14	8
OMIM:180295	0	0	0	7	5
OMIM:180300	0	0	0	16	7
OMIM:180500	0	0	0	25	7
OMIM:180550	0	0	0	7	2
OMIM:180700	0	1	0	71	11
OMIM:180750	0	0	0	18	4
OMIM:180800	0	0	0	21	4
OMIM:180849	1	1	0	141	17
OMIM:180860	0	0	0	29	13
OMIM:180920	0	0	0	6	1
OMIM:181000	1	0	0	44	16
OMIM:181030	0	0	0	3	3
OMIM:181270	1	1	1	59	14
OMIM:181350	1	0	0	65	8
OMIM:181400	0	0	0	13	6
OMIM:181405	0	0	0	33	6
OMIM:181450	1	0	0	46	12
OMIM:181500	0	0	0	7	1
OMIM:181600	0	0	0	8	4
OMIM:182000	0	0	0	3	2
OMIM:182170	0	0	0	4	2
OMIM:182212	1	0	0	63	10
OMIM:182230	0	0	0	13	6
OMIM:182250	1	0	0	53	11
OMIM:182280	0	0	0	2	2
OMIM:182290	1	1	0	81	16
OMIM:182410	1	0	0	25	9
OMIM:182600	0	0	0	23	5
OMIM:182601	0	0	0	27	6
OMIM:182900	0	0	0	14	6
OMIM:182940	0	0	0	11	6
OMIM:182980	0	0	0	14	2
OMIM:183086	0	0	0	27	5
OMIM:183090	0	0	0	41	6
OMIM:183600	0	0	0	17	6
OMIM:183900	0	0	0	38	9
OMIM:184095	0	0	0	18	8
OMIM:184250	0	0	0	27	7
OMIM:184252	0	0	0	33	5
OMIM:184253	0	0	0	20	4
OMIM:184255	0	0	0	14	4
OMIM:184260	0	1	0	42	8
OMIM:184450	0	0	0	3	1
OMIM:184460	0	0	0	15	5
OMIM:184500	0	0	0	3	3
OMIM:184840	0	0	0	14	5
OMIM:184900	1	0	0	15	8
OMIM:185000	0	0	0	15	9
OMIM:185020	0	0	0	6	5
OMIM:185070	0	0	0	28	13
OMIM:185300	0	0	0	9	6
OMIM:185500	0	0	0	5	2
OMIM:185800	0	0	0	11	3
OMIM:186000	0	0	0	15	2
OMIM:186100	0	0	0	6	2
OMIM:186200	0	0	0	9	2
OMIM:186300	0	0	0	24	2
OMIM:186500	0	0	0	54	7
OMIM:186570	0	0	0	16	4
OMIM:186580	1	0	0	22	9
OMIM:187000	0	0	0	2	1
OMIM:187300	0	0	0	53	12
OMIM:187500	1	0	0	6	6
OMIM:187600	0	0	0	43	8
OMIM:187601	0	0	0	26	7
OMIM:187800	0	0	0	9	3
OMIM:187900	0	0	0	19	5
OMIM:187950	0	0	0	6	4
OMIM:188000	0	0	0	7	4
OMIM:188050	0	0	0	7	3
OMIM:188055	0	0	0	7	1
OMIM:188400	1	1	1	76	18
OMIM:188470	0	0	0	5	2
OMIM:188550	0	0	0	4	2
OMIM:188570	0	0	0	9	3
OMIM:188580	0	0	0	11	6
OMIM:188740	0	0	0	7	2
OMIM:189500	0	0	0	10	2
OMIM:190300	0	0	0	6	1
OMIM:190320	0	0	0	10	3
OMIM:190330	0	0	0	3	3
OMIM:190350	0	0	0	54	11
OMIM:190351	0	0	0	31	7
OMIM:190440	0	0	0	21	7
OMIM:190605	0	0	0	7	2
OMIM:190900	0	0	0	5	1
OMIM:191100	1	1	0	38	13
OMIM:191480	0	0	0	5	1
OMIM:191800	0	1	1	11	7
OMIM:191830	0	1	0	17	10
OMIM:191900	0	1	1	28	14
OMIM:192315	0	0	0	33	10
OMIM:192430	1	0	0	39	17
OMIM:192500	0	0	0	9	4
OMIM:192600	1	0	0	6	2
OMIM:192605	1	0	0	7	2
OMIM:192950	0	0	0	5	2
OMIM:193003	0	0	0	18	4
OMIM:193100	0	0	0	13	7
OMIM:193220	0	0	0	20	4
OMIM:193230	0	0	0	7	1
OMIM:193235	0	0	0	10	4
OMIM:193300	0	1	0	20	11
OMIM:193400	1	0	0	18	7
OMIM:193500	0	0	0	27	7
OMIM:193510	0	0	0	15	4
OMIM:193520	0	0	0	16	9
OMIM:193530	0	0	0	13	7
OMIM:193670	0	0	0	14	9
OMIM:193700	0	0	0	78	16
OMIM:193900	0	0	0	3	1
OMIM:194050	1	1	1	107	17
OMIM:194070	0	0	0	3	2
OMIM:194071	0	0	0	3	2
OMIM:194072	0	0	1	15	5
OMIM:194080	0	1	1	26	6
OMIM:194190	1	0	0	93	15
OMIM:194200	0	0	0	14	3
OMIM:194300	0	0	0	10	3
OMIM:194380	0	0	0	14	8
OMIM:200100	0	0	0	9	5
OMIM:200110	0	0	0	40	12
OMIM:200150	0	0	0	39	7
OMIM:200500	0	0	0	16	2
OMIM:200600	0	0	0	44	9
OMIM:200610	0	0	0	28	8
OMIM:200700	0	0	0	26	4
OMIM:200990	1	0	0	82	11
OMIM:201000	1	1	0	68	13
OMIM:201100	0	0	0	27	12
OMIM:201250	0	0	0	18	4
OMIM:201300	0	0	0	24	8
OMIM:201400	0	0	0	9	5
OMIM:201450	0	0	0	19	6
OMIM:201470	1	0	0	24	9
OMIM:201475	1	0	0	32	11
OMIM:201710	0	0	0	5	3
OMIM:201750	0	1	0	74	14
OMIM:201810	0	0	0	22	3
OMIM:201910	0	0	0	13	7
OMIM:202010	0	0	0	21	7
OMIM:202110	0	0	0	9	5
OMIM:202200	0	0	0	16	7
OMIM:202300	0	0	0	3	3
OMIM:202370	0	0	0	18	7
OMIM:202400	0	0	0	22	7
OMIM:202650	1	0	0	25	8
OMIM:202700	0	0	0	12	6
OMIM:203100	0	0	0	18	3
OMIM:203200	0	0	0	15	2
OMIM:203290	0	0	0	6	2
OMIM:203300	1	0	1	25	11
OMIM:203400	0	0	0	14	6
OMIM:203450	0	0	0	27	6
OMIM:203500	1	1	0	28	11
OMIM:203650	0	0	0	4	2
OMIM:203655	0	0	0	7	2
OMIM:203700	0	0	0	50	9
OMIM:203740	0	0	0	19	3
OMIM:203750	0	0	0	7	4
OMIM:203780	0	1	1	16	6
OMIM:203800	1	1	1	56	17
OMIM:204000	0	0	0	21	8
OMIM:204100	0	0	0	18	3
OMIM:204200	1	0	0	32	7
OMIM:204300	0	0	0	23	4
OMIM:204500	0	0	0	15	4
OMIM:204650	0	0	0	6	2
OMIM:204690	0	1	1	13	5
OMIM:204700	0	0	0	7	2
OMIM:204750	0	0	0	9	5
OMIM:204870	0	0	0	8	2
OMIM:205100	0	0	0	52	9
OMIM:205400	1	0	0	25	9
OMIM:205950	0	0	0	8	2
OMIM:206100	0	0	0	8	3
OMIM:206200	0	0	0	5	2
OMIM:206500	0	0	0	4	1
OMIM:206700	0	0	0	59	10
OMIM:206800	0	0	0	3	2
OMIM:206900	1	0	0	39	11
OMIM:206920	0	0	0	46	10
OMIM:207410	1	1	0	32	9
OMIM:207750	0	0	0	10	6
OMIM:207800	0	0	0	26	7
OMIM:207900	0	0	0	29	6
OMIM:208000	1	1	0	21	6
OMIM:208050	1	0	0	54	11
OMIM:208085	1	1	0	42	15
OMIM:208100	0	0	0	8	3
OMIM:208150	0	0	0	52	11
OMIM:208230	0	0	0	24	4
OMIM:208250	1	0	0	11	4
OMIM:208400	0	0	0	48	14
OMIM:208530	1	0	0	21	7
OMIM:208540	1	1	1	35	10
OMIM:208550	0	0	0	5	3
OMIM:208900	0	0	0	49	16
OMIM:208920	0	0	0	36	5
OMIM:209300	0	0	0	5	4
OMIM:209500	0	0	0	3	1
OMIM:209850	0	0	0	15	2
OMIM:209880	0	0	0	24	9
OMIM:209885	0	0	0	49	9
OMIM:209900	1	0	0	66	15
OMIM:209920	0	0	0	23	11
OMIM:209950	0	0	0	25	11
OMIM:210000	0	0	0	34	5
OMIM:210100	0	0	0	2	2
OMIM:210200	0	0	0	60	13
OMIM:210210	0	0	0	30	9
OMIM:210250	0	0	0	25	10
OMIM:210370	0	0	0	11	1
OMIM:210600	0	0	0	49	10
OMIM:210710	1	1	0	107	14
OMIM:210720	0	0	0	52	12
OMIM:210750	0	0	0	2	1
OMIM:210900	0	0	0	45	17
OMIM:211180	0	0	0	8	5
OMIM:211350	0	0	0	29	6
OMIM:211380	0	0	0	62	10
OMIM:211400	0	0	0	5	4
OMIM:211500	0	0	0	8	6
OMIM:211530	0	0	0	48	10
OMIM:211600	0	0	0	19	10
OMIM:211750	1	1	0	44	11
OMIM:211800	0	0	0	9	2
OMIM:211900	0	1	0	19	7
OMIM:211980	0	0	0	5	2
OMIM:212050	0	0	0	20	8
OMIM:212065	1	1	0	78	17
OMIM:212066	1	0	0	59	12
OMIM:212070	0	0	0	5	5
OMIM:212093	1	1	0	29	8
OMIM:212112	1	0	0	22	10
OMIM:212138	1	0	0	28	7
OMIM:212140	1	0	0	37	9
OMIM:212350	1	0	0	37	11
OMIM:212500	0	0	0	4	3
OMIM:212550	0	0	0	15	2
OMIM:212720	1	0	0	69	15
OMIM:212750	0	0	0	45	14
OMIM:212780	0	1	0	25	8
OMIM:212840	0	0	0	16	4
OMIM:213000	0	0	0	11	3
OMIM:213200	0	0	0	29	5
OMIM:213300	0	1	0	54	10
OMIM:213600	0	0	0	31	7
OMIM:213700	0	0	0	39	12
OMIM:213980	1	1	0	82	16
OMIM:214100	1	1	0	111	17
OMIM:214110	1	1	0	46	16
OMIM:214150	0	0	0	59	13
OMIM:214300	1	0	0	14	5
OMIM:214350	0	0	0	5	2
OMIM:214400	0	0	0	23	3
OMIM:214450	0	0	0	14	6
OMIM:214500	0	0	0	46	10
OMIM:214700	0	0	0	21	5
OMIM:214800	1	1	0	93	17
OMIM:214950	0	0	0	18	7
OMIM:215045	0	0	0	22	8
OMIM:215100	0	0	0	29	10
OMIM:215140	0	0	0	83	14
OMIM:215150	0	0	0	33	9
OMIM:215300	0	0	0	2	2
OMIM:215470	0	0	0	36	6
OMIM:215500	0	0	0	4	1
OMIM:215600	0	0	0	16	8
OMIM:215700	0	0	0	26	6
OMIM:216100	0	1	0	17	10
OMIM:216340	1	0	0	110	18
OMIM:216360	0	1	1	44	11
OMIM:216400	0	0	1	86	15
OMIM:216550	1	0	0	61	13
OMIM:216820	0	0	0	11	1
OMIM:216900	0	0	0	16	2
OMIM:217000	0	0	0	3	4
OMIM:217080	0	0	0	19	5
OMIM:217085	1	0	0	15	8
OMIM:217090	0	1	0	21	12
OMIM:217095	1	0	0	10	5
OMIM:217300	0	0	0	10	1
OMIM:217400	0	0	0	7	2
OMIM:217700	0	0	0	5	1
OMIM:217800	0	0	0	8	2
OMIM:218000	0	0	0	57	10
OMIM:218030	0	0	0	12	5
OMIM:218040	1	0	1	74	18
OMIM:218330	1	1	1	67	14
OMIM:218340	0	0	0	37	8
OMIM:218400	0	0	0	23	7
OMIM:218600	1	0	0	86	12
OMIM:218700	0	0	0	29	11
OMIM:218800	0	0	0	7	4
OMIM:219000	1	1	0	69	15
OMIM:219050	0	1	0	4	1
OMIM:219080	0	0	0	25	9
OMIM:219090	0	1	0	30	10
OMIM:219100	0	0	0	26	12
OMIM:219150	0	0	0	54	12
OMIM:219200	0	0	0	41	10
OMIM:219500	0	0	0	2	2
OMIM:219600	0	0	0	4	2
OMIM:219700	1	0	0	34	11
OMIM:219730	1	1	1	17	6
OMIM:219750	0	0	0	8	4
OMIM:219800	0	1	1	72	15
OMIM:219900	0	0	1	11	7
OMIM:220100	0	1	1	9	3
OMIM:220110	1	0	0	44	13
OMIM:220111	1	0	0	75	15
OMIM:220120	0	0	0	43	13
OMIM:220150	0	1	1	14	2
OMIM:220210	1	1	0	36	13
OMIM:220290	0	0	0	4	1
OMIM:220400	0	0	0	8	4
OMIM:220500	1	1	0	55	11
OMIM:220600	0	0	0	9	5
OMIM:221200	0	0	0	5	2
OMIM:221750	0	0	0	10	6
OMIM:221770	0	0	0	36	5
OMIM:221820	0	0	0	35	3
OMIM:221900	0	0	0	22	4
OMIM:222100	0	0	0	8	5
OMIM:222300	1	1	0	32	12
OMIM:222448	1	0	0	39	9
OMIM:222470	1	1	0	60	16
OMIM:222600	0	0	0	32	11
OMIM:222700	0	0	1	42	11
OMIM:222730	0	1	0	6	3
OMIM:222748	0	0	0	36	8
OMIM:222765	1	0	0	39	9
OMIM:222800	0	0	0	7	5
OMIM:222900	0	1	0	7	4
OMIM:223000	0	0	0	7	2
OMIM:223100	0	0	0	9	3
OMIM:223360	0	0	0	23	9
OMIM:223800	0	0	0	65	7
OMIM:223900	0	1	0	35	12
OMIM:224050	0	0	0	33	5
OMIM:224100	0	0	0	14	7
OMIM:224120	0	0	0	22	11
OMIM:224230	0	0	0	25	9
OMIM:224410	0	0	0	27	12
OMIM:224500	0	0	0	9	4
OMIM:224690	0	0	0	70	13
OMIM:224750	0	0	0	21	5
OMIM:224900	0	0	0	21	4
OMIM:225060	0	0	0	28	6
OMIM:225100	0	0	0	2	1
OMIM:225200	0	0	0	8	1
OMIM:225250	1	0	0	14	4
OMIM:225280	0	0	0	19	5
OMIM:225300	0	0	0	8	2
OMIM:225320	1	0	0	15	6
OMIM:225400	0	0	0	53	15
OMIM:225410	0	0	0	43	14
OMIM:225500	1	0	0	30	8
OMIM:225750	1	0	0	49	13
OMIM:225753	0	0	0	20	6
OMIM:225790	0	0	0	24	7
OMIM:226200	0	0	0	5	3
OMIM:226300	0	0	0	31	12
OMIM:226400	0	0	0	4	3
OMIM:226600	0	0	0	28	12
OMIM:226650	0	0	0	13	4
OMIM:226670	0	0	0	22	10
OMIM:226700	0	0	0	15	6
OMIM:226730	0	0	0	24	6
OMIM:226750	0	0	0	22	3
OMIM:226900	0	0	0	14	4
OMIM:226960	0	0	0	26	7
OMIM:226980	0	0	1	38	11
OMIM:226990	0	0	0	23	11
OMIM:227240	0	0	0	2	1
OMIM:227260	0	0	0	14	3
OMIM:227300	0	0	0	4	1
OMIM:227400	0	0	0	10	5
OMIM:227500	0	0	0	11	7
OMIM:227600	0	0	0	11	6
OMIM:227645	1	1	0	42	16
OMIM:227646	1	1	0	51	18
OMIM:227650	1	1	0	35	16
OMIM:227810	0	0	0	37	7
OMIM:228000	0	0	0	26	16
OMIM:228300	0	0	0	22	7
OMIM:228520	1	0	0	50	11
OMIM:228550	0	0	0	4	1
OMIM:228600	0	0	0	21	10
OMIM:228900	0	0	0	16	4
OMIM:228930	0	0	0	29	5
OMIM:228960	0	0	0	3	2
OMIM:228980	0	0	0	4	1
OMIM:229050	0	0	0	25	8
OMIM:229070	0	0	0	12	5
OMIM:229100	0	0	0	8	6
OMIM:229200	1	0	0	22	8
OMIM:229300	1	0	0	28	8
OMIM:229600	0	0	0	31	9
OMIM:229700	0	0	0	18	7
OMIM:229800	0	0	0	3	2
OMIM:230000	1	0	0	64	15
OMIM:230200	0	0	0	7	7
OMIM:230350	0	0	0	18	10
OMIM:230400	0	0	0	31	10
OMIM:230450	0	0	0	9	5
OMIM:230500	1	0	0	38	13
OMIM:230600	0	0	0	36	12
OMIM:230650	0	0	0	29	10
OMIM:230740	0	1	1	64	12
OMIM:230800	0	0	0	25	13
OMIM:230900	0	0	0	32	10
OMIM:231000	0	0	0	22	9
OMIM:231005	1	0	0	18	8
OMIM:231050	0	0	0	46	10
OMIM:231070	0	0	0	36	10
OMIM:231090	0	0	0	5	1
OMIM:231095	0	0	0	32	11
OMIM:231200	0	0	0	15	6
OMIM:231300	0	0	0	5	1
OMIM:231530	1	0	0	16	8
OMIM:231550	0	0	0	28	10
OMIM:231670	0	0	0	41	9
OMIM:231680	1	1	0	46	14
OMIM:231690	0	0	0	9	6
OMIM:231900	0	0	0	7	4
OMIM:231950	0	0	0	19	9
OMIM:232200	0	1	0	31	13
OMIM:232220	0	1	0	32	13
OMIM:232240	0	1	1	30	13
OMIM:232300	1	0	0	41	14
OMIM:232400	1	0	0	21	7
OMIM:232500	1	1	0	25	10
OMIM:232600	0	0	0	17	5
OMIM:232700	0	0	0	11	3
OMIM:232800	0	0	0	27	8
OMIM:233100	0	0	0	8	3
OMIM:233300	0	0	0	6	4
OMIM:233400	0	0	0	24	9
OMIM:233420	0	0	0	10	2
OMIM:233600	0	0	0	29	13
OMIM:233650	0	0	0	7	5
OMIM:233690	0	0	0	26	9
OMIM:233700	0	0	0	25	8
OMIM:233710	0	0	0	40	12
OMIM:233910	0	0	0	29	8
OMIM:234000	0	0	0	4	1
OMIM:234050	1	0	0	31	10
OMIM:234200	0	0	0	57	11
OMIM:234500	0	0	0	19	7
OMIM:234580	0	0	0	10	6
OMIM:234810	0	0	0	13	6
OMIM:235200	1	0	0	27	11
OMIM:235400	0	0	1	25	8
OMIM:235510	1	1	0	64	16
OMIM:235550	1	0	0	7	9
OMIM:235555	0	0	0	14	7
OMIM:235700	0	0	0	12	6
OMIM:235730	1	0	0	68	13
OMIM:235800	0	0	0	6	3
OMIM:236000	0	0	0	4	5
OMIM:236200	1	0	0	51	13
OMIM:236250	0	0	0	12	6
OMIM:236270	0	0	0	25	7
OMIM:236500	0	1	0	31	9
OMIM:236600	0	0	0	6	1
OMIM:236670	0	1	0	59	8
OMIM:236680	1	1	0	41	14
OMIM:236690	0	0	0	7	4
OMIM:236700	0	1	0	20	8
OMIM:236730	0	1	0	11	4
OMIM:236792	0	0	0	23	6
OMIM:236800	0	0	0	6	4
OMIM:237300	0	0	0	19	5
OMIM:237310	0	0	0	23	6
OMIM:237450	0	0	0	5	4
OMIM:237500	0	0	0	4	3
OMIM:237900	0	0	0	5	4
OMIM:238320	0	0	0	3	3
OMIM:238600	0	0	0	16	7
OMIM:238700	0	0	0	25	6
OMIM:238970	0	0	0	41	8
OMIM:239000	0	0	0	38	10
OMIM:239100	0	0	0	10	6
OMIM:239200	0	0	0	25	12
OMIM:239300	1	1	0	48	11
OMIM:239500	0	0	0	19	4
OMIM:239510	0	0	0	10	3
OMIM:239850	1	0	0	40	9
OMIM:240300	0	1	0	63	13
OMIM:240500	0	0	0	25	13
OMIM:240600	0	0	0	7	2
OMIM:240800	0	0	0	13	5
OMIM:240900	0	0	0	15	8
OMIM:241080	0	0	0	41	9
OMIM:241200	0	1	0	49	13
OMIM:241410	0	0	0	39	11
OMIM:241500	0	1	0	42	16
OMIM:241510	0	0	0	19	9
OMIM:241520	0	0	0	7	4
OMIM:241530	0	1	0	39	9
OMIM:241600	0	0	0	19	8
OMIM:241800	0	1	0	32	10
OMIM:241850	0	0	0	21	11
OMIM:242100	0	0	0	24	8
OMIM:242150	0	0	0	27	11
OMIM:242300	0	0	0	17	6
OMIM:242500	0	0	0	13	8
OMIM:242600	0	0	0	6	4
OMIM:242700	0	0	0	17	10
OMIM:242840	1	0	0	71	16
OMIM:242860	0	0	0	26	12
OMIM:242900	0	1	1	60	16
OMIM:243000	0	0	0	17	6
OMIM:243060	0	0	0	5	1
OMIM:243150	1	0	0	37	15
OMIM:243180	0	0	0	20	6
OMIM:243300	0	0	0	9	5
OMIM:243310	1	0	0	45	10
OMIM:243400	0	0	0	2	1
OMIM:243500	0	0	0	19	8
OMIM:243605	0	1	0	33	10
OMIM:243700	0	0	0	40	14
OMIM:243800	1	1	0	72	15
OMIM:244200	0	1	0	19	8
OMIM:244400	1	0	0	21	10
OMIM:244450	1	0	0	65	14
OMIM:244460	0	0	0	24	10
OMIM:245000	0	0	0	6	6
OMIM:245010	0	0	0	9	5
OMIM:245050	0	0	0	8	4
OMIM:245150	1	0	0	38	10
OMIM:245200	0	0	0	32	9
OMIM:245300	0	0	0	5	2
OMIM:245340	0	0	0	6	2
OMIM:245348	0	0	0	28	7
OMIM:245349	0	0	0	29	6
OMIM:245400	0	0	0	45	10
OMIM:245450	0	0	0	8	7
OMIM:245480	0	0	0	15	6
OMIM:245570	0	0	0	24	5
OMIM:245590	0	0	0	9	5
OMIM:245600	1	0	0	82	10
OMIM:245660	0	0	0	11	4
OMIM:245800	0	0	0	14	6
OMIM:245900	0	0	1	11	5
OMIM:246200	1	1	0	55	15
OMIM:246300	0	0	0	2	1
OMIM:246450	0	0	0	42	10
OMIM:246650	0	0	0	7	6
OMIM:246700	0	0	0	16	4
OMIM:246900	1	0	0	24	6
OMIM:247100	0	0	0	24	5
OMIM:247420	0	0	0	2	1
OMIM:248000	0	1	0	27	9
OMIM:248190	0	1	1	22	6
OMIM:248200	0	0	0	12	1
OMIM:248250	0	1	1	60	13
OMIM:248300	0	0	0	8	4
OMIM:248340	0	1	0	28	10
OMIM:248360	1	0	0	25	9
OMIM:248370	0	0	0	49	9
OMIM:248390	0	0	0	11	3
OMIM:248450	0	0	0	17	7
OMIM:248500	0	0	0	57	14
OMIM:248510	0	0	0	18	10
OMIM:248600	0	0	0	24	7
OMIM:248700	1	1	0	51	12
OMIM:248800	0	0	0	34	9
OMIM:248900	0	0	0	26	4
OMIM:249000	1	1	0	83	14
OMIM:249100	1	1	1	36	12
OMIM:249210	0	0	0	6	4
OMIM:249270	1	0	0	29	12
OMIM:249400	0	0	0	15	5
OMIM:249420	1	0	0	63	10
OMIM:249500	0	0	0	8	3
OMIM:249700	0	0	0	19	5
OMIM:249900	0	0	0	26	6
OMIM:250100	0	0	0	33	9
OMIM:250220	1	0	0	42	8
OMIM:250250	0	0	0	47	13
OMIM:250400	0	0	0	17	5
OMIM:250410	1	1	0	51	11
OMIM:250460	0	0	0	17	6
OMIM:250620	1	0	0	26	9
OMIM:250790	0	0	0	12	5
OMIM:250800	0	0	0	16	9
OMIM:250850	0	0	0	9	4
OMIM:250940	0	0	0	39	13
OMIM:250950	0	0	0	27	7
OMIM:251000	1	1	1	35	10
OMIM:251100	0	0	0	33	9
OMIM:251110	1	0	0	34	10
OMIM:251120	0	0	0	12	6
OMIM:251200	0	0	0	8	6
OMIM:251230	0	0	0	31	9
OMIM:251255	0	0	0	17	5
OMIM:251260	0	1	0	77	17
OMIM:251270	0	0	0	23	6
OMIM:251280	0	0	0	20	6
OMIM:251290	1	0	1	41	13
OMIM:251300	0	1	1	65	12
OMIM:251450	0	0	0	63	7
OMIM:251750	0	0	0	15	4
OMIM:251850	0	0	0	9	3
OMIM:251880	0	0	0	39	13
OMIM:251900	0	0	0	40	14
OMIM:251950	0	0	0	20	4
OMIM:252010	1	0	0	68	15
OMIM:252011	1	0	0	36	8
OMIM:252100	0	0	0	36	7
OMIM:252150	0	1	0	44	8
OMIM:252160	0	1	0	43	8
OMIM:252270	0	0	0	5	3
OMIM:252500	1	1	0	97	18
OMIM:252600	1	0	0	59	14
OMIM:252605	0	0	0	28	10
OMIM:252650	0	0	0	30	8
OMIM:252900	1	0	0	28	12
OMIM:252920	1	0	0	27	11
OMIM:252930	1	0	0	37	14
OMIM:252940	1	0	0	73	15
OMIM:253000	1	0	0	50	13
OMIM:253010	0	0	0	49	13
OMIM:253200	1	0	0	64	16
OMIM:253220	1	0	0	68	15
OMIM:253250	1	0	0	43	16
OMIM:253260	0	0	0	29	12
OMIM:253270	0	0	0	24	9
OMIM:253280	0	0	0	51	6
OMIM:253290	1	0	0	26	12
OMIM:253300	1	0	0	18	8
OMIM:253310	0	0	0	12	6
OMIM:253400	0	0	0	23	4
OMIM:253550	0	0	0	9	5
OMIM:253600	0	0	0	15	7
OMIM:253601	0	0	0	17	4
OMIM:253700	1	0	0	22	7
OMIM:253800	1	0	0	44	8
OMIM:254090	0	0	0	41	11
OMIM:254100	0	0	0	4	1
OMIM:254110	0	0	0	25	6
OMIM:254130	0	0	0	13	4
OMIM:254210	0	0	0	21	7
OMIM:254300	0	0	0	21	8
OMIM:254450	0	0	0	11	7
OMIM:254500	0	0	0	5	5
OMIM:254600	0	0	0	6	3
OMIM:254770	0	0	0	9	1
OMIM:254780	0	0	0	18	4
OMIM:254800	0	0	0	13	1
OMIM:254900	0	1	1	27	6
OMIM:254940	1	0	0	62	13
OMIM:255100	1	0	0	17	9
OMIM:255110	0	0	1	11	4
OMIM:255120	1	0	0	28	6
OMIM:255125	0	0	0	35	11
OMIM:255160	1	0	0	35	9
OMIM:255200	0	0	0	34	10
OMIM:255300	0	0	0	3	2
OMIM:255310	1	0	0	29	11
OMIM:255320	0	0	0	36	11
OMIM:255600	0	0	0	15	7
OMIM:255700	0	0	0	15	6
OMIM:255800	0	0	0	70	12
OMIM:255960	1	0	0	4	3
OMIM:255995	0	0	0	42	11
OMIM:256020	0	1	1	10	3
OMIM:256030	0	0	0	59	12
OMIM:256040	1	0	0	80	19
OMIM:256050	0	0	0	31	4
OMIM:256100	0	1	1	13	6
OMIM:256300	0	1	1	25	7
OMIM:256370	0	1	1	12	2
OMIM:256450	0	0	0	8	5
OMIM:256500	1	0	0	151	18
OMIM:256520	1	1	0	61	13
OMIM:256540	0	0	0	15	13
OMIM:256550	1	0	0	34	13
OMIM:256600	0	0	0	36	5
OMIM:256700	0	0	0	28	13
OMIM:256730	0	0	0	33	8
OMIM:256731	0	0	0	25	6
OMIM:256800	0	0	0	28	9
OMIM:256810	0	1	0	190	20
OMIM:256840	0	0	0	20	6
OMIM:256850	0	0	0	35	7
OMIM:257200	0	0	0	39	12
OMIM:257220	0	0	0	33	11
OMIM:257270	0	0	0	8	1
OMIM:257300	1	1	0	59	15
OMIM:257320	0	0	0	13	4
OMIM:257400	0	0	0	3	1
OMIM:257850	0	0	0	49	8
OMIM:257920	1	1	0	47	12
OMIM:257980	0	0	0	35	6
OMIM:258100	0	0	0	3	1
OMIM:258150	0	0	0	5	1
OMIM:258315	1	0	0	36	10
OMIM:258450	1	0	0	62	14
OMIM:258480	0	0	0	54	14
OMIM:258501	0	0	0	14	5
OMIM:258660	0	0	0	2	1
OMIM:258860	0	0	0	23	9
OMIM:258865	0	0	0	25	10
OMIM:258870	0	0	0	13	3
OMIM:258900	1	0	0	15	8
OMIM:259050	0	0	0	90	12
OMIM:259100	0	0	0	27	9
OMIM:259420	0	0	0	27	8
OMIM:259440	0	0	0	35	7
OMIM:259450	0	0	0	22	7
OMIM:259500	0	0	0	3	3
OMIM:259600	1	0	0	58	10
OMIM:259680	0	0	0	6	5
OMIM:259700	0	0	0	36	12
OMIM:259710	0	0	0	28	9
OMIM:259720	0	0	0	56	12
OMIM:259730	0	0	0	18	13
OMIM:259770	1	0	0	44	7
OMIM:259775	0	1	0	54	11
OMIM:259900	0	1	1	30	8
OMIM:260000	0	1	1	12	2
OMIM:260005	0	1	0	10	5
OMIM:260300	0	0	0	23	5
OMIM:260350	0	0	0	5	4
OMIM:260370	0	0	0	11	5
OMIM:260400	1	1	0	36	12
OMIM:260500	0	0	0	10	6
OMIM:260540	0	0	0	11	3
OMIM:260565	0	0	0	32	7
OMIM:260570	0	0	0	11	7
OMIM:260600	0	0	0	29	7
OMIM:260660	0	1	0	50	9
OMIM:260800	0	0	0	2	2
OMIM:260920	0	0	0	34	15
OMIM:261000	0	0	0	14	4
OMIM:261100	0	0	0	12	4
OMIM:261500	0	0	0	2	2
OMIM:261515	0	1	0	62	14
OMIM:261540	1	1	0	98	13
OMIM:261550	0	0	0	6	4
OMIM:261600	0	0	0	30	8
OMIM:261630	0	0	0	21	5
OMIM:261640	0	0	0	30	7
OMIM:261650	0	1	0	6	3
OMIM:261670	0	0	1	9	4
OMIM:261680	0	1	0	23	7
OMIM:261740	1	1	0	37	11
OMIM:261750	0	0	0	16	6
OMIM:261990	0	0	0	32	10
OMIM:262000	0	0	0	12	5
OMIM:262190	0	0	0	22	8
OMIM:262300	0	0	0	11	2
OMIM:262400	0	0	0	11	7
OMIM:262500	0	0	0	12	8
OMIM:262600	0	0	0	15	5
OMIM:262650	0	0	0	5	3
OMIM:262700	0	0	0	10	5
OMIM:262850	0	0	0	5	5
OMIM:262890	0	0	0	3	1
OMIM:263200	0	1	1	31	9
OMIM:263210	1	1	0	37	12
OMIM:263300	0	0	0	20	5
OMIM:263400	0	0	0	19	9
OMIM:263520	1	1	0	42	12
OMIM:263570	0	0	0	18	7
OMIM:263650	1	1	0	71	12
OMIM:263700	0	0	0	32	12
OMIM:263750	0	0	0	30	8
OMIM:263800	0	0	0	39	11
OMIM:264070	0	0	0	8	4
OMIM:264080	0	0	0	3	2
OMIM:264090	1	0	0	108	16
OMIM:264300	0	0	0	7	4
OMIM:264350	0	0	0	16	8
OMIM:264470	0	0	0	38	8
OMIM:264600	0	0	0	11	5
OMIM:264700	0	0	0	55	11
OMIM:264800	1	0	0	27	9
OMIM:265000	0	0	0	67	15
OMIM:265050	0	1	0	39	10
OMIM:265100	0	0	0	8	2
OMIM:265120	0	0	0	19	6
OMIM:265380	1	1	0	68	12
OMIM:265450	0	0	0	7	2
OMIM:265800	0	0	0	24	6
OMIM:265900	0	0	0	23	5
OMIM:266100	0	0	0	18	6
OMIM:266120	0	0	0	10	3
OMIM:266130	0	0	0	14	7
OMIM:266140	0	0	0	5	1
OMIM:266150	0	0	0	19	5
OMIM:266200	0	0	0	19	8
OMIM:266265	0	0	0	37	13
OMIM:266280	0	0	0	24	8
OMIM:266300	0	0	0	2	1
OMIM:266500	1	0	0	27	10
OMIM:266510	0	0	0	33	12
OMIM:266600	0	0	0	12	5
OMIM:266900	0	1	1	15	5
OMIM:266920	0	1	1	97	15
OMIM:267000	0	1	0	31	12
OMIM:267010	1	1	1	23	9
OMIM:267300	0	1	0	33	8
OMIM:267430	0	1	0	11	7
OMIM:267500	0	0	0	70	16
OMIM:267750	0	1	0	55	8
OMIM:268000	0	0	0	7	1
OMIM:268100	0	0	0	10	2
OMIM:268130	0	0	0	31	9
OMIM:268150	0	0	0	6	4
OMIM:268200	0	0	1	14	5
OMIM:268210	0	0	0	2	2
OMIM:268220	0	0	0	2	2
OMIM:268300	1	1	0	75	16
OMIM:268305	0	0	0	43	9
OMIM:268310	1	1	0	107	11
OMIM:268315	0	0	1	19	7
OMIM:268400	0	0	0	56	13
OMIM:268800	1	0	0	37	11
OMIM:268900	0	0	0	2	1
OMIM:269150	1	1	0	62	15
OMIM:269160	0	0	0	3	1
OMIM:269250	0	0	0	33	7
OMIM:269400	0	0	0	14	1
OMIM:269500	0	0	0	42	10
OMIM:269600	0	0	0	10	6
OMIM:269700	1	1	0	42	14
OMIM:269840	0	0	0	27	10
OMIM:269880	0	0	0	53	14
OMIM:269920	1	0	0	33	14
OMIM:269921	0	0	0	37	14
OMIM:270100	1	1	0	32	8
OMIM:270200	0	0	0	26	7
OMIM:270300	0	0	0	14	8
OMIM:270400	1	1	0	120	17
OMIM:270420	0	1	0	17	8
OMIM:270450	1	0	0	55	12
OMIM:270550	0	0	0	38	5
OMIM:270685	0	0	0	22	3
OMIM:270700	0	0	0	29	7
OMIM:270750	0	0	0	19	5
OMIM:270800	0	0	0	32	8
OMIM:270960	0	0	0	5	1
OMIM:270970	0	0	0	3	1
OMIM:271150	0	0	0	20	4
OMIM:271245	0	0	0	39	8
OMIM:271400	0	0	0	5	4
OMIM:271510	0	0	0	45	12
OMIM:271640	1	0	0	77	8
OMIM:271665	0	0	0	65	8
OMIM:271700	0	0	0	41	6
OMIM:271900	0	0	0	26	7
OMIM:271930	0	0	0	13	5
OMIM:271980	0	0	0	39	5
OMIM:272120	0	0	0	5	3
OMIM:272200	0	0	0	34	13
OMIM:272300	0	0	0	37	10
OMIM:272430	0	0	0	35	12
OMIM:272440	1	0	0	32	9
OMIM:272460	0	1	0	45	10
OMIM:272750	0	0	0	27	5
OMIM:272800	0	0	0	16	8
OMIM:273250	0	0	0	12	3
OMIM:273300	0	0	0	7	4
OMIM:273395	0	1	0	28	13
OMIM:273750	0	0	0	51	9
OMIM:273800	0	0	0	21	7
OMIM:273900	0	0	0	17	7
OMIM:274000	1	1	0	84	15
OMIM:274150	0	0	0	21	8
OMIM:274270	0	0	0	27	7
OMIM:274300	0	0	0	20	9
OMIM:274400	0	0	0	10	7
OMIM:274500	0	0	0	6	1
OMIM:274600	0	0	0	9	5
OMIM:274700	0	0	0	30	11
OMIM:274800	0	0	0	5	3
OMIM:274900	0	0	0	6	4
OMIM:275100	0	0	0	18	8
OMIM:275200	0	0	0	6	1
OMIM:275210	1	0	0	59	12
OMIM:275350	0	0	0	27	9
OMIM:275355	0	0	0	2	2
OMIM:275400	0	0	0	41	9
OMIM:275630	0	0	0	17	9
OMIM:275900	0	0	0	41	8
OMIM:276300	0	0	0	23	7
OMIM:276600	0	0	0	8	6
OMIM:276700	1	1	1	39	11
OMIM:276710	0	0	0	11	3
OMIM:276820	0	0	0	54	9
OMIM:276880	0	0	0	13	5
OMIM:276900	0	0	0	10	3
OMIM:276901	0	0	0	3	2
OMIM:276902	0	0	0	9	2
OMIM:276904	0	0	0	4	2
OMIM:277170	1	1	0	54	11
OMIM:277180	0	0	0	4	1
OMIM:277300	0	0	0	20	7
OMIM:277380	1	0	0	44	14
OMIM:277400	0	0	1	65	14
OMIM:277410	0	0	0	32	7
OMIM:277440	0	0	0	47	11
OMIM:277450	0	0	0	20	8
OMIM:277460	0	0	0	23	5
OMIM:277470	0	0	0	26	6
OMIM:277480	0	0	0	13	6
OMIM:277580	0	0	0	18	7
OMIM:277590	0	0	0	80	13
OMIM:277600	1	0	0	36	8
OMIM:277700	0	0	0	34	14
OMIM:277900	0	1	0	74	15
OMIM:277950	0	0	0	14	5
OMIM:278000	0	0	0	41	8
OMIM:278150	0	0	0	15	2
OMIM:278250	1	0	0	57	14
OMIM:278300	0	1	0	11	4
OMIM:278700	0	0	0	27	12
OMIM:278720	0	0	0	18	9
OMIM:278730	0	0	0	24	11
OMIM:278740	0	0	0	14	9
OMIM:278750	0	0	0	17	9
OMIM:278760	0	0	0	31	11
OMIM:278780	0	0	0	16	9
OMIM:278800	0	0	0	44	14
OMIM:278850	0	0	0	18	4
OMIM:279000	0	0	0	6	4
OMIM:280000	1	1	0	86	17
OMIM:300000	1	0	0	42	12
OMIM:300004	0	1	0	32	9
OMIM:300009	0	1	1	32	6
OMIM:300018	0	0	0	2	1
OMIM:300029	0	0	0	13	2
OMIM:300048	0	1	0	21	9
OMIM:300049	1	0	0	19	7
OMIM:300055	0	0	0	54	11
OMIM:300066	0	0	0	4	1
OMIM:300067	0	0	0	19	5
OMIM:300068	0	0	0	14	9
OMIM:300071	0	0	0	8	1
OMIM:300087	0	0	0	1	0
OMIM:300088	0	0	0	22	1
OMIM:300100	0	0	0	33	11
OMIM:300106	0	0	0	45	6
OMIM:300114	0	0	0	32	4
OMIM:300115	0	0	0	2	1
OMIM:300123	0	0	0	7	3
OMIM:300143	0	0	0	19	8
OMIM:300148	0	0	0	41	9
OMIM:300166	1	0	0	72	12
OMIM:300200	0	0	0	24	6
OMIM:300209	0	0	0	19	9
OMIM:300210	0	0	0	10	4
OMIM:300215	0	0	0	30	7
OMIM:300232	0	0	0	51	8
OMIM:300238	0	0	0	13	5
OMIM:300243	0	0	0	40	11
OMIM:300244	0	0	0	30	7
OMIM:300257	1	0	0	34	7
OMIM:300260	0	0	0	67	11
OMIM:300261	0	0	0	15	6
OMIM:300263	0	0	0	20	6
OMIM:300271	0	0	0	11	4
OMIM:300280	1	0	0	49	10
OMIM:300291	0	0	0	60	9
OMIM:300299	0	0	0	8	3
OMIM:300310	0	0	0	11	10
OMIM:300321	0	0	0	11	8
OMIM:300322	0	1	0	30	8
OMIM:300323	0	1	1	6	4
OMIM:300352	0	0	0	49	11
OMIM:300354	0	0	0	49	10
OMIM:300367	0	0	0	11	4
OMIM:300373	1	1	0	71	14
OMIM:300376	1	0	0	11	6
OMIM:300387	0	0	0	9	3
OMIM:300400	0	0	0	22	12
OMIM:300419	0	0	0	13	7
OMIM:300422	0	0	0	11	6
OMIM:300423	0	0	0	31	3
OMIM:300424	0	0	0	14	3
OMIM:300425	0	0	0	14	2
OMIM:300438	1	0	0	29	7
OMIM:300448	0	0	0	4	2
OMIM:300455	0	0	0	8	6
OMIM:300472	1	0	0	33	11
OMIM:300475	0	0	0	19	6
OMIM:300476	0	0	0	15	2
OMIM:300486	0	0	0	40	6
OMIM:300489	0	0	0	12	3
OMIM:300491	0	0	0	8	3
OMIM:300495	0	0	0	17	4
OMIM:300496	0	0	0	15	3
OMIM:300500	0	0	0	9	3
OMIM:300510	0	0	0	10	4
OMIM:300511	0	0	0	6	3
OMIM:300514	1	1	0	34	16
OMIM:300523	0	0	0	36	8
OMIM:300534	0	0	0	62	12
OMIM:300539	0	0	0	12	5
OMIM:300554	0	1	1	28	6
OMIM:300555	0	1	1	17	6
OMIM:300558	0	0	0	39	8
OMIM:300559	0	0	0	20	5
OMIM:300582	0	0	0	2	1
OMIM:300590	1	0	0	39	9
OMIM:300600	0	0	0	9	2
OMIM:300604	0	0	0	9	5
OMIM:300607	0	0	0	18	4
OMIM:300614	0	0	0	16	4
OMIM:300615	0	0	0	12	3
OMIM:300622	0	0	0	3	2
OMIM:300623	0	0	0	36	8
OMIM:300624	1	0	0	27	9
OMIM:300633	0	0	0	3	1
OMIM:300635	0	0	0	23	8
OMIM:300636	0	0	0	11	5
OMIM:300643	0	0	0	6	1
OMIM:300645	0	0	0	5	1
OMIM:300653	0	0	1	21	7
OMIM:300659	0	0	0	15	6
OMIM:300661	0	1	1	41	10
OMIM:300672	0	0	0	33	7
OMIM:300673	0	0	0	20	6
OMIM:300676	0	0	0	26	7
OMIM:300695	0	0	0	18	5
OMIM:300696	1	0	0	22	7
OMIM:300699	0	0	0	25	5
OMIM:300707	1	1	0	43	12
OMIM:300717	0	0	0	17	5
OMIM:300718	1	0	0	19	7
OMIM:300749	0	0	0	50	9
OMIM:300751	0	0	0	8	3
OMIM:300752	0	0	0	7	4
OMIM:300755	1	0	0	40	15
OMIM:300758	0	0	0	3	1
OMIM:300770	0	0	0	9	2
OMIM:300799	0	0	0	10	6
OMIM:300802	0	0	0	3	1
OMIM:300803	0	0	0	13	5
OMIM:300804	0	0	0	38	12
OMIM:300807	0	0	0	4	1
OMIM:300813	0	0	0	2	1
OMIM:300814	0	0	0	8	1
OMIM:300816	0	0	0	26	6
OMIM:300818	0	0	0	3	2
OMIM:300830	0	0	0	10	2
OMIM:300831	0	0	0	33	7
OMIM:300834	0	0	0	3	1
OMIM:300835	0	0	0	12	2
OMIM:300842	1	0	0	31	8
OMIM:300844	0	0	0	16	5
OMIM:300849	0	0	0	9	2
OMIM:300850	0	0	0	16	5
OMIM:300853	0	0	0	27	12
OMIM:300854	0	0	0	2	2
OMIM:300855	1	1	0	134	16
OMIM:300857	0	0	0	16	2
OMIM:300860	0	1	0	41	9
OMIM:300863	0	0	0	23	7
OMIM:300867	1	1	0	51	14
OMIM:300868	1	1	0	202	17
OMIM:300872	0	0	0	12	4
OMIM:300882	0	0	0	53	12
OMIM:300884	0	0	0	37	10
OMIM:300887	1	0	0	29	11
OMIM:300888	0	0	0	6	3
OMIM:300894	0	0	0	29	3
OMIM:300895	0	0	0	59	10
OMIM:300896	1	0	0	45	12
OMIM:300905	0	0	0	17	4
OMIM:300908	0	0	0	22	8
OMIM:300909	0	0	0	1	3
OMIM:300911	0	0	0	13	3
OMIM:300912	0	0	0	67	13
OMIM:300914	0	0	0	4	1
OMIM:300915	0	0	0	16	6
OMIM:300918	0	0	0	10	5
OMIM:300919	0	1	0	18	8
OMIM:300923	0	0	0	6	2
OMIM:300928	0	0	0	14	6
OMIM:300934	0	0	0	24	12
OMIM:300942	1	0	0	26	10
OMIM:300943	0	0	0	3	3
OMIM:300946	0	0	0	15	7
OMIM:300952	1	0	0	25	8
OMIM:300953	0	0	0	34	14
OMIM:300957	0	0	0	34	10
OMIM:300958	1	0	0	30	8
OMIM:300960	0	1	0	46	10
OMIM:300963	1	0	0	37	11
OMIM:300966	0	0	0	81	11
OMIM:300967	1	0	0	66	11
OMIM:300968	1	1	0	58	15
OMIM:300971	0	1	0	11	4
OMIM:300972	0	0	0	47	13
OMIM:300978	1	0	0	51	11
OMIM:300982	0	0	0	15	5
OMIM:300983	0	0	0	31	6
OMIM:300984	0	0	0	4	1
OMIM:300985	0	0	0	5	1
OMIM:300986	1	0	0	52	9
OMIM:300988	0	0	0	7	7
OMIM:300989	1	0	0	34	11
OMIM:300990	1	1	0	45	14
OMIM:300991	1	0	0	12	7
OMIM:300997	1	0	0	20	9
OMIM:300998	1	0	0	67	15
OMIM:301000	0	0	0	82	16
OMIM:301006	0	1	1	29	10
OMIM:301008	0	0	0	14	1
OMIM:301010	0	0	0	2	1
OMIM:301013	0	0	0	21	5
OMIM:301014	0	0	0	18	6
OMIM:301015	0	0	0	5	5
OMIM:301018	0	0	0	13	5
OMIM:301020	0	0	0	29	6
OMIM:301021	0	0	0	9	6
OMIM:301022	1	0	0	50	10
OMIM:301024	0	0	0	29	7
OMIM:301025	0	0	0	26	9
OMIM:301026	0	0	0	23	7
OMIM:301028	0	1	1	10	2
OMIM:301029	0	0	0	28	6
OMIM:301030	1	0	0	47	15
OMIM:301031	0	0	0	5	3
OMIM:301032	0	0	0	43	12
OMIM:301033	0	0	0	11	7
OMIM:301035	0	0	0	7	2
OMIM:301039	1	0	0	24	8
OMIM:301040	1	1	0	59	13
OMIM:301041	0	0	0	50	12
OMIM:301043	1	0	0	32	7
OMIM:301044	1	0	0	72	11
OMIM:301045	0	0	0	17	10
OMIM:301050	0	1	1	23	10
OMIM:301051	0	0	0	3	1
OMIM:301054	0	0	0	25	11
OMIM:301056	1	1	0	71	16
OMIM:301058	1	1	0	23	10
OMIM:301059	0	0	0	8	1
OMIM:301060	0	1	0	5	1
OMIM:301066	0	0	0	62	13
OMIM:301068	1	1	1	67	17
OMIM:301071	1	0	0	19	6
OMIM:301072	0	0	0	47	14
OMIM:301074	0	0	0	28	11
OMIM:301075	1	0	0	18	7
OMIM:301076	0	0	0	11	5
OMIM:301077	0	0	0	8	3
OMIM:301078	0	0	0	24	11
OMIM:301080	0	0	0	26	9
OMIM:301081	0	0	0	17	10
OMIM:301082	0	0	0	34	11
OMIM:301083	0	0	0	7	2
OMIM:301091	0	0	0	28	7
OMIM:301094	0	0	0	26	10
OMIM:301095	0	0	0	6	2
OMIM:301099	0	0	0	9	1
OMIM:301101	0	0	0	13	4
OMIM:301106	0	0	0	7	1
OMIM:301107	0	0	0	24	3
OMIM:301108	0	1	0	20	13
OMIM:301109	1	0	0	50	14
OMIM:301110	0	1	0	29	11
OMIM:301111	1	1	0	43	13
OMIM:301114	0	0	0	15	11
OMIM:301115	0	0	0	12	8
OMIM:301116	0	0	0	5	1
OMIM:301118	1	1	0	201	18
OMIM:301119	0	0	0	7	1
OMIM:301120	0	0	0	2	2
OMIM:301127	0	0	0	26	10
OMIM:301132	1	1	0	91	15
OMIM:301133	0	0	0	31	13
OMIM:301134	0	0	0	29	5
OMIM:301137	0	0	0	12	6
OMIM:301142	0	0	0	24	6
OMIM:301148	0	0	0	14	3
OMIM:301163	1	0	0	51	10
OMIM:301200	0	0	0	5	2
OMIM:301220	0	0	0	25	13
OMIM:301310	0	0	0	56	9
OMIM:301500	1	0	1	35	14
OMIM:301830	0	0	0	29	10
OMIM:301835	0	0	0	24	9
OMIM:301900	0	0	0	33	10
OMIM:302045	1	0	0	6	3
OMIM:302060	1	0	0	39	16
OMIM:302200	0	0	0	4	1
OMIM:302350	0	0	0	25	6
OMIM:302500	0	0	0	20	4
OMIM:302800	0	0	0	38	6
OMIM:302905	0	0	0	9	7
OMIM:302950	0	0	0	15	10
OMIM:302960	0	1	0	48	13
OMIM:303100	0	0	0	16	2
OMIM:303350	0	0	0	19	6
OMIM:303400	0	0	0	4	1
OMIM:303600	0	0	0	69	11
OMIM:303700	0	0	0	9	2
OMIM:303800	0	0	0	3	1
OMIM:303900	0	0	0	2	1
OMIM:304020	0	0	0	12	2
OMIM:304100	0	0	0	19	6
OMIM:304110	0	0	0	52	10
OMIM:304120	1	1	0	71	12
OMIM:304150	0	1	0	47	12
OMIM:304340	0	0	0	46	6
OMIM:304400	0	0	0	7	1
OMIM:304500	0	0	0	2	1
OMIM:304700	0	0	0	23	6
OMIM:304790	0	1	0	30	12
OMIM:304800	0	0	0	18	6
OMIM:305000	0	1	0	54	13
OMIM:305100	0	0	0	47	9
OMIM:305390	0	0	0	20	2
OMIM:305400	0	0	0	72	11
OMIM:305450	1	0	0	68	11
OMIM:305600	0	1	0	89	14
OMIM:305620	1	1	0	54	10
OMIM:306000	0	0	0	19	8
OMIM:306400	0	0	0	34	9
OMIM:306700	0	0	0	14	6
OMIM:306900	0	0	0	15	8
OMIM:306950	0	0	0	2	1
OMIM:306955	1	1	0	55	13
OMIM:307000	0	0	0	12	4
OMIM:307030	0	0	0	38	12
OMIM:307200	0	0	0	25	16
OMIM:307800	0	0	0	35	12
OMIM:308050	1	1	0	50	13
OMIM:308100	0	0	0	14	6
OMIM:308205	1	1	0	68	14
OMIM:308230	0	0	0	56	16
OMIM:308240	0	0	0	32	10
OMIM:308300	0	0	0	47	10
OMIM:308350	0	0	0	35	8
OMIM:308700	0	1	0	27	8
OMIM:308800	0	0	0	19	8
OMIM:308905	0	0	0	3	1
OMIM:308990	0	1	1	16	3
OMIM:309000	0	0	1	55	12
OMIM:309120	0	0	0	6	1
OMIM:309300	0	0	0	16	1
OMIM:309350	1	1	0	116	17
OMIM:309400	0	0	0	29	9
OMIM:309500	1	1	0	62	12
OMIM:309510	0	0	0	14	3
OMIM:309520	1	0	0	47	10
OMIM:309530	0	0	0	18	4
OMIM:309541	0	0	0	22	6
OMIM:309548	0	0	0	20	6
OMIM:309549	0	0	0	19	5
OMIM:309555	0	0	0	11	5
OMIM:309580	0	1	0	69	11
OMIM:309583	0	0	0	52	11
OMIM:309585	0	0	0	16	8
OMIM:309590	0	0	0	79	9
OMIM:309610	0	0	0	26	9
OMIM:309630	0	0	0	6	2
OMIM:309800	1	1	0	59	13
OMIM:309801	1	0	0	38	11
OMIM:309900	1	0	0	53	15
OMIM:310200	1	0	0	32	6
OMIM:310300	0	0	0	22	7
OMIM:310400	0	0	0	36	11
OMIM:310440	0	0	0	23	7
OMIM:310468	0	1	1	12	2
OMIM:310490	0	0	0	15	5
OMIM:310500	0	0	0	5	1
OMIM:310600	0	0	0	22	3
OMIM:310700	0	0	0	7	1
OMIM:311070	0	0	0	19	6
OMIM:311200	1	1	0	61	13
OMIM:311250	0	0	0	31	8
OMIM:311300	0	0	0	48	10
OMIM:311360	0	0	0	5	3
OMIM:311510	0	0	0	22	3
OMIM:311900	1	1	0	48	13
OMIM:312000	0	0	0	3	3
OMIM:312060	0	0	0	3	2
OMIM:312080	0	0	0	49	9
OMIM:312170	0	0	0	48	9
OMIM:312300	0	0	0	12	4
OMIM:312600	0	0	0	17	1
OMIM:312700	0	0	0	13	3
OMIM:312750	0	0	0	30	8
OMIM:312863	0	0	0	14	8
OMIM:312870	1	1	0	100	17
OMIM:312920	0	0	0	23	4
OMIM:313200	0	0	0	19	8
OMIM:313400	0	0	0	23	6
OMIM:313500	0	0	0	12	4
OMIM:313900	0	0	0	12	8
OMIM:314050	0	0	0	12	6
OMIM:314250	0	0	0	7	1
OMIM:314390	1	1	0	27	10
OMIM:314400	1	0	0	17	6
OMIM:314580	0	0	0	50	11
OMIM:400044	0	0	0	16	5
OMIM:400045	0	0	0	12	5
OMIM:400047	0	0	0	2	1
OMIM:415000	0	0	0	4	1
OMIM:535000	0	0	0	14	5
OMIM:540000	1	0	0	27	9
OMIM:545000	0	0	0	12	4
OMIM:551000	0	0	0	4	2
OMIM:551500	0	0	0	15	3
OMIM:580000	0	0	0	2	1
OMIM:600001	1	0	0	36	11
OMIM:600002	0	0	0	38	7
OMIM:600059	0	0	0	16	2
OMIM:600060	0	0	0	5	1
OMIM:600072	0	0	0	18	8
OMIM:600081	0	0	0	34	7
OMIM:600092	0	0	0	24	9
OMIM:600101	0	0	0	4	1
OMIM:600105	0	0	0	12	2
OMIM:600110	0	0	0	6	1
OMIM:600116	0	0	0	28	2
OMIM:600118	0	0	0	38	9
OMIM:600121	0	0	0	8	4
OMIM:600132	0	0	0	11	3
OMIM:600138	0	0	0	13	1
OMIM:600142	0	0	0	36	8
OMIM:600143	0	0	0	16	4
OMIM:600145	0	0	0	22	9
OMIM:600151	0	1	0	14	7
OMIM:600155	0	0	0	3	2
OMIM:600165	0	0	0	2	1
OMIM:600175	0	0	0	24	5
OMIM:600195	0	0	0	3	3
OMIM:600204	0	0	0	22	6
OMIM:600223	0	0	0	11	2
OMIM:600224	0	0	0	28	5
OMIM:600231	0	0	0	3	2
OMIM:600251	0	0	0	10	4
OMIM:600263	0	0	0	1	2
OMIM:600268	1	0	0	41	13
OMIM:600274	0	0	0	20	1
OMIM:600316	0	0	0	3	1
OMIM:600334	1	0	0	11	4
OMIM:600348	0	0	0	19	3
OMIM:600363	0	0	0	19	5
OMIM:600373	1	0	0	67	14
OMIM:600376	0	0	0	39	11
OMIM:600430	1	0	0	46	12
OMIM:600462	0	0	0	39	13
OMIM:600496	0	0	0	5	2
OMIM:600501	0	0	0	13	8
OMIM:600512	0	0	0	19	2
OMIM:600513	0	0	0	6	1
OMIM:600625	0	0	0	3	1
OMIM:600627	0	0	0	23	8
OMIM:600630	0	0	0	10	6
OMIM:600638	0	0	0	20	5
OMIM:600649	1	0	0	16	5
OMIM:600652	0	0	0	2	1
OMIM:600666	0	1	0	10	4
OMIM:600721	1	0	0	30	9
OMIM:600740	0	1	1	20	9
OMIM:600775	0	0	0	23	5
OMIM:600791	0	0	0	6	2
OMIM:600794	0	0	0	17	3
OMIM:600795	0	0	0	28	4
OMIM:600802	0	0	0	20	11
OMIM:600803	0	0	0	15	4
OMIM:600807	0	0	0	5	2
OMIM:600850	0	0	0	3	2
OMIM:600858	1	0	0	17	3
OMIM:600880	0	0	0	5	3
OMIM:600881	0	0	0	6	1
OMIM:600882	0	0	0	29	5
OMIM:600886	0	0	0	10	2
OMIM:600901	1	1	0	33	16
OMIM:600919	0	0	0	6	3
OMIM:600920	0	1	0	65	11
OMIM:600955	0	0	0	12	5
OMIM:600962	0	0	0	3	2
OMIM:600965	0	0	0	4	1
OMIM:600969	0	0	0	15	5
OMIM:600971	0	0	0	3	1
OMIM:600972	0	0	0	19	8
OMIM:600974	0	0	0	5	1
OMIM:600975	0	0	0	2	1
OMIM:600977	0	0	0	9	2
OMIM:600987	1	0	0	38	11
OMIM:600994	0	0	0	2	1
OMIM:600995	0	1	1	11	2
OMIM:601001	0	0	0	9	2
OMIM:601003	0	0	0	19	4
OMIM:601005	1	0	0	30	11
OMIM:601042	0	0	0	15	3
OMIM:601067	0	0	0	4	2
OMIM:601068	0	0	0	12	1
OMIM:601071	0	0	0	5	2
OMIM:601072	0	0	0	4	1
OMIM:601088	1	0	0	42	10
OMIM:601098	0	0	0	21	3
OMIM:601104	0	0	0	36	5
OMIM:601110	0	0	0	40	10
OMIM:601144	0	0	0	9	3
OMIM:601152	0	0	0	30	7
OMIM:601154	1	0	0	18	2
OMIM:601162	0	0	0	35	8
OMIM:601186	1	1	0	46	11
OMIM:601198	0	1	0	21	7
OMIM:601200	0	0	0	4	4
OMIM:601214	1	0	0	33	6
OMIM:601216	1	0	0	16	5
OMIM:601238	0	0	0	21	5
OMIM:601277	0	0	0	9	8
OMIM:601287	1	0	0	12	5
OMIM:601316	0	0	0	2	1
OMIM:601317	0	0	0	4	1
OMIM:601321	1	0	0	38	11
OMIM:601331	0	1	1	7	1
OMIM:601338	0	0	0	38	8
OMIM:601358	0	0	0	80	12
OMIM:601360	0	0	0	2	2
OMIM:601367	0	0	0	3	2
OMIM:601369	0	0	0	8	2
OMIM:601382	0	0	0	13	4
OMIM:601386	0	0	0	4	2
OMIM:601390	0	1	0	56	11
OMIM:601399	0	0	0	21	7
OMIM:601410	0	0	0	6	3
OMIM:601412	0	0	0	2	1
OMIM:601414	0	0	0	6	3
OMIM:601419	1	0	0	18	7
OMIM:601455	0	0	0	31	7
OMIM:601457	0	0	0	16	13
OMIM:601462	0	0	0	25	8
OMIM:601472	0	0	0	18	3
OMIM:601492	0	0	0	21	8
OMIM:601493	1	0	0	11	2
OMIM:601494	1	0	0	18	3
OMIM:601495	0	0	0	19	12
OMIM:601518	0	0	0	3	2
OMIM:601536	0	0	0	8	6
OMIM:601539	0	1	0	20	8
OMIM:601543	0	0	0	2	1
OMIM:601544	0	0	0	2	1
OMIM:601547	0	0	0	5	1
OMIM:601552	0	0	0	37	6
OMIM:601553	0	0	0	25	4
OMIM:601559	0	0	0	85	15
OMIM:601583	0	0	0	3	2
OMIM:601596	0	0	0	30	6
OMIM:601606	0	0	0	6	2
OMIM:601626	0	0	0	3	3
OMIM:601631	0	0	0	15	5
OMIM:601634	0	0	0	3	2
OMIM:601650	0	0	0	12	5
OMIM:601665	0	0	0	6	2
OMIM:601675	0	0	0	48	17
OMIM:601678	0	1	0	43	9
OMIM:601680	0	0	0	24	5
OMIM:601705	0	0	0	8	3
OMIM:601707	0	0	0	34	7
OMIM:601709	0	0	0	7	6
OMIM:601718	0	0	0	11	2
OMIM:601775	0	0	0	12	3
OMIM:601776	1	1	0	76	13
OMIM:601777	0	0	0	17	3
OMIM:601780	0	0	0	9	4
OMIM:601800	0	0	0	2	1
OMIM:601812	0	0	0	63	11
OMIM:601813	0	0	0	15	4
OMIM:601815	0	0	0	16	9
OMIM:601820	0	0	0	7	4
OMIM:601846	0	0	0	16	6
OMIM:601847	0	0	0	16	7
OMIM:601859	0	0	0	26	7
OMIM:601868	0	0	0	2	1
OMIM:601869	0	0	0	5	2
OMIM:601884	0	0	0	3	2
OMIM:601885	0	0	0	2	1
OMIM:601887	0	0	0	5	3
OMIM:601894	0	1	1	13	3
OMIM:601942	0	0	0	1	2
OMIM:601952	0	0	0	9	3
OMIM:601954	0	0	0	17	4
OMIM:601977	0	0	0	4	1
OMIM:601979	0	0	0	8	6
OMIM:601992	1	0	0	25	8
OMIM:602014	0	0	0	7	3
OMIM:602025	0	0	0	1	1
OMIM:602032	0	0	0	16	4
OMIM:602066	0	0	0	11	1
OMIM:602078	0	0	0	10	3
OMIM:602079	0	0	0	9	8
OMIM:602080	0	0	0	25	8
OMIM:602081	0	0	0	7	1
OMIM:602082	0	0	0	5	3
OMIM:602083	0	0	0	7	3
OMIM:602088	1	1	1	18	5
OMIM:602089	0	0	0	3	2
OMIM:602092	0	0	0	2	1
OMIM:602093	0	0	0	6	2
OMIM:602099	0	0	0	20	5
OMIM:602111	0	0	0	22	4
OMIM:602152	0	1	1	26	9
OMIM:602271	0	0	0	28	9
OMIM:602342	0	0	0	60	11
OMIM:602347	0	0	0	17	5
OMIM:602361	0	0	0	22	11
OMIM:602390	1	0	0	18	9
OMIM:602398	0	0	0	49	12
OMIM:602400	0	0	0	19	5
OMIM:602433	0	0	0	21	2
OMIM:602450	0	0	0	26	13
OMIM:602459	0	0	0	2	1
OMIM:602471	0	0	0	32	11
OMIM:602473	0	0	0	24	10
OMIM:602477	0	0	0	6	1
OMIM:602481	0	0	0	30	5
OMIM:602482	1	0	0	17	6
OMIM:602483	0	0	0	26	7
OMIM:602485	0	0	0	8	3
OMIM:602501	1	0	0	31	13
OMIM:602522	0	1	1	31	8
OMIM:602531	1	1	0	13	6
OMIM:602535	1	0	0	118	14
OMIM:602540	0	0	0	18	8
OMIM:602541	1	0	0	21	7
OMIM:602557	0	0	0	30	8
OMIM:602579	0	1	0	27	9
OMIM:602588	0	0	0	14	4
OMIM:602629	0	0	0	14	4
OMIM:602668	0	0	0	29	13
OMIM:602722	0	1	0	15	6
OMIM:602723	0	0	0	6	2
OMIM:602771	0	0	0	37	6
OMIM:602772	0	0	0	11	3
OMIM:602782	1	0	0	50	17
OMIM:602849	0	0	0	36	9
OMIM:602875	0	0	0	30	6
OMIM:603034	0	0	0	29	8
OMIM:603041	0	0	0	50	10
OMIM:603075	0	0	0	9	3
OMIM:603116	0	0	0	28	8
OMIM:603147	0	0	0	13	5
OMIM:603194	0	1	0	18	8
OMIM:603218	0	0	0	18	2
OMIM:603233	0	0	0	10	6
OMIM:603278	0	1	1	15	6
OMIM:603284	0	0	0	7	5
OMIM:603285	0	0	0	7	4
OMIM:603358	0	0	0	9	5
OMIM:603373	0	0	0	6	2
OMIM:603383	0	0	0	5	1
OMIM:603387	1	0	0	29	7
OMIM:603457	0	0	0	29	10
OMIM:603467	1	1	0	36	18
OMIM:603471	0	0	0	19	6
OMIM:603472	0	0	0	26	9
OMIM:603511	0	0	0	21	8
OMIM:603516	0	0	0	32	6
OMIM:603543	0	0	0	14	5
OMIM:603546	0	0	0	41	7
OMIM:603552	0	0	0	22	10
OMIM:603553	0	0	0	44	10
OMIM:603554	0	0	0	82	12
OMIM:603563	0	0	0	23	6
OMIM:603585	0	0	0	30	12
OMIM:603592	0	1	1	12	3
OMIM:603622	0	0	0	3	1
OMIM:603629	0	0	0	2	1
OMIM:603671	0	0	0	58	13
OMIM:603688	0	0	0	2	3
OMIM:603689	0	0	0	23	5
OMIM:603720	0	0	0	2	1
OMIM:603736	1	0	0	26	9
OMIM:603776	0	0	0	6	5
OMIM:603786	0	0	0	4	1
OMIM:603813	0	0	0	6	4
OMIM:603829	0	0	0	3	2
OMIM:603830	0	0	0	14	5
OMIM:603896	0	0	0	29	7
OMIM:603902	0	0	0	8	4
OMIM:603903	1	0	1	20	11
OMIM:603909	0	0	0	36	8
OMIM:603956	0	0	0	3	2
OMIM:603965	0	1	1	8	3
OMIM:604004	0	0	0	11	3
OMIM:604091	0	0	0	5	2
OMIM:604093	0	0	0	12	5
OMIM:604116	0	0	0	14	2
OMIM:604117	0	0	0	8	3
OMIM:604121	0	0	0	23	6
OMIM:604129	0	0	0	6	1
OMIM:604131	0	0	0	2	1
OMIM:604145	1	0	0	9	1
OMIM:604168	0	0	0	34	8
OMIM:604169	1	0	0	19	2
OMIM:604173	0	0	0	41	13
OMIM:604187	0	0	0	21	5
OMIM:604213	0	0	0	16	4
OMIM:604218	0	0	0	14	2
OMIM:604219	0	0	0	13	1
OMIM:604229	0	0	0	15	1
OMIM:604232	0	0	0	7	1
OMIM:604233	0	0	0	6	1
OMIM:604250	1	0	0	17	10
OMIM:604271	0	0	0	3	2
OMIM:604273	0	1	0	25	10
OMIM:604278	0	0	0	19	7
OMIM:604286	1	0	0	12	5
OMIM:604290	0	0	0	17	7
OMIM:604292	0	1	0	61	13
OMIM:604307	0	0	0	10	2
OMIM:604308	1	0	0	11	7
OMIM:604317	0	0	0	44	7
OMIM:604320	0	0	0	32	11
OMIM:604321	0	0	0	18	6
OMIM:604326	0	0	0	19	4
OMIM:604348	0	0	0	4	1
OMIM:604352	0	0	0	7	1
OMIM:604356	0	0	0	4	1
OMIM:604360	0	0	0	44	8
OMIM:604364	0	0	0	11	1
OMIM:604367	0	0	0	26	7
OMIM:604369	0	0	0	18	8
OMIM:604370	0	0	0	5	3
OMIM:604377	1	0	0	130	18
OMIM:604379	0	0	0	15	2
OMIM:604387	0	1	1	17	5
OMIM:604391	0	0	0	29	8
OMIM:604393	0	0	0	12	2
OMIM:604400	1	0	0	12	3
OMIM:604403	0	0	0	11	1
OMIM:604416	0	0	0	17	8
OMIM:604432	0	0	0	14	2
OMIM:604454	0	0	0	9	3
OMIM:604484	0	0	0	21	3
OMIM:604498	0	0	0	6	2
OMIM:604536	0	0	0	15	3
OMIM:604537	0	0	0	8	1
OMIM:604559	0	0	0	9	2
OMIM:604563	0	0	0	23	5
OMIM:604571	0	0	0	10	7
OMIM:604625	0	0	0	10	2
OMIM:604715	0	0	0	4	3
OMIM:604717	0	0	0	4	1
OMIM:604757	0	0	0	22	5
OMIM:604765	1	0	0	8	2
OMIM:604772	1	0	0	17	3
OMIM:604777	0	0	0	11	4
OMIM:604804	0	0	0	17	6
OMIM:604805	0	0	0	42	10
OMIM:604841	0	0	0	37	7
OMIM:604864	0	0	0	13	4
OMIM:604919	0	0	0	6	3
OMIM:604928	0	0	0	16	10
OMIM:604931	0	0	0	12	5
OMIM:605013	0	0	0	31	8
OMIM:605019	0	0	0	3	1
OMIM:605021	0	0	0	15	1
OMIM:605027	0	0	0	1	2
OMIM:605039	1	0	0	74	16
OMIM:605041	0	0	0	4	2
OMIM:605074	0	0	0	4	2
OMIM:605115	0	0	0	5	2
OMIM:605130	1	0	0	76	12
OMIM:605192	0	0	0	5	4
OMIM:605231	0	1	0	13	8
OMIM:605253	0	0	0	15	4
OMIM:605258	0	0	0	13	8
OMIM:605259	0	0	0	24	4
OMIM:605275	1	0	0	85	17
OMIM:605280	0	0	0	12	5
OMIM:605282	0	0	0	23	7
OMIM:605285	0	0	0	22	5
OMIM:605289	0	0	0	10	2
OMIM:605309	0	0	0	35	13
OMIM:605355	0	0	0	16	5
OMIM:605361	0	0	0	18	5
OMIM:605362	1	0	0	7	3
OMIM:605373	0	0	0	19	7
OMIM:605375	0	0	0	2	1
OMIM:605376	1	0	0	17	7
OMIM:605387	0	0	0	4	1
OMIM:605389	0	0	0	11	2
OMIM:605407	0	0	0	18	5
OMIM:605428	0	0	0	2	1
OMIM:605429	0	0	0	1	0
OMIM:605432	0	0	0	16	6
OMIM:605462	0	0	0	1	2
OMIM:605472	0	0	0	3	2
OMIM:605479	0	0	0	8	3
OMIM:605543	0	0	0	11	3
OMIM:605583	0	0	0	4	1
OMIM:605588	0	0	0	17	3
OMIM:605589	0	0	0	8	2
OMIM:605594	0	0	0	5	3
OMIM:605635	0	0	0	6	3
OMIM:605637	0	0	0	21	7
OMIM:605670	0	0	0	10	1
OMIM:605676	1	0	0	25	8
OMIM:605711	0	0	0	37	10
OMIM:605714	0	0	0	12	4
OMIM:605724	0	0	0	12	12
OMIM:605726	0	0	0	15	3
OMIM:605751	0	0	0	8	1
OMIM:605803	0	0	0	3	2
OMIM:605809	0	0	0	25	7
OMIM:605814	0	0	0	25	3
OMIM:605820	0	0	0	10	4
OMIM:605822	1	0	0	37	12
OMIM:605850	0	0	0	6	4
OMIM:605899	0	0	0	20	5
OMIM:605909	0	0	0	14	3
OMIM:605911	0	0	0	24	4
OMIM:606002	0	0	0	38	12
OMIM:606003	1	0	0	34	12
OMIM:606053	0	0	0	13	2
OMIM:606054	1	0	0	37	12
OMIM:606056	0	0	0	32	14
OMIM:606068	0	0	0	6	1
OMIM:606069	1	0	0	18	10
OMIM:606070	0	0	0	27	7
OMIM:606071	0	0	0	35	10
OMIM:606072	0	0	0	14	4
OMIM:606159	0	0	0	32	6
OMIM:606164	0	0	0	23	10
OMIM:606170	1	1	0	53	12
OMIM:606176	0	0	0	8	4
OMIM:606217	1	0	0	7	2
OMIM:606220	0	0	0	23	6
OMIM:606232	1	1	0	76	13
OMIM:606243	0	0	0	2	1
OMIM:606324	0	0	0	14	3
OMIM:606346	0	0	0	3	1
OMIM:606353	0	0	0	22	7
OMIM:606367	0	0	0	38	12
OMIM:606392	0	0	0	3	2
OMIM:606394	0	0	0	2	2
OMIM:606408	1	1	0	21	7
OMIM:606438	0	0	0	21	3
OMIM:606482	0	0	0	14	3
OMIM:606483	0	0	0	23	3
OMIM:606545	0	0	0	13	5
OMIM:606574	0	0	0	8	2
OMIM:606579	0	0	0	2	1
OMIM:606593	0	0	0	32	15
OMIM:606595	0	0	0	19	3
OMIM:606612	0	0	0	45	8
OMIM:606631	1	0	0	17	9
OMIM:606658	0	0	0	39	4
OMIM:606660	0	0	0	3	2
OMIM:606661	0	0	0	3	2
OMIM:606664	0	0	0	4	2
OMIM:606685	1	0	0	11	3
OMIM:606688	0	0	0	13	1
OMIM:606690	0	0	0	2	4
OMIM:606693	0	0	0	42	7
OMIM:606703	1	0	0	26	5
OMIM:606705	0	0	0	4	1
OMIM:606713	0	0	0	8	2
OMIM:606719	0	0	0	7	3
OMIM:606721	0	0	0	58	15
OMIM:606744	0	1	0	23	9
OMIM:606762	0	0	0	10	5
OMIM:606763	1	0	0	15	7
OMIM:606764	0	0	0	10	6
OMIM:606766	0	0	0	4	1
OMIM:606768	0	0	0	8	3
OMIM:606773	0	0	0	7	2
OMIM:606777	0	0	0	37	6
OMIM:606785	0	0	0	5	3
OMIM:606798	0	0	0	4	2
OMIM:606812	1	1	0	46	15
OMIM:606824	0	0	0	11	4
OMIM:606835	0	0	0	10	2
OMIM:606843	0	0	0	11	5
OMIM:606854	0	0	0	23	5
OMIM:606856	0	0	0	2	2
OMIM:606864	0	0	0	2	4
OMIM:606889	0	0	0	20	3
OMIM:606893	0	0	0	13	7
OMIM:606943	0	0	0	5	4
OMIM:606952	0	0	0	8	3
OMIM:606963	0	0	0	1	1
OMIM:606966	0	1	1	10	4
OMIM:606996	0	1	1	10	4
OMIM:607014	1	0	0	64	14
OMIM:607015	0	0	0	30	14
OMIM:607016	0	0	0	21	6
OMIM:607017	0	0	0	8	1
OMIM:607039	0	0	0	2	1
OMIM:607060	0	0	0	14	3
OMIM:607078	0	0	0	19	4
OMIM:607080	0	0	0	10	3
OMIM:607084	0	0	0	4	1
OMIM:607091	0	0	0	13	5
OMIM:607095	0	0	0	38	7
OMIM:607101	0	0	0	3	1
OMIM:607107	0	0	0	2	3
OMIM:607115	0	0	0	25	13
OMIM:607131	0	0	0	30	8
OMIM:607136	0	0	0	40	6
OMIM:607143	1	0	0	51	17
OMIM:607151	0	0	0	4	2
OMIM:607155	1	0	0	28	9
OMIM:607174	0	0	0	4	2
OMIM:607196	0	0	0	22	8
OMIM:607200	0	0	0	3	1
OMIM:607208	0	0	0	25	4
OMIM:607225	0	0	0	25	8
OMIM:607250	0	0	0	21	4
OMIM:607259	0	0	0	48	8
OMIM:607271	0	0	0	19	9
OMIM:607278	0	0	0	6	2
OMIM:607313	0	0	0	19	4
OMIM:607317	0	0	0	33	5
OMIM:607323	1	1	0	55	10
OMIM:607326	0	0	0	31	5
OMIM:607330	0	1	0	39	10
OMIM:607341	0	0	0	13	1
OMIM:607346	0	0	0	23	4
OMIM:607361	0	1	0	13	6
OMIM:607364	0	1	0	24	6
OMIM:607371	0	0	0	22	9
OMIM:607398	0	0	0	21	11
OMIM:607417	0	0	0	10	1
OMIM:607426	1	1	0	42	11
OMIM:607432	0	0	0	19	4
OMIM:607450	1	0	0	9	3
OMIM:607453	0	0	0	6	1
OMIM:607454	0	0	0	35	3
OMIM:607459	1	0	0	74	14
OMIM:607473	0	0	0	6	1
OMIM:607475	0	0	0	5	1
OMIM:607476	0	0	0	10	1
OMIM:607482	1	0	0	8	1
OMIM:607483	0	0	0	41	6
OMIM:607485	0	0	0	25	2
OMIM:607487	1	0	0	5	1
OMIM:607523	0	0	0	2	1
OMIM:607539	0	0	0	9	3
OMIM:607541	0	0	0	6	1
OMIM:607554	0	0	0	11	4
OMIM:607594	0	0	0	24	11
OMIM:607596	0	0	0	41	6
OMIM:607598	1	1	0	14	9
OMIM:607602	0	0	0	16	3
OMIM:607616	0	0	0	26	10
OMIM:607624	0	0	0	15	9
OMIM:607625	0	0	0	38	11
OMIM:607626	0	0	0	27	7
OMIM:607628	0	0	0	4	1
OMIM:607631	0	0	0	6	1
OMIM:607634	0	0	0	14	7
OMIM:607641	0	0	0	11	5
OMIM:607654	0	0	0	5	2
OMIM:607676	0	0	0	15	7
OMIM:607677	0	0	0	11	3
OMIM:607678	0	0	0	9	3
OMIM:607681	0	0	0	8	1
OMIM:607682	0	0	0	23	3
OMIM:607684	0	0	0	32	6
OMIM:607685	1	0	0	13	9
OMIM:607688	0	0	0	6	2
OMIM:607694	0	0	0	38	8
OMIM:607706	0	0	0	23	4
OMIM:607721	1	1	0	61	16
OMIM:607734	0	0	0	21	4
OMIM:607736	0	0	0	17	7
OMIM:607745	0	0	0	9	3
OMIM:607748	0	0	0	8	5
OMIM:607765	0	0	0	20	8
OMIM:607778	0	0	0	47	6
OMIM:607785	0	0	0	3	3
OMIM:607791	0	0	0	9	3
OMIM:607812	0	0	0	43	10
OMIM:607821	0	0	0	6	2
OMIM:607822	0	0	0	22	3
OMIM:607823	0	0	0	17	7
OMIM:607829	1	0	0	4	1
OMIM:607831	0	0	0	14	3
OMIM:607832	0	1	1	5	3
OMIM:607836	0	0	0	4	3
OMIM:607841	0	0	0	2	1
OMIM:607842	0	0	0	4	3
OMIM:607847	0	0	0	3	3
OMIM:607850	0	0	0	6	3
OMIM:607855	0	0	0	18	6
OMIM:607864	0	0	0	2	1
OMIM:607876	0	0	0	17	2
OMIM:607903	0	0	0	10	3
OMIM:607906	0	0	0	45	12
OMIM:607921	0	0	0	8	2
OMIM:607932	0	1	0	61	10
OMIM:607936	0	0	0	9	2
OMIM:607941	1	0	0	10	1
OMIM:607944	0	1	0	56	14
OMIM:608013	1	0	0	51	14
OMIM:608022	0	1	0	49	14
OMIM:608027	0	0	0	36	6
OMIM:608030	0	0	0	7	2
OMIM:608033	0	0	0	14	5
OMIM:608051	0	0	0	8	1
OMIM:608068	1	0	0	16	7
OMIM:608089	0	0	0	3	2
OMIM:608091	0	1	1	48	9
OMIM:608093	0	0	0	32	12
OMIM:608097	0	0	0	17	4
OMIM:608099	1	0	0	22	5
OMIM:608104	1	0	0	39	13
OMIM:608105	0	0	0	14	2
OMIM:608106	0	0	0	11	8
OMIM:608115	0	0	0	5	3
OMIM:608118	0	0	0	4	3
OMIM:608133	0	0	0	10	2
OMIM:608161	0	0	0	12	2
OMIM:608175	0	0	0	1	2
OMIM:608189	0	0	0	7	7
OMIM:608194	0	0	0	31	3
OMIM:608203	0	0	0	13	6
OMIM:608224	0	0	0	5	1
OMIM:608232	0	0	0	4	4
OMIM:608233	0	0	0	47	14
OMIM:608236	0	0	0	5	1
OMIM:608265	0	0	0	2	1
OMIM:608266	0	0	0	5	3
OMIM:608320	0	0	0	9	5
OMIM:608323	0	0	0	15	3
OMIM:608328	1	0	0	54	10
OMIM:608340	0	0	0	25	3
OMIM:608354	0	0	0	5	3
OMIM:608358	1	0	0	26	6
OMIM:608361	0	0	0	8	3
OMIM:608380	0	0	0	7	2
OMIM:608389	0	0	0	7	3
OMIM:608390	0	0	0	15	4
OMIM:608393	0	0	0	12	5
OMIM:608404	0	0	0	5	1
OMIM:608415	0	0	0	6	2
OMIM:608423	0	0	0	23	7
OMIM:608443	0	0	0	10	3
OMIM:608456	0	0	0	3	2
OMIM:608470	0	0	0	10	4
OMIM:608471	0	0	0	6	1
OMIM:608516	0	0	0	2	1
OMIM:608540	1	0	0	25	12
OMIM:608553	0	0	0	25	4
OMIM:608565	0	0	0	5	2
OMIM:608567	0	0	0	10	1
OMIM:608569	1	0	0	6	1
OMIM:608572	1	1	0	32	10
OMIM:608594	1	1	0	40	13
OMIM:608600	0	0	0	19	8
OMIM:608611	0	0	0	25	5
OMIM:608612	0	0	1	41	10
OMIM:608615	0	0	0	11	5
OMIM:608622	0	0	0	2	1
OMIM:608627	0	0	0	22	3
OMIM:608629	1	1	1	32	9
OMIM:608634	0	0	0	11	3
OMIM:608641	0	0	0	3	1
OMIM:608643	0	0	0	39	11
OMIM:608644	1	0	0	11	6
OMIM:608647	1	0	0	20	7
OMIM:608649	0	0	0	16	6
OMIM:608653	0	0	0	6	2
OMIM:608654	0	0	0	24	8
OMIM:608673	0	0	0	14	3
OMIM:608681	0	0	0	9	5
OMIM:608688	1	0	0	25	10
OMIM:608703	0	0	0	23	8
OMIM:608709	0	1	0	17	8
OMIM:608716	0	0	0	33	7
OMIM:608728	0	0	0	27	5
OMIM:608747	0	0	0	19	8
OMIM:608751	1	0	0	16	3
OMIM:608758	1	0	0	17	4
OMIM:608768	0	0	0	16	4
OMIM:608776	1	1	0	49	17
OMIM:608779	1	1	0	59	14
OMIM:608782	0	0	0	13	6
OMIM:608799	0	0	0	49	14
OMIM:608800	0	0	0	24	10
OMIM:608804	0	0	0	32	4
OMIM:608805	0	0	0	6	3
OMIM:608807	1	0	0	14	3
OMIM:608836	1	1	1	72	16
OMIM:608837	1	0	0	4	4
OMIM:608840	0	0	0	31	7
OMIM:608864	0	0	0	5	1
OMIM:608874	0	0	0	3	1
OMIM:608885	0	0	0	32	12
OMIM:608895	0	0	0	17	5
OMIM:608898	0	0	0	14	6
OMIM:608902	0	0	0	3	2
OMIM:608907	0	0	0	11	1
OMIM:608908	0	0	0	17	7
OMIM:608930	0	0	0	31	10
OMIM:608931	0	0	0	32	8
OMIM:608940	0	0	0	46	8
OMIM:608957	0	0	0	7	3
OMIM:608970	0	0	0	8	1
OMIM:608971	0	0	0	17	9
OMIM:608978	1	1	0	34	7
OMIM:608980	1	1	0	18	9
OMIM:608984	0	0	0	19	3
OMIM:608996	0	0	0	4	1
OMIM:609006	0	0	0	3	1
OMIM:609015	1	0	0	36	11
OMIM:609016	1	0	0	8	7
OMIM:609033	0	0	0	34	9
OMIM:609040	1	0	0	14	4
OMIM:609048	0	0	0	5	2
OMIM:609049	0	1	1	40	10
OMIM:609053	1	1	0	46	16
OMIM:609054	0	0	0	9	9
OMIM:609056	0	0	0	26	9
OMIM:609057	0	1	1	9	5
OMIM:609060	0	0	0	29	8
OMIM:609069	1	0	0	29	14
OMIM:609115	0	0	0	16	5
OMIM:609129	0	0	0	7	2
OMIM:609135	0	0	0	2	1
OMIM:609136	0	0	0	55	13
OMIM:609140	0	0	0	3	1
OMIM:609141	0	0	0	8	3
OMIM:609152	0	0	0	22	10
OMIM:609153	0	0	0	7	4
OMIM:609161	0	0	0	15	2
OMIM:609162	0	0	0	20	6
OMIM:609165	0	0	0	15	8
OMIM:609180	0	1	0	29	10
OMIM:609192	1	0	0	62	14
OMIM:609195	0	0	0	33	6
OMIM:609200	1	0	0	19	7
OMIM:609218	0	0	0	13	1
OMIM:609220	0	0	0	17	8
OMIM:609227	0	0	0	7	4
OMIM:609241	0	0	0	19	5
OMIM:609242	0	0	0	28	10
OMIM:609254	0	1	1	4	2
OMIM:609260	0	0	0	31	6
OMIM:609265	0	0	0	6	4
OMIM:609270	0	0	0	25	4
OMIM:609273	0	0	0	15	7
OMIM:609283	0	0	0	15	8
OMIM:609284	0	0	0	22	7
OMIM:609285	1	0	0	48	10
OMIM:609286	1	0	0	40	13
OMIM:609296	0	1	0	101	18
OMIM:609304	0	0	0	16	4
OMIM:609306	0	0	0	12	2
OMIM:609308	1	0	0	20	6
OMIM:609310	0	0	0	2	2
OMIM:609311	0	0	0	21	3
OMIM:609313	0	0	0	24	10
OMIM:609322	0	0	0	3	2
OMIM:609340	0	0	0	14	3
OMIM:609352	0	0	0	5	2
OMIM:609404	0	0	0	4	0
OMIM:609432	0	0	0	11	3
OMIM:609439	0	0	0	3	1
OMIM:609441	0	0	0	25	6
OMIM:609446	0	0	0	13	2
OMIM:609452	1	0	0	14	5
OMIM:609460	1	0	0	43	11
OMIM:609465	0	1	0	17	10
OMIM:609508	0	0	0	6	3
OMIM:609524	0	0	0	12	5
OMIM:609528	0	0	0	27	10
OMIM:609529	0	0	0	5	6
OMIM:609533	0	0	0	4	2
OMIM:609536	0	0	0	7	3
OMIM:609541	0	0	0	24	5
OMIM:609549	0	0	0	7	1
OMIM:609560	0	0	0	31	9
OMIM:609579	0	0	0	2	3
OMIM:609583	0	1	1	19	4
OMIM:609597	0	0	0	8	5
OMIM:609620	0	0	0	7	3
OMIM:609621	0	0	0	7	3
OMIM:609622	0	0	0	8	2
OMIM:609628	0	0	0	19	10
OMIM:609634	0	0	0	10	2
OMIM:609637	0	0	0	37	7
OMIM:609638	0	0	0	17	4
OMIM:609646	0	0	0	4	1
OMIM:609698	0	0	0	9	3
OMIM:609706	0	0	0	2	1
OMIM:609734	0	0	0	16	6
OMIM:609741	0	0	0	6	1
OMIM:609796	0	0	0	5	2
OMIM:609812	0	0	0	7	5
OMIM:609813	0	0	0	11	3
OMIM:609814	0	1	1	10	3
OMIM:609820	0	0	0	4	1
OMIM:609821	0	0	0	8	4
OMIM:609823	0	0	0	3	1
OMIM:609887	0	0	0	1	1
OMIM:609889	0	0	0	16	7
OMIM:609893	0	0	0	7	2
OMIM:609909	1	0	0	6	1
OMIM:609913	0	0	0	11	3
OMIM:609923	0	0	0	6	2
OMIM:609924	0	0	0	20	8
OMIM:609942	1	0	0	59	16
OMIM:609968	0	0	0	9	3
OMIM:609975	0	0	0	8	5
OMIM:609981	0	0	0	21	15
OMIM:610003	0	0	0	14	3
OMIM:610006	0	0	0	15	7
OMIM:610015	0	0	0	31	10
OMIM:610017	0	0	0	10	3
OMIM:610019	0	0	0	4	1
OMIM:610021	0	0	0	6	4
OMIM:610024	0	0	0	11	2
OMIM:610031	0	0	0	26	4
OMIM:610042	0	0	0	89	11
OMIM:610048	0	0	0	10	2
OMIM:610069	0	0	0	5	2
OMIM:610090	0	0	0	18	9
OMIM:610092	0	0	0	4	1
OMIM:610093	0	0	0	5	2
OMIM:610099	0	0	0	14	4
OMIM:610100	1	0	0	15	4
OMIM:610102	0	0	0	4	1
OMIM:610125	0	0	0	66	10
OMIM:610127	0	0	0	31	8
OMIM:610131	0	0	0	32	11
OMIM:610140	1	0	0	7	3
OMIM:610153	0	0	0	3	1
OMIM:610154	0	0	0	2	1
OMIM:610156	0	0	0	13	5
OMIM:610163	0	0	0	19	7
OMIM:610168	1	0	0	67	11
OMIM:610181	0	0	0	10	5
OMIM:610185	0	0	0	34	8
OMIM:610187	0	0	0	26	10
OMIM:610188	0	1	1	28	6
OMIM:610189	0	0	1	7	3
OMIM:610193	1	0	0	18	4
OMIM:610198	1	0	0	26	10
OMIM:610199	0	1	0	39	12
OMIM:610202	0	0	0	12	1
OMIM:610204	0	0	0	5	3
OMIM:610205	1	1	1	19	7
OMIM:610212	0	0	0	3	1
OMIM:610217	0	0	0	32	5
OMIM:610220	0	0	0	2	1
OMIM:610227	0	0	0	5	2
OMIM:610245	0	0	0	21	2
OMIM:610246	0	0	0	22	6
OMIM:610250	0	0	0	19	5
OMIM:610251	0	0	0	3	2
OMIM:610253	1	1	0	88	13
OMIM:610256	0	0	0	17	1
OMIM:610265	0	0	0	6	2
OMIM:610282	0	0	0	5	1
OMIM:610283	0	0	0	10	3
OMIM:610293	0	0	0	14	6
OMIM:610297	0	0	0	5	2
OMIM:610313	0	0	0	13	7
OMIM:610329	0	0	0	21	10
OMIM:610333	0	0	0	26	11
OMIM:610353	0	0	0	11	2
OMIM:610356	0	0	0	11	2
OMIM:610357	0	0	0	16	4
OMIM:610359	0	0	0	8	2
OMIM:610370	0	0	0	32	7
OMIM:610374	0	0	0	3	2
OMIM:610377	0	0	0	52	15
OMIM:610381	0	0	0	8	3
OMIM:610419	0	0	0	3	1
OMIM:610425	0	0	0	4	1
OMIM:610427	0	0	0	8	2
OMIM:610442	0	0	0	49	8
OMIM:610443	1	1	0	81	15
OMIM:610444	0	0	0	2	1
OMIM:610445	0	0	0	6	1
OMIM:610448	0	0	0	12	6
OMIM:610455	0	0	0	9	7
OMIM:610460	0	0	0	3	2
OMIM:610474	0	0	0	17	7
OMIM:610475	0	0	0	25	11
OMIM:610476	1	0	0	14	6
OMIM:610478	0	0	0	8	2
OMIM:610489	0	0	0	27	10
OMIM:610498	0	0	0	22	12
OMIM:610504	0	0	0	3	1
OMIM:610505	1	0	0	44	10
OMIM:610508	0	0	0	3	2
OMIM:610532	0	0	0	28	4
OMIM:610536	1	0	0	35	10
OMIM:610539	0	0	0	24	11
OMIM:610542	0	0	0	20	5
OMIM:610549	0	0	0	12	4
OMIM:610551	0	0	0	3	2
OMIM:610582	0	0	0	11	4
OMIM:610599	0	0	0	7	2
OMIM:610600	0	0	0	13	6
OMIM:610612	0	0	0	4	1
OMIM:610618	0	0	0	8	7
OMIM:610623	0	0	0	11	3
OMIM:610628	0	0	0	16	7
OMIM:610629	0	0	0	7	3
OMIM:610644	0	0	0	19	8
OMIM:610651	0	0	0	26	12
OMIM:610678	0	0	0	19	8
OMIM:610682	0	1	0	35	11
OMIM:610687	0	0	0	39	8
OMIM:610688	0	1	1	22	6
OMIM:610698	0	0	0	4	1
OMIM:610706	0	0	0	17	5
OMIM:610708	0	0	0	12	2
OMIM:610713	0	0	0	7	2
OMIM:610717	1	0	0	33	12
OMIM:610725	0	1	1	12	2
OMIM:610733	1	1	0	46	13
OMIM:610738	0	0	0	14	5
OMIM:610743	0	0	0	22	5
OMIM:610755	0	0	0	12	5
OMIM:610756	0	0	0	23	9
OMIM:610758	1	0	0	45	9
OMIM:610759	1	1	0	83	11
OMIM:610768	1	0	0	26	11
OMIM:610773	1	0	0	8	6
OMIM:610798	0	0	0	8	8
OMIM:610805	0	1	1	8	1
OMIM:610828	0	0	0	53	8
OMIM:610829	0	0	0	60	10
OMIM:610832	1	1	0	27	15
OMIM:610840	1	0	0	4	1
OMIM:610842	1	1	0	36	11
OMIM:610852	0	0	0	8	4
OMIM:610878	0	1	0	3	1
OMIM:610883	1	1	0	49	11
OMIM:610896	0	1	1	6	4
OMIM:610913	0	0	0	29	8
OMIM:610915	0	0	0	29	7
OMIM:610921	0	0	0	30	5
OMIM:610947	0	0	0	13	5
OMIM:610951	0	0	0	18	2
OMIM:610954	0	0	0	62	12
OMIM:610965	0	0	1	37	13
OMIM:610967	0	0	0	20	5
OMIM:610968	0	0	0	22	8
OMIM:610978	1	0	0	41	8
OMIM:610984	0	1	1	21	9
OMIM:610992	0	0	0	16	7
OMIM:611022	0	0	0	3	1
OMIM:611038	0	0	0	5	2
OMIM:611040	0	0	0	16	2
OMIM:611067	0	0	0	19	4
OMIM:611087	1	1	0	32	10
OMIM:611090	0	0	0	2	1
OMIM:611091	0	0	0	52	13
OMIM:611092	0	0	0	12	3
OMIM:611093	0	0	0	6	3
OMIM:611102	0	0	0	9	2
OMIM:611105	0	0	0	18	3
OMIM:611126	1	0	0	22	9
OMIM:611131	0	0	0	16	2
OMIM:611134	1	1	0	19	9
OMIM:611174	1	0	0	55	12
OMIM:611182	0	0	0	68	14
OMIM:611209	1	1	1	76	16
OMIM:611225	0	0	0	27	5
OMIM:611228	0	0	0	17	3
OMIM:611263	0	0	0	9	3
OMIM:611276	0	0	0	8	1
OMIM:611283	1	0	0	5	5
OMIM:611291	0	0	0	70	16
OMIM:611302	0	0	0	23	5
OMIM:611307	0	0	0	15	6
OMIM:611363	1	0	0	4	1
OMIM:611369	0	0	0	6	2
OMIM:611376	1	1	0	14	8
OMIM:611377	0	0	0	18	5
OMIM:611383	0	0	0	6	2
OMIM:611390	0	0	0	24	5
OMIM:611391	0	0	0	7	1
OMIM:611407	1	0	0	6	1
OMIM:611431	0	0	0	25	8
OMIM:611451	0	0	0	5	2
OMIM:611465	0	0	0	2	1
OMIM:611489	0	0	0	13	7
OMIM:611490	0	0	0	19	10
OMIM:611493	0	0	0	8	1
OMIM:611497	0	0	0	5	2
OMIM:611498	0	1	1	4	1
OMIM:611521	0	0	0	7	5
OMIM:611523	0	0	0	42	9
OMIM:611528	1	0	0	10	4
OMIM:611543	0	0	0	5	1
OMIM:611544	0	0	0	10	1
OMIM:611548	0	0	0	7	1
OMIM:611553	1	0	0	39	12
OMIM:611554	1	0	0	19	8
OMIM:611556	1	0	0	34	7
OMIM:611560	0	1	1	25	7
OMIM:611561	0	1	0	12	7
OMIM:611584	0	0	0	28	7
OMIM:611588	0	0	0	21	4
OMIM:611590	0	1	0	17	10
OMIM:611597	0	0	0	4	1
OMIM:611603	0	0	0	25	3
OMIM:611615	1	0	0	12	4
OMIM:611638	0	0	0	11	3
OMIM:611705	1	0	0	26	9
OMIM:611718	0	0	0	5	2
OMIM:611719	1	1	0	33	12
OMIM:611721	0	0	0	19	7
OMIM:611722	0	0	0	19	5
OMIM:611726	0	0	0	19	6
OMIM:611755	0	0	0	4	3
OMIM:611762	0	0	0	22	12
OMIM:611771	0	1	1	4	2
OMIM:611773	0	1	1	14	8
OMIM:611777	0	0	0	7	3
OMIM:611783	0	0	0	9	3
OMIM:611788	0	0	0	10	4
OMIM:611804	0	0	0	7	5
OMIM:611809	0	0	0	6	1
OMIM:611812	1	1	0	19	9
OMIM:611816	1	0	0	32	8
OMIM:611818	0	0	0	10	3
OMIM:611819	0	0	0	9	2
OMIM:611820	0	0	0	4	2
OMIM:611875	0	0	0	7	3
OMIM:611876	0	0	0	4	2
OMIM:611878	1	0	0	16	1
OMIM:611879	1	0	0	7	2
OMIM:611880	1	0	0	7	2
OMIM:611881	0	0	0	30	13
OMIM:611884	1	0	0	15	5
OMIM:611890	0	0	0	44	11
OMIM:611895	0	0	0	5	2
OMIM:611938	0	0	0	8	3
OMIM:611943	0	0	0	11	10
OMIM:611953	0	0	0	2	1
OMIM:612001	0	0	0	18	8
OMIM:612004	0	0	0	3	1
OMIM:612015	0	0	0	27	13
OMIM:612016	0	0	0	27	6
OMIM:612018	0	0	0	5	3
OMIM:612020	0	0	0	10	3
OMIM:612067	0	0	0	26	6
OMIM:612069	0	0	0	17	4
OMIM:612073	0	0	0	46	13
OMIM:612075	0	0	0	26	9
OMIM:612076	0	1	0	4	2
OMIM:612079	0	0	0	21	9
OMIM:612095	0	0	0	13	2
OMIM:612098	1	0	0	23	4
OMIM:612109	0	0	0	33	5
OMIM:612119	0	0	0	3	2
OMIM:612124	1	0	0	8	2
OMIM:612126	0	0	0	21	6
OMIM:612132	0	0	0	21	9
OMIM:612138	0	0	0	15	7
OMIM:612158	1	0	0	16	2
OMIM:612160	0	0	0	2	1
OMIM:612164	0	0	0	27	3
OMIM:612199	0	0	0	47	11
OMIM:612201	1	0	0	8	1
OMIM:612219	0	0	0	2	1
OMIM:612225	0	0	0	11	6
OMIM:612227	0	0	0	8	4
OMIM:612229	0	0	0	1	2
OMIM:612233	0	0	0	22	8
OMIM:612237	0	0	0	2	2
OMIM:612240	0	0	0	11	1
OMIM:612244	0	0	0	1	2
OMIM:612247	0	0	0	10	5
OMIM:612260	0	0	0	11	7
OMIM:612269	0	0	0	3	1
OMIM:612271	0	0	0	4	2
OMIM:612278	0	0	0	1	2
OMIM:612281	0	0	0	14	4
OMIM:612284	0	1	0	21	7
OMIM:612285	0	0	1	18	7
OMIM:612286	0	1	0	9	3
OMIM:612287	0	1	0	8	3
OMIM:612289	1	0	0	96	15
OMIM:612290	0	0	0	9	2
OMIM:612291	0	0	0	20	8
OMIM:612292	0	0	0	19	6
OMIM:612300	0	0	0	12	6
OMIM:612301	0	0	0	29	13
OMIM:612304	0	0	0	14	6
OMIM:612310	0	0	0	9	3
OMIM:612313	0	0	0	58	9
OMIM:612319	0	0	0	32	6
OMIM:612336	0	0	0	9	4
OMIM:612337	0	1	0	40	11
OMIM:612347	0	0	0	8	4
OMIM:612350	0	0	0	39	9
OMIM:612356	0	0	0	4	2
OMIM:612370	0	0	0	7	5
OMIM:612376	0	0	0	3	3
OMIM:612379	0	0	0	34	12
OMIM:612387	0	0	0	23	13
OMIM:612389	0	0	0	35	8
OMIM:612390	0	0	0	7	4
OMIM:612394	0	0	0	41	10
OMIM:612416	0	0	0	5	1
OMIM:612422	1	0	0	10	2
OMIM:612423	0	0	0	5	2
OMIM:612431	0	0	0	2	1
OMIM:612437	0	0	0	12	1
OMIM:612438	0	0	0	31	5
OMIM:612444	1	0	0	16	7
OMIM:612446	0	0	0	4	1
OMIM:612460	0	0	0	2	1
OMIM:612462	0	0	0	29	9
OMIM:612463	0	0	0	18	7
OMIM:612474	1	0	0	98	9
OMIM:612518	1	0	0	7	6
OMIM:612520	0	0	0	1	2
OMIM:612526	0	0	0	18	9
OMIM:612527	1	0	0	9	5
OMIM:612528	1	0	0	12	8
OMIM:612529	0	0	0	5	2
OMIM:612539	0	0	0	8	3
OMIM:612540	0	0	0	31	11
OMIM:612541	1	1	0	53	15
OMIM:612551	0	1	1	3	1
OMIM:612555	0	0	0	4	3
OMIM:612556	0	0	1	6	4
OMIM:612561	1	0	0	22	8
OMIM:612562	1	1	0	29	12
OMIM:612563	0	0	0	10	5
OMIM:612567	0	0	0	9	5
OMIM:612572	0	0	0	9	2
OMIM:612577	0	0	0	8	2
OMIM:612580	0	0	0	4	1
OMIM:612591	0	0	0	5	3
OMIM:612621	0	0	0	21	4
OMIM:612631	0	0	0	3	2
OMIM:612643	0	0	0	2	1
OMIM:612644	0	0	0	2	1
OMIM:612645	0	0	0	3	1
OMIM:612649	0	0	0	14	7
OMIM:612650	1	0	0	17	9
OMIM:612651	0	1	0	52	12
OMIM:612653	0	0	0	9	6
OMIM:612656	0	0	0	22	5
OMIM:612657	0	0	0	9	1
OMIM:612671	0	0	0	4	2
OMIM:612674	0	0	0	27	5
OMIM:612690	0	0	0	9	5
OMIM:612691	0	0	0	14	2
OMIM:612692	0	0	0	15	11
OMIM:612702	0	0	0	13	7
OMIM:612703	0	0	0	12	3
OMIM:612712	0	0	0	8	2
OMIM:612713	0	0	0	16	8
OMIM:612714	0	0	0	19	10
OMIM:612716	0	0	0	27	6
OMIM:612718	0	0	0	18	5
OMIM:612736	0	0	0	32	5
OMIM:612740	0	0	0	11	9
OMIM:612775	0	0	0	3	1
OMIM:612780	0	0	0	31	8
OMIM:612781	0	0	0	7	6
OMIM:612782	0	0	0	27	13
OMIM:612783	0	0	0	30	14
OMIM:612794	1	0	0	2	1
OMIM:612798	0	0	0	3	1
OMIM:612813	0	0	0	23	7
OMIM:612838	0	0	0	4	1
OMIM:612840	0	0	0	19	8
OMIM:612841	0	0	0	11	3
OMIM:612847	0	0	0	14	7
OMIM:612852	0	0	0	27	13
OMIM:612874	0	0	0	1	0
OMIM:612877	1	0	0	8	2
OMIM:612885	0	0	0	9	3
OMIM:612899	0	0	0	8	1
OMIM:612900	0	0	0	9	3
OMIM:612908	0	0	0	7	3
OMIM:612918	0	1	0	21	11
OMIM:612921	0	0	0	35	5
OMIM:612922	0	0	1	16	5
OMIM:612923	0	0	1	15	5
OMIM:612924	0	0	1	12	4
OMIM:612925	0	0	1	18	5
OMIM:612926	0	0	1	13	5
OMIM:612932	0	0	0	7	3
OMIM:612933	0	0	1	13	4
OMIM:612936	0	0	0	34	5
OMIM:612937	1	0	0	16	5
OMIM:612938	1	0	0	35	11
OMIM:612940	0	0	0	53	11
OMIM:612943	0	0	0	8	1
OMIM:612949	1	0	0	46	13
OMIM:612951	0	0	0	21	5
OMIM:612952	0	0	0	25	7
OMIM:612953	0	0	0	40	7
OMIM:612954	1	0	0	36	8
OMIM:612955	0	0	0	6	2
OMIM:612956	0	0	0	4	2
OMIM:612961	0	0	0	13	4
OMIM:612964	0	0	0	10	4
OMIM:612965	0	0	0	10	3
OMIM:612968	0	0	0	7	1
OMIM:612975	0	0	0	2	1
OMIM:612989	1	0	0	14	4
OMIM:612997	0	0	0	6	1
OMIM:612998	1	0	0	8	3
OMIM:612999	1	0	0	14	5
OMIM:613000	0	0	0	7	2
OMIM:613001	1	1	0	32	9
OMIM:613002	0	0	0	14	2
OMIM:613003	0	0	0	4	1
OMIM:613005	0	0	0	12	4
OMIM:613011	1	0	0	29	9
OMIM:613013	0	0	0	5	3
OMIM:613021	0	0	0	8	4
OMIM:613027	0	0	0	22	7
OMIM:613028	0	0	0	4	2
OMIM:613029	0	0	0	8	5
OMIM:613038	0	0	0	34	9
OMIM:613055	0	0	0	3	1
OMIM:613060	0	0	0	6	1
OMIM:613065	0	0	0	3	3
OMIM:613068	0	0	0	5	1
OMIM:613070	0	0	0	27	9
OMIM:613071	0	0	0	3	2
OMIM:613073	0	0	0	8	2
OMIM:613074	0	0	0	5	1
OMIM:613075	0	0	0	48	16
OMIM:613076	0	0	0	7	6
OMIM:613077	0	0	0	20	9
OMIM:613078	0	0	0	11	9
OMIM:613079	0	0	0	4	1
OMIM:613080	0	0	0	7	3
OMIM:613086	0	0	0	5	2
OMIM:613087	1	0	0	5	1
OMIM:613089	0	0	0	7	6
OMIM:613090	0	0	1	25	8
OMIM:613091	0	1	0	35	8
OMIM:613092	0	1	1	10	3
OMIM:613093	0	0	0	10	2
OMIM:613094	0	0	0	5	4
OMIM:613095	1	1	1	24	7
OMIM:613100	0	0	0	1	1
OMIM:613101	0	0	0	20	10
OMIM:613102	0	0	0	16	3
OMIM:613105	0	0	0	3	2
OMIM:613107	0	0	0	4	2
OMIM:613108	0	0	0	3	2
OMIM:613112	0	0	0	4	1
OMIM:613115	0	0	0	22	7
OMIM:613116	0	0	0	6	1
OMIM:613118	0	0	0	9	3
OMIM:613119	0	0	0	4	1
OMIM:613120	0	0	0	8	1
OMIM:613122	1	0	0	7	1
OMIM:613123	0	0	0	3	1
OMIM:613135	0	0	0	28	6
OMIM:613148	0	0	0	10	7
OMIM:613150	0	0	0	37	5
OMIM:613151	0	0	0	14	5
OMIM:613152	0	0	0	9	3
OMIM:613153	1	0	0	36	9
OMIM:613154	0	0	0	28	6
OMIM:613155	1	0	0	27	7
OMIM:613156	1	0	0	35	9
OMIM:613157	0	0	0	16	6
OMIM:613158	0	0	0	9	4
OMIM:613159	0	1	1	15	6
OMIM:613161	0	0	0	29	6
OMIM:613162	0	0	0	29	4
OMIM:613163	0	0	0	18	6
OMIM:613172	1	0	0	6	2
OMIM:613177	1	1	0	51	15
OMIM:613179	0	0	0	40	14
OMIM:613192	0	0	0	26	7
OMIM:613193	1	0	0	11	7
OMIM:613194	0	0	0	9	2
OMIM:613195	0	0	0	12	4
OMIM:613204	0	0	0	15	4
OMIM:613205	0	0	0	37	9
OMIM:613206	0	0	0	26	8
OMIM:613211	0	0	0	4	2
OMIM:613216	0	0	0	9	2
OMIM:613217	0	0	0	9	3
OMIM:613224	1	0	0	50	15
OMIM:613225	0	0	0	15	6
OMIM:613227	0	0	0	9	2
OMIM:613229	0	0	0	5	2
OMIM:613235	0	0	0	9	3
OMIM:613237	0	1	1	7	3
OMIM:613239	0	0	0	16	5
OMIM:613243	1	0	0	18	4
OMIM:613244	0	0	0	8	3
OMIM:613251	1	0	0	11	1
OMIM:613252	1	0	0	6	1
OMIM:613254	1	1	0	41	12
OMIM:613255	1	0	0	13	3
OMIM:613265	0	0	0	11	6
OMIM:613266	0	0	0	14	8
OMIM:613267	0	0	0	6	2
OMIM:613268	0	0	0	4	1
OMIM:613270	0	0	0	6	3
OMIM:613280	0	0	0	21	5
OMIM:613285	0	0	0	5	1
OMIM:613286	1	0	0	9	1
OMIM:613287	0	0	0	18	4
OMIM:613291	0	0	0	8	3
OMIM:613307	0	0	0	4	2
OMIM:613308	0	0	0	8	4
OMIM:613309	1	1	0	30	9
OMIM:613310	0	0	0	8	1
OMIM:613312	0	1	0	15	7
OMIM:613313	1	0	0	16	8
OMIM:613319	0	0	0	12	3
OMIM:613320	1	0	0	44	8
OMIM:613325	0	0	0	4	2
OMIM:613327	0	0	0	47	13
OMIM:613328	0	1	0	22	9
OMIM:613329	0	0	0	5	2
OMIM:613330	0	0	0	35	8
OMIM:613341	0	0	0	13	3
OMIM:613345	0	0	0	9	5
OMIM:613347	0	0	0	1	2
OMIM:613348	0	0	0	3	2
OMIM:613353	0	0	0	5	1
OMIM:613370	0	0	0	6	3
OMIM:613375	0	0	0	5	3
OMIM:613376	0	0	0	16	3
OMIM:613382	0	0	0	7	4
OMIM:613385	0	0	0	52	16
OMIM:613388	0	0	1	19	6
OMIM:613390	1	1	1	20	8
OMIM:613391	0	0	0	5	2
OMIM:613398	1	0	0	26	9
OMIM:613399	0	0	0	2	3
OMIM:613402	0	0	0	16	3
OMIM:613404	1	1	0	32	13
OMIM:613406	0	0	0	129	17
OMIM:613411	0	0	0	3	1
OMIM:613418	0	0	0	6	1
OMIM:613424	1	0	0	15	2
OMIM:613426	1	0	0	23	5
OMIM:613428	0	0	0	8	2
OMIM:613435	0	0	0	16	5
OMIM:613443	0	0	0	36	8
OMIM:613451	0	0	0	52	9
OMIM:613453	0	0	0	2	1
OMIM:613454	0	0	0	52	7
OMIM:613456	0	0	0	15	6
OMIM:613464	0	0	0	17	8
OMIM:613470	0	0	0	14	8
OMIM:613471	0	0	0	28	10
OMIM:613477	0	0	0	21	4
OMIM:613480	0	0	0	9	4
OMIM:613485	0	0	0	13	3
OMIM:613489	0	0	0	29	12
OMIM:613490	0	0	0	18	6
OMIM:613493	0	0	0	17	10
OMIM:613494	0	0	0	10	7
OMIM:613495	0	0	0	9	5
OMIM:613496	0	1	1	19	10
OMIM:613500	0	0	0	12	7
OMIM:613501	0	0	0	14	8
OMIM:613502	0	0	0	13	9
OMIM:613506	0	0	0	6	7
OMIM:613507	1	0	0	11	4
OMIM:613517	0	0	0	8	1
OMIM:613546	0	0	0	7	3
OMIM:613550	0	1	1	16	6
OMIM:613554	0	0	0	7	5
OMIM:613559	0	0	0	31	8
OMIM:613561	1	0	0	29	12
OMIM:613563	1	0	0	50	18
OMIM:613566	0	0	0	5	1
OMIM:613571	0	0	0	4	2
OMIM:613573	0	0	0	21	5
OMIM:613575	0	0	0	2	1
OMIM:613581	0	0	0	15	2
OMIM:613582	0	0	0	10	2
OMIM:613587	0	0	0	10	1
OMIM:613608	0	0	0	14	1
OMIM:613610	1	1	1	80	15
OMIM:613611	1	0	0	5	3
OMIM:613612	0	0	0	14	7
OMIM:613615	0	1	0	4	3
OMIM:613616	0	1	0	4	2
OMIM:613617	0	0	0	11	2
OMIM:613625	0	0	0	6	3
OMIM:613630	1	1	0	21	11
OMIM:613640	0	0	0	22	5
OMIM:613641	0	0	0	11	5
OMIM:613642	1	0	0	10	4
OMIM:613643	0	0	0	6	2
OMIM:613646	0	0	0	8	3
OMIM:613647	0	0	0	25	6
OMIM:613652	0	1	0	6	2
OMIM:613656	0	0	0	3	1
OMIM:613657	1	0	0	7	5
OMIM:613658	0	0	0	66	14
OMIM:613659	0	0	0	3	4
OMIM:613660	0	0	0	9	3
OMIM:613661	0	0	0	22	9
OMIM:613662	0	0	0	32	9
OMIM:613668	0	0	0	18	5
OMIM:613670	0	0	0	37	8
OMIM:613671	0	0	0	17	4
OMIM:613672	0	0	0	18	4
OMIM:613673	1	0	0	33	11
OMIM:613674	0	1	0	10	4
OMIM:613676	0	0	0	14	6
OMIM:613677	0	0	0	10	5
OMIM:613679	0	0	0	13	7
OMIM:613680	1	1	0	25	8
OMIM:613684	0	0	0	48	9
OMIM:613686	1	0	0	31	8
OMIM:613688	0	0	0	12	3
OMIM:613690	1	0	0	7	1
OMIM:613693	0	0	0	9	3
OMIM:613694	1	0	0	11	2
OMIM:613695	0	0	0	8	3
OMIM:613697	1	0	0	14	2
OMIM:613702	0	0	0	7	2
OMIM:613703	0	0	0	9	3
OMIM:613704	0	0	0	3	1
OMIM:613705	0	0	0	4	1
OMIM:613706	1	0	0	47	11
OMIM:613707	1	0	0	34	10
OMIM:613708	0	0	0	14	5
OMIM:613710	0	0	0	15	4
OMIM:613711	0	0	0	5	2
OMIM:613712	0	0	0	3	2
OMIM:613717	0	0	0	20	5
OMIM:613718	0	0	0	4	2
OMIM:613720	0	0	0	12	2
OMIM:613721	0	0	0	14	2
OMIM:613722	0	0	0	12	2
OMIM:613723	0	0	0	13	3
OMIM:613724	0	0	0	17	8
OMIM:613728	0	0	0	23	5
OMIM:613730	1	1	0	19	7
OMIM:613731	0	0	0	14	2
OMIM:613735	0	1	0	33	9
OMIM:613736	0	0	0	8	3
OMIM:613737	0	0	0	5	2
OMIM:613743	0	0	0	6	5
OMIM:613744	0	0	0	41	7
OMIM:613750	0	0	0	17	2
OMIM:613751	1	0	0	17	4
OMIM:613752	1	0	0	20	8
OMIM:613756	0	0	0	8	2
OMIM:613757	0	0	0	1	1
OMIM:613758	0	0	0	7	1
OMIM:613759	1	0	0	14	7
OMIM:613762	0	0	0	10	3
OMIM:613763	0	0	0	8	1
OMIM:613765	1	0	0	3	1
OMIM:613767	0	0	0	7	1
OMIM:613769	0	0	0	7	2
OMIM:613779	0	1	1	12	5
OMIM:613780	0	0	0	6	2
OMIM:613783	0	0	0	4	3
OMIM:613789	0	0	0	4	2
OMIM:613790	0	0	0	4	2
OMIM:613791	0	0	0	5	3
OMIM:613793	0	0	0	2	1
OMIM:613794	0	0	0	8	2
OMIM:613795	1	0	0	75	14
OMIM:613796	0	0	0	4	2
OMIM:613800	0	0	0	28	10
OMIM:613801	0	0	0	8	2
OMIM:613803	0	0	0	48	12
OMIM:613804	0	0	0	23	10
OMIM:613805	0	0	0	30	8
OMIM:613807	1	0	0	26	9
OMIM:613808	1	0	0	17	7
OMIM:613809	0	0	0	7	2
OMIM:613810	0	0	0	11	2
OMIM:613811	0	0	0	20	4
OMIM:613812	0	0	0	22	7
OMIM:613818	0	0	0	15	4
OMIM:613819	0	0	1	9	5
OMIM:613820	0	1	1	4	1
OMIM:613823	0	0	0	32	8
OMIM:613824	0	1	1	9	5
OMIM:613825	0	0	0	1	1
OMIM:613826	0	0	0	49	4
OMIM:613827	0	0	0	4	1
OMIM:613829	0	0	0	9	2
OMIM:613830	0	0	0	6	2
OMIM:613834	1	0	0	22	6
OMIM:613835	0	0	0	16	2
OMIM:613837	0	0	0	4	1
OMIM:613838	1	0	0	14	4
OMIM:613839	0	0	0	25	7
OMIM:613843	0	0	0	23	3
OMIM:613845	0	1	1	27	12
OMIM:613848	0	1	0	45	10
OMIM:613849	0	0	0	30	8
OMIM:613850	0	0	0	3	2
OMIM:613854	1	0	0	15	2
OMIM:613855	0	0	0	18	3
OMIM:613856	0	0	0	5	2
OMIM:613860	0	0	0	6	5
OMIM:613861	0	0	1	19	8
OMIM:613862	0	0	0	9	1
OMIM:613865	0	0	0	2	1
OMIM:613869	0	0	0	13	4
OMIM:613870	1	0	0	21	9
OMIM:613873	1	0	0	10	2
OMIM:613874	1	0	0	7	2
OMIM:613876	1	0	0	7	1
OMIM:613877	0	0	0	14	8
OMIM:613881	1	0	0	7	1
OMIM:613882	0	0	0	8	5
OMIM:613885	1	1	0	24	10
OMIM:613886	0	0	0	14	4
OMIM:613887	0	0	0	2	1
OMIM:613908	0	0	0	18	6
OMIM:613912	0	0	0	3	1
OMIM:613916	0	0	0	4	1
OMIM:613925	0	0	0	24	4
OMIM:613926	0	0	0	14	3
OMIM:613933	0	0	0	7	4
OMIM:613943	0	0	0	8	2
OMIM:613949	0	0	0	1	2
OMIM:613950	0	0	0	6	1
OMIM:613951	0	1	0	21	12
OMIM:613953	0	0	0	19	9
OMIM:613954	0	0	0	27	6
OMIM:613955	0	0	0	3	2
OMIM:613956	0	0	0	2	2
OMIM:613957	0	0	0	4	1
OMIM:613958	0	0	0	4	1
OMIM:613960	0	0	0	12	9
OMIM:613970	0	0	0	20	7
OMIM:613977	0	0	0	8	3
OMIM:613978	0	0	0	5	4
OMIM:613980	0	0	0	7	2
OMIM:613981	0	0	0	7	2
OMIM:613982	0	0	0	18	7
OMIM:613983	0	0	0	13	2
OMIM:613985	0	0	0	2	1
OMIM:613986	0	0	0	15	5
OMIM:613987	0	0	0	14	9
OMIM:613988	0	0	0	8	6
OMIM:613989	1	0	0	33	12
OMIM:613990	0	0	0	43	15
OMIM:614008	1	0	0	49	10
OMIM:614009	0	0	0	8	4
OMIM:614017	1	0	0	11	6
OMIM:614018	0	0	0	19	4
OMIM:614019	0	0	0	18	5
OMIM:614020	0	0	0	6	2
OMIM:614021	0	0	0	16	3
OMIM:614022	1	0	0	11	2
OMIM:614023	0	0	0	11	5
OMIM:614025	0	0	0	7	4
OMIM:614028	0	0	0	3	1
OMIM:614033	0	0	0	2	1
OMIM:614034	0	0	0	24	10
OMIM:614035	0	0	0	4	1
OMIM:614037	0	0	0	7	5
OMIM:614038	0	0	0	14	9
OMIM:614039	0	0	0	20	4
OMIM:614042	0	0	0	3	2
OMIM:614049	0	0	0	6	1
OMIM:614050	0	0	0	3	1
OMIM:614052	1	0	0	43	13
OMIM:614053	1	0	0	7	5
OMIM:614055	0	0	0	7	3
OMIM:614063	0	0	0	18	5
OMIM:614065	1	0	0	14	5
OMIM:614066	0	0	0	38	5
OMIM:614067	0	0	0	32	6
OMIM:614069	0	0	0	29	12
OMIM:614072	0	0	0	17	5
OMIM:614073	0	0	0	13	7
OMIM:614074	0	0	0	20	6
OMIM:614075	0	0	0	37	13
OMIM:614076	0	0	0	15	6
OMIM:614077	0	0	0	30	6
OMIM:614078	0	0	0	31	6
OMIM:614080	1	1	0	57	13
OMIM:614082	0	0	0	11	12
OMIM:614083	0	1	0	39	14
OMIM:614089	1	0	0	2	1
OMIM:614090	0	0	0	1	1
OMIM:614091	0	1	0	38	10
OMIM:614096	1	0	0	25	9
OMIM:614097	0	0	0	3	2
OMIM:614098	0	0	0	36	10
OMIM:614099	0	1	1	31	9
OMIM:614102	0	0	0	7	6
OMIM:614104	0	1	0	62	12
OMIM:614105	0	0	0	40	9
OMIM:614111	0	0	0	7	3
OMIM:614114	1	0	0	49	12
OMIM:614115	0	0	0	9	2
OMIM:614116	0	0	0	19	4
OMIM:614120	0	0	0	12	4
OMIM:614122	0	0	0	1	0
OMIM:614128	0	0	0	1	1
OMIM:614129	0	0	0	11	7
OMIM:614131	0	1	1	12	2
OMIM:614134	0	0	0	28	7
OMIM:614135	0	0	0	16	3
OMIM:614152	0	0	0	6	1
OMIM:614153	0	0	0	26	6
OMIM:614156	0	0	0	8	3
OMIM:614160	0	0	0	3	2
OMIM:614162	0	0	0	42	13
OMIM:614163	0	0	0	2	1
OMIM:614164	0	0	0	4	2
OMIM:614165	0	0	0	2	3
OMIM:614167	0	0	0	3	1
OMIM:614170	0	0	0	18	9
OMIM:614171	0	0	0	10	5
OMIM:614172	0	0	0	18	5
OMIM:614173	0	0	0	4	1
OMIM:614175	0	1	0	26	9
OMIM:614180	0	0	0	7	2
OMIM:614181	0	0	0	11	2
OMIM:614185	1	0	0	25	10
OMIM:614186	0	0	0	12	2
OMIM:614188	0	0	0	49	9
OMIM:614190	0	0	0	3	1
OMIM:614195	0	0	0	20	6
OMIM:614196	0	1	1	10	3
OMIM:614198	0	0	0	16	6
OMIM:614199	0	1	1	28	6
OMIM:614201	0	0	0	10	5
OMIM:614202	0	0	0	44	9
OMIM:614203	0	0	0	10	2
OMIM:614204	0	0	0	21	8
OMIM:614205	0	0	0	25	6
OMIM:614207	1	0	0	41	12
OMIM:614209	0	1	0	9	6
OMIM:614212	0	0	0	7	2
OMIM:614213	0	0	0	18	5
OMIM:614219	0	0	0	39	9
OMIM:614222	0	0	0	48	10
OMIM:614224	0	0	0	4	3
OMIM:614225	0	0	0	36	9
OMIM:614226	0	0	0	14	8
OMIM:614228	0	0	0	14	3
OMIM:614229	0	0	0	14	3
OMIM:614231	0	0	0	42	12
OMIM:614249	1	0	0	26	5
OMIM:614250	0	0	0	9	4
OMIM:614251	0	0	0	9	2
OMIM:614254	0	0	0	39	5
OMIM:614255	0	0	0	25	5
OMIM:614256	0	0	0	5	1
OMIM:614257	0	0	0	19	8
OMIM:614261	1	0	0	42	10
OMIM:614262	1	0	0	14	9
OMIM:614265	0	0	0	9	5
OMIM:614266	0	0	0	5	2
OMIM:614278	0	0	0	3	1
OMIM:614279	0	0	0	5	1
OMIM:614284	0	0	0	11	4
OMIM:614286	0	0	0	2	2
OMIM:614292	0	0	0	10	1
OMIM:614293	0	0	0	2	1
OMIM:614296	0	0	0	21	5
OMIM:614298	0	0	0	41	5
OMIM:614299	1	0	0	36	9
OMIM:614300	1	0	0	34	11
OMIM:614302	0	0	0	11	2
OMIM:614303	0	0	0	9	1
OMIM:614305	0	0	0	18	7
OMIM:614306	0	0	0	23	4
OMIM:614307	0	0	0	26	7
OMIM:614321	0	0	0	15	4
OMIM:614322	0	0	0	22	5
OMIM:614324	0	0	0	8	4
OMIM:614325	0	0	0	17	7
OMIM:614327	0	0	0	10	6
OMIM:614328	0	0	0	14	11
OMIM:614331	0	0	0	2	2
OMIM:614335	0	0	0	8	2
OMIM:614337	0	0	0	4	3
OMIM:614338	0	0	0	6	2
OMIM:614340	0	0	0	13	4
OMIM:614350	0	0	0	7	3
OMIM:614369	0	0	0	15	6
OMIM:614370	0	0	0	8	2
OMIM:614372	0	0	0	7	3
OMIM:614373	0	0	0	9	3
OMIM:614376	0	1	1	29	12
OMIM:614377	0	1	1	18	4
OMIM:614378	0	0	1	33	12
OMIM:614380	0	1	0	8	5
OMIM:614381	0	0	0	40	9
OMIM:614385	0	0	0	2	2
OMIM:614388	0	0	0	42	10
OMIM:614389	0	0	0	3	0
OMIM:614390	0	0	0	3	0
OMIM:614391	0	0	0	3	0
OMIM:614399	0	0	0	36	10
OMIM:614402	0	0	0	9	4
OMIM:614409	0	0	0	37	7
OMIM:614415	0	0	0	6	2
OMIM:614416	0	0	0	8	4
OMIM:614417	0	0	0	10	1
OMIM:614418	0	0	0	5	1
OMIM:614420	0	1	0	10	2
OMIM:614424	1	1	0	44	11
OMIM:614429	1	0	0	7	1
OMIM:614430	1	0	0	3	1
OMIM:614431	1	0	0	3	1
OMIM:614432	1	0	0	6	2
OMIM:614433	1	0	0	3	2
OMIM:614434	0	0	0	5	3
OMIM:614435	1	0	0	6	1
OMIM:614436	0	0	0	20	3
OMIM:614437	1	0	0	51	12
OMIM:614438	0	0	0	37	11
OMIM:614441	0	0	0	13	7
OMIM:614450	0	0	0	21	11
OMIM:614455	0	1	1	23	6
OMIM:614456	0	0	0	2	2
OMIM:614457	0	0	0	28	11
OMIM:614458	1	0	0	32	9
OMIM:614462	1	0	0	25	9
OMIM:614464	0	1	0	16	5
OMIM:614465	0	1	0	11	6
OMIM:614468	0	0	0	18	8
OMIM:614470	0	0	0	19	8
OMIM:614473	1	1	0	16	3
OMIM:614474	1	0	0	5	1
OMIM:614475	1	0	0	5	2
OMIM:614480	0	0	0	12	5
OMIM:614482	0	0	0	18	5
OMIM:614483	0	0	0	15	6
OMIM:614485	0	0	0	9	4
OMIM:614486	0	0	0	5	3
OMIM:614487	0	0	0	25	6
OMIM:614491	0	0	0	6	3
OMIM:614492	0	0	0	9	3
OMIM:614493	0	0	0	7	5
OMIM:614495	0	0	0	8	3
OMIM:614496	0	0	0	7	3
OMIM:614497	0	0	0	5	1
OMIM:614498	0	0	0	36	9
OMIM:614499	0	0	0	9	3
OMIM:614500	0	0	0	14	5
OMIM:614501	1	0	0	31	10
OMIM:614504	0	0	0	12	4
OMIM:614507	0	0	0	14	7
OMIM:614508	0	0	0	5	1
OMIM:614514	0	0	0	14	6
OMIM:614521	0	0	0	5	3
OMIM:614524	0	0	0	21	4
OMIM:614557	0	0	0	46	12
OMIM:614558	0	0	0	30	4
OMIM:614559	0	0	0	25	6
OMIM:614561	0	0	0	22	2
OMIM:614563	0	0	0	28	4
OMIM:614564	0	0	0	21	7
OMIM:614565	0	0	0	7	1
OMIM:614575	0	0	0	28	5
OMIM:614576	1	1	0	51	14
OMIM:614582	1	1	0	22	7
OMIM:614583	0	0	0	28	8
OMIM:614592	0	0	0	20	10
OMIM:614594	0	0	0	19	5
OMIM:614595	0	0	0	3	0
OMIM:614602	0	0	0	27	8
OMIM:614607	1	0	0	49	12
OMIM:614608	1	0	0	42	11
OMIM:614609	1	0	0	46	12
OMIM:614613	0	0	0	32	10
OMIM:614614	0	0	0	5	2
OMIM:614615	0	1	0	12	6
OMIM:614616	0	0	0	7	4
OMIM:614617	0	0	0	3	1
OMIM:614618	0	0	0	17	6
OMIM:614619	0	0	0	17	5
OMIM:614621	0	0	0	6	3
OMIM:614640	0	0	0	7	4
OMIM:614643	0	0	0	40	8
OMIM:614650	0	1	1	13	4
OMIM:614651	0	0	0	17	10
OMIM:614652	0	0	0	14	6
OMIM:614653	1	0	0	39	15
OMIM:614654	1	0	0	24	9
OMIM:614662	0	0	0	9	6
OMIM:614665	0	0	0	6	2
OMIM:614669	0	0	0	30	8
OMIM:614672	1	0	0	6	1
OMIM:614673	0	0	0	6	3
OMIM:614674	0	0	0	5	3
OMIM:614675	0	0	0	6	3
OMIM:614678	0	0	0	28	8
OMIM:614679	1	0	0	12	6
OMIM:614691	0	0	0	3	1
OMIM:614699	0	0	0	15	9
OMIM:614700	0	0	0	45	16
OMIM:614701	1	0	0	47	11
OMIM:614702	1	0	0	28	10
OMIM:614706	0	0	0	13	3
OMIM:614707	0	0	0	28	10
OMIM:614714	0	0	0	3	1
OMIM:614723	0	1	1	13	4
OMIM:614727	0	0	0	28	10
OMIM:614728	0	0	0	6	4
OMIM:614732	0	0	0	21	9
OMIM:614736	0	0	0	15	5
OMIM:614739	0	0	0	31	11
OMIM:614740	0	0	0	3	2
OMIM:614741	0	0	0	21	8
OMIM:614742	0	0	0	24	12
OMIM:614743	0	0	0	11	6
OMIM:614744	0	0	0	30	6
OMIM:614748	0	1	1	35	12
OMIM:614749	1	0	0	33	13
OMIM:614750	0	0	0	13	4
OMIM:614751	0	0	0	10	3
OMIM:614753	0	0	0	36	8
OMIM:614756	0	0	0	64	11
OMIM:614779	1	0	0	12	4
OMIM:614782	0	0	0	3	1
OMIM:614800	0	0	0	35	9
OMIM:614807	0	0	0	14	4
OMIM:614808	0	0	0	8	3
OMIM:614809	0	1	1	11	3
OMIM:614813	0	0	0	48	12
OMIM:614814	0	0	0	14	5
OMIM:614815	1	1	0	25	9
OMIM:614816	1	0	0	46	13
OMIM:614817	0	1	1	13	2
OMIM:614819	0	0	0	11	5
OMIM:614820	0	0	0	15	2
OMIM:614822	0	0	0	6	1
OMIM:614823	1	0	0	14	2
OMIM:614830	0	0	0	12	3
OMIM:614831	0	0	0	32	5
OMIM:614832	0	0	0	4	2
OMIM:614833	1	0	0	24	6
OMIM:614837	0	0	0	16	6
OMIM:614838	0	0	0	13	8
OMIM:614839	0	0	0	8	4
OMIM:614840	0	0	0	8	2
OMIM:614841	0	0	0	14	6
OMIM:614842	0	0	0	9	5
OMIM:614844	1	1	0	7	4
OMIM:614845	0	1	0	11	7
OMIM:614847	0	0	0	5	1
OMIM:614849	0	0	0	4	2
OMIM:614850	0	0	0	6	3
OMIM:614851	0	0	0	21	9
OMIM:614852	0	0	0	10	3
OMIM:614856	0	0	0	40	10
OMIM:614857	1	0	0	38	14
OMIM:614858	0	0	0	6	4
OMIM:614859	0	1	0	19	8
OMIM:614861	0	0	0	3	1
OMIM:614862	0	1	0	17	9
OMIM:614863	0	0	0	25	11
OMIM:614866	1	1	0	87	15
OMIM:614867	0	0	0	28	7
OMIM:614868	1	0	0	29	9
OMIM:614870	0	1	0	17	6
OMIM:614871	0	0	0	35	11
OMIM:614872	0	0	0	25	9
OMIM:614873	0	0	0	7	5
OMIM:614874	1	0	0	18	9
OMIM:614876	1	0	0	14	8
OMIM:614877	0	0	0	46	7
OMIM:614878	0	0	0	16	11
OMIM:614879	1	0	0	19	9
OMIM:614880	0	0	0	11	6
OMIM:614881	0	0	0	12	4
OMIM:614882	0	0	0	20	6
OMIM:614883	0	1	0	21	8
OMIM:614885	0	0	0	11	7
OMIM:614886	1	0	0	39	12
OMIM:614887	0	0	0	31	8
OMIM:614889	0	0	0	3	1
OMIM:614890	0	0	0	4	1
OMIM:614891	0	0	0	4	1
OMIM:614892	0	0	0	9	2
OMIM:614893	0	0	0	9	3
OMIM:614895	0	0	0	27	5
OMIM:614896	0	0	0	7	3
OMIM:614897	0	0	0	17	4
OMIM:614898	0	0	0	18	4
OMIM:614899	0	0	0	3	1
OMIM:614900	1	1	0	20	9
OMIM:614915	0	0	0	7	2
OMIM:614916	0	0	0	10	4
OMIM:614920	0	0	0	22	8
OMIM:614921	1	1	0	47	15
OMIM:614922	1	1	1	39	10
OMIM:614923	0	1	0	52	10
OMIM:614924	0	0	0	37	8
OMIM:614926	0	0	0	4	2
OMIM:614929	0	0	0	13	2
OMIM:614931	0	0	0	20	7
OMIM:614932	0	0	0	23	7
OMIM:614934	0	0	0	5	2
OMIM:614935	1	0	0	14	7
OMIM:614937	0	0	0	11	2
OMIM:614940	0	0	0	12	3
OMIM:614941	0	0	0	21	5
OMIM:614944	0	0	0	4	1
OMIM:614945	0	0	0	5	2
OMIM:614946	0	0	0	34	10
OMIM:614947	1	0	0	36	12
OMIM:614959	0	0	0	35	3
OMIM:614961	1	0	0	51	9
OMIM:614962	0	0	0	13	8
OMIM:614963	0	0	0	17	8
OMIM:614969	0	0	0	51	10
OMIM:614970	0	1	0	14	6
OMIM:614972	0	0	0	9	4
OMIM:614974	0	0	0	2	1
OMIM:614976	1	0	0	75	12
OMIM:614979	0	0	0	10	8
OMIM:614980	1	0	0	13	1
OMIM:615005	0	0	0	11	1
OMIM:615006	0	0	0	17	2
OMIM:615007	0	0	0	13	3
OMIM:615008	0	1	1	17	4
OMIM:615009	1	0	0	42	12
OMIM:615010	0	0	0	26	11
OMIM:615011	0	0	0	3	2
OMIM:615023	0	0	0	12	4
OMIM:615024	0	0	0	9	3
OMIM:615025	0	0	0	10	3
OMIM:615026	0	0	0	11	5
OMIM:615028	0	0	0	6	1
OMIM:615030	0	0	0	20	2
OMIM:615031	0	0	0	25	7
OMIM:615032	0	0	0	82	14
OMIM:615033	0	0	0	28	9
OMIM:615034	0	0	0	10	3
OMIM:615035	0	0	0	28	4
OMIM:615040	0	0	0	3	1
OMIM:615041	0	0	0	7	3
OMIM:615042	0	0	0	29	7
OMIM:615043	0	0	0	19	4
OMIM:615048	0	0	0	19	4
OMIM:615058	0	0	0	9	1
OMIM:615059	0	0	0	6	2
OMIM:615065	0	0	0	30	7
OMIM:615066	0	0	0	24	8
OMIM:615067	1	0	0	24	7
OMIM:615071	0	0	0	23	7
OMIM:615072	0	0	0	12	3
OMIM:615073	0	0	0	8	4
OMIM:615074	0	0	0	25	6
OMIM:615075	0	0	0	32	7
OMIM:615080	0	0	0	7	2
OMIM:615081	0	0	0	5	1
OMIM:615083	0	0	0	4	2
OMIM:615084	1	0	0	33	14
OMIM:615085	0	0	0	16	9
OMIM:615092	1	0	0	3	1
OMIM:615095	0	0	0	22	5
OMIM:615107	0	0	0	6	7
OMIM:615108	0	0	0	36	14
OMIM:615109	0	0	0	8	5
OMIM:615112	0	1	1	15	4
OMIM:615113	0	0	0	11	3
OMIM:615119	1	0	0	20	8
OMIM:615120	0	0	0	11	5
OMIM:615122	0	0	0	24	11
OMIM:615127	0	0	0	12	1
OMIM:615134	0	0	0	2	1
OMIM:615135	0	0	0	3	1
OMIM:615139	0	0	0	15	12
OMIM:615145	0	0	0	22	4
OMIM:615147	0	0	0	15	5
OMIM:615155	0	0	0	21	7
OMIM:615156	1	0	0	29	11
OMIM:615157	0	0	0	51	10
OMIM:615158	0	0	0	11	5
OMIM:615159	0	0	0	16	4
OMIM:615160	1	0	0	19	8
OMIM:615179	0	0	0	9	3
OMIM:615181	0	0	0	24	4
OMIM:615182	0	0	0	24	8
OMIM:615184	1	0	0	9	3
OMIM:615185	0	0	0	21	3
OMIM:615188	0	0	0	5	1
OMIM:615190	0	0	0	15	10
OMIM:615191	0	0	0	25	5
OMIM:615193	0	0	0	7	2
OMIM:615198	0	0	0	14	5
OMIM:615206	0	0	0	10	5
OMIM:615207	0	0	0	18	10
OMIM:615214	0	0	0	10	6
OMIM:615217	0	0	0	19	4
OMIM:615219	1	0	0	33	6
OMIM:615220	0	0	0	13	4
OMIM:615222	0	0	0	29	5
OMIM:615224	0	0	0	6	1
OMIM:615225	0	0	0	20	7
OMIM:615226	0	0	0	8	4
OMIM:615228	0	0	0	13	7
OMIM:615233	0	0	0	11	1
OMIM:615234	0	0	0	18	9
OMIM:615235	1	0	0	6	1
OMIM:615237	0	0	0	17	3
OMIM:615238	0	0	0	13	7
OMIM:615244	0	1	1	16	5
OMIM:615248	1	0	0	13	1
OMIM:615249	0	0	0	33	8
OMIM:615266	0	0	0	6	6
OMIM:615267	0	0	0	9	6
OMIM:615268	0	0	0	10	1
OMIM:615269	0	0	0	6	5
OMIM:615270	0	0	0	6	6
OMIM:615271	0	0	0	9	6
OMIM:615272	1	0	0	13	11
OMIM:615273	0	0	0	78	15
OMIM:615274	0	0	0	5	1
OMIM:615277	0	0	0	29	1
OMIM:615278	1	0	0	16	6
OMIM:615279	1	0	0	23	8
OMIM:615280	1	0	0	42	12
OMIM:615281	0	0	0	23	5
OMIM:615282	0	0	0	21	6
OMIM:615284	0	0	0	24	7
OMIM:615285	0	1	0	16	9
OMIM:615286	0	0	0	26	8
OMIM:615287	0	1	0	35	6
OMIM:615290	0	0	0	43	6
OMIM:615293	0	0	0	2	1
OMIM:615294	0	0	0	11	5
OMIM:615297	1	0	0	15	6
OMIM:615298	0	0	0	6	2
OMIM:615300	0	0	0	21	9
OMIM:615314	0	0	0	15	6
OMIM:615327	0	0	0	5	1
OMIM:615328	0	0	0	9	5
OMIM:615330	0	0	0	42	12
OMIM:615338	0	0	0	22	6
OMIM:615342	0	0	0	7	2
OMIM:615343	0	0	0	11	2
OMIM:615344	0	0	0	13	3
OMIM:615346	0	0	0	4	2
OMIM:615348	0	0	0	14	8
OMIM:615349	0	0	0	52	9
OMIM:615350	0	0	0	27	8
OMIM:615351	0	0	0	28	8
OMIM:615352	1	0	0	18	9
OMIM:615355	1	0	0	31	15
OMIM:615356	0	0	0	46	10
OMIM:615360	0	0	0	2	1
OMIM:615361	0	0	0	8	4
OMIM:615362	0	0	0	25	1
OMIM:615363	0	0	0	17	8
OMIM:615368	0	0	0	19	9
OMIM:615369	0	0	0	20	1
OMIM:615373	1	0	0	10	1
OMIM:615374	0	0	0	9	1
OMIM:615376	0	0	0	15	4
OMIM:615377	1	0	0	5	1
OMIM:615378	0	0	0	6	1
OMIM:615381	0	0	0	27	11
OMIM:615382	1	1	1	17	3
OMIM:615386	0	0	0	17	3
OMIM:615387	0	0	0	19	10
OMIM:615395	1	0	0	9	4
OMIM:615396	1	0	0	9	3
OMIM:615397	0	1	0	6	6
OMIM:615398	1	1	0	57	11
OMIM:615399	0	0	0	11	7
OMIM:615400	0	0	0	9	1
OMIM:615401	0	0	0	14	8
OMIM:615402	0	0	0	4	1
OMIM:615411	0	0	0	15	5
OMIM:615412	0	0	0	12	4
OMIM:615413	0	0	0	4	1
OMIM:615414	0	0	0	3	4
OMIM:615415	1	1	0	23	9
OMIM:615418	1	0	0	28	11
OMIM:615419	0	0	0	39	8
OMIM:615420	0	0	0	3	1
OMIM:615422	0	0	0	14	4
OMIM:615424	0	0	0	17	6
OMIM:615425	0	0	0	8	3
OMIM:615426	0	0	0	6	4
OMIM:615429	0	0	0	2	1
OMIM:615431	0	0	0	5	1
OMIM:615432	0	0	0	7	1
OMIM:615434	1	0	0	15	6
OMIM:615436	0	0	0	7	1
OMIM:615438	0	0	0	21	9
OMIM:615439	0	0	0	6	2
OMIM:615440	1	0	0	15	8
OMIM:615441	0	0	0	10	3
OMIM:615444	1	0	0	21	7
OMIM:615451	1	0	0	12	6
OMIM:615453	0	0	0	23	7
OMIM:615457	0	0	0	2	1
OMIM:615458	0	0	0	9	3
OMIM:615465	0	0	0	29	10
OMIM:615468	0	0	0	23	11
OMIM:615471	1	1	0	119	17
OMIM:615473	0	0	0	17	1
OMIM:615474	1	1	0	23	8
OMIM:615476	1	0	0	23	7
OMIM:615481	1	0	0	12	7
OMIM:615482	1	0	0	21	9
OMIM:615483	0	0	0	28	3
OMIM:615485	0	0	0	90	15
OMIM:615486	0	0	0	32	10
OMIM:615490	0	0	0	20	5
OMIM:615491	0	0	0	40	4
OMIM:615493	0	0	0	14	3
OMIM:615500	1	0	0	16	7
OMIM:615501	0	0	0	24	6
OMIM:615502	1	0	0	121	12
OMIM:615503	1	0	0	21	9
OMIM:615504	1	0	0	14	6
OMIM:615505	1	0	0	13	6
OMIM:615506	0	0	0	5	6
OMIM:615508	1	0	0	25	14
OMIM:615510	0	0	0	36	11
OMIM:615511	0	0	0	10	4
OMIM:615512	0	0	0	37	11
OMIM:615513	0	0	0	15	8
OMIM:615515	0	0	0	7	3
OMIM:615516	0	0	0	24	5
OMIM:615517	0	0	0	10	3
OMIM:615518	0	0	0	15	6
OMIM:615522	0	0	0	19	5
OMIM:615523	0	0	0	4	1
OMIM:615524	1	0	0	19	8
OMIM:615527	0	0	0	9	5
OMIM:615528	0	0	0	23	5
OMIM:615529	0	0	0	2	2
OMIM:615530	0	0	0	25	8
OMIM:615537	0	0	0	5	1
OMIM:615539	1	0	0	35	10
OMIM:615540	0	0	0	5	1
OMIM:615541	0	0	0	23	8
OMIM:615542	1	0	0	11	5
OMIM:615544	0	0	0	10	2
OMIM:615546	0	1	0	65	14
OMIM:615547	0	0	0	54	13
OMIM:615548	0	0	0	11	4
OMIM:615550	1	0	0	8	5
OMIM:615551	0	0	0	3	1
OMIM:615552	0	0	0	4	2
OMIM:615553	0	0	0	17	4
OMIM:615554	0	0	0	2	2
OMIM:615555	0	0	0	9	5
OMIM:615558	0	0	0	16	5
OMIM:615559	0	1	1	42	14
OMIM:615560	0	1	0	22	10
OMIM:615561	0	0	0	8	4
OMIM:615565	0	0	0	2	1
OMIM:615573	0	1	1	13	2
OMIM:615574	0	0	0	64	11
OMIM:615575	0	0	0	17	3
OMIM:615577	0	0	0	26	12
OMIM:615578	0	0	0	20	10
OMIM:615582	1	0	0	58	12
OMIM:615583	1	1	0	39	9
OMIM:615591	0	0	0	3	1
OMIM:615592	0	0	0	13	8
OMIM:615593	0	0	0	7	6
OMIM:615595	0	0	0	28	9
OMIM:615596	0	0	0	11	6
OMIM:615597	0	0	0	19	10
OMIM:615598	0	0	0	12	2
OMIM:615599	1	0	0	20	6
OMIM:615604	0	0	0	7	3
OMIM:615605	0	0	1	13	5
OMIM:615607	0	0	0	19	11
OMIM:615615	0	0	0	18	7
OMIM:615616	1	0	0	6	1
OMIM:615617	0	0	0	11	6
OMIM:615625	0	0	0	18	4
OMIM:615629	0	0	0	5	1
OMIM:615630	1	1	1	31	11
OMIM:615631	0	0	0	16	8
OMIM:615632	0	0	0	13	5
OMIM:615633	0	1	0	17	9
OMIM:615636	0	1	0	35	10
OMIM:615637	0	0	0	32	10
OMIM:615643	0	0	0	28	3
OMIM:615651	0	0	0	15	2
OMIM:615658	0	0	0	15	4
OMIM:615663	0	0	0	43	8
OMIM:615665	0	1	0	19	7
OMIM:615670	0	0	0	5	2
OMIM:615673	1	0	0	54	12
OMIM:615681	0	0	0	20	3
OMIM:615683	0	0	0	14	7
OMIM:615685	0	0	0	11	3
OMIM:615686	0	0	0	15	3
OMIM:615688	1	1	0	64	17
OMIM:615696	0	0	0	6	1
OMIM:615703	0	0	0	17	7
OMIM:615704	0	0	0	21	12
OMIM:615705	0	0	0	20	3
OMIM:615706	0	0	0	12	4
OMIM:615707	0	0	0	13	8
OMIM:615709	0	1	0	10	3
OMIM:615710	0	0	0	20	4
OMIM:615715	0	0	0	10	6
OMIM:615716	0	0	0	28	8
OMIM:615721	0	1	0	7	5
OMIM:615722	0	0	0	30	8
OMIM:615723	0	0	0	9	4
OMIM:615724	0	0	0	7	3
OMIM:615725	0	0	0	8	1
OMIM:615726	0	0	0	12	4
OMIM:615728	0	0	0	4	3
OMIM:615731	1	0	0	15	7
OMIM:615735	0	0	0	5	3
OMIM:615744	0	0	0	34	7
OMIM:615745	1	0	0	14	5
OMIM:615750	0	0	0	16	6
OMIM:615751	0	0	0	30	6
OMIM:615752	0	0	0	8	2
OMIM:615758	1	0	0	25	12
OMIM:615760	0	0	0	25	5
OMIM:615761	0	0	0	40	10
OMIM:615763	0	0	0	18	3
OMIM:615767	0	0	0	15	11
OMIM:615768	0	0	0	17	6
OMIM:615770	1	0	0	8	2
OMIM:615771	0	0	0	17	4
OMIM:615774	0	0	0	4	2
OMIM:615777	0	0	0	56	8
OMIM:615779	1	0	0	9	1
OMIM:615780	0	0	0	9	1
OMIM:615785	0	0	0	4	2
OMIM:615789	0	0	0	34	9
OMIM:615802	1	0	0	59	9
OMIM:615803	0	0	0	48	9
OMIM:615807	0	1	0	11	5
OMIM:615809	0	0	0	36	7
OMIM:615812	0	0	0	14	5
OMIM:615816	0	1	0	47	15
OMIM:615817	0	0	0	22	7
OMIM:615821	1	0	0	17	5
OMIM:615824	0	0	0	32	12
OMIM:615828	0	0	0	31	6
OMIM:615829	1	0	0	192	17
OMIM:615830	0	0	0	19	10
OMIM:615833	0	0	0	13	5
OMIM:615834	0	0	0	47	9
OMIM:615837	0	0	0	5	2
OMIM:615838	0	0	0	48	8
OMIM:615841	0	0	0	8	3
OMIM:615842	0	0	0	9	3
OMIM:615846	1	0	0	67	17
OMIM:615848	0	0	0	5	2
OMIM:615849	0	0	0	55	13
OMIM:615851	0	0	0	39	8
OMIM:615859	0	0	0	34	7
OMIM:615860	0	0	0	9	1
OMIM:615861	0	1	0	5	2
OMIM:615862	0	1	1	13	5
OMIM:615863	0	0	0	11	4
OMIM:615866	0	1	0	42	11
OMIM:615871	0	0	0	16	1
OMIM:615872	1	0	0	12	7
OMIM:615873	1	1	0	117	15
OMIM:615877	0	0	0	27	9
OMIM:615878	0	0	0	9	3
OMIM:615879	1	0	0	39	11
OMIM:615883	0	0	0	16	5
OMIM:615885	0	0	0	13	2
OMIM:615887	0	0	0	6	3
OMIM:615888	0	0	0	9	5
OMIM:615889	0	0	0	29	4
OMIM:615895	1	0	0	41	13
OMIM:615896	0	0	0	8	2
OMIM:615897	0	0	0	18	6
OMIM:615905	0	0	0	21	4
OMIM:615907	0	0	0	9	6
OMIM:615909	0	0	0	7	3
OMIM:615911	0	0	0	21	6
OMIM:615916	1	0	0	12	1
OMIM:615917	1	0	0	24	9
OMIM:615918	0	0	0	16	5
OMIM:615919	0	0	0	24	10
OMIM:615922	0	0	0	11	2
OMIM:615923	0	0	0	13	5
OMIM:615924	0	0	0	21	4
OMIM:615925	0	0	0	7	4
OMIM:615926	0	1	0	28	10
OMIM:615934	0	0	0	41	11
OMIM:615935	0	0	0	12	5
OMIM:615937	0	0	0	12	6
OMIM:615938	0	0	0	14	4
OMIM:615942	0	0	0	16	5
OMIM:615945	0	0	0	14	4
OMIM:615946	0	0	0	3	1
OMIM:615947	0	0	0	17	7
OMIM:615948	1	1	0	49	11
OMIM:615952	0	0	0	28	13
OMIM:615954	0	0	0	15	9
OMIM:615957	0	0	0	16	3
OMIM:615959	1	0	0	22	8
OMIM:615960	0	0	0	20	3
OMIM:615961	0	0	0	5	3
OMIM:615962	0	0	0	14	7
OMIM:615963	0	1	0	5	3
OMIM:615966	0	0	0	28	11
OMIM:615969	0	0	0	2	1
OMIM:615970	0	0	0	2	1
OMIM:615972	0	0	0	7	1
OMIM:615973	0	0	0	13	1
OMIM:615974	0	0	0	3	1
OMIM:615978	0	0	0	7	3
OMIM:615979	0	0	0	20	5
OMIM:615980	0	0	0	22	8
OMIM:615981	1	1	1	41	10
OMIM:615982	0	1	0	16	8
OMIM:615983	0	0	0	23	9
OMIM:615984	0	0	0	14	8
OMIM:615985	1	1	0	12	9
OMIM:615986	0	0	1	25	8
OMIM:615987	0	1	1	11	7
OMIM:615988	0	0	0	7	6
OMIM:615989	0	1	0	15	8
OMIM:615990	0	0	0	8	6
OMIM:615991	0	0	1	8	6
OMIM:615992	0	0	0	1	0
OMIM:615993	0	1	1	22	10
OMIM:615994	1	1	1	30	9
OMIM:615995	0	0	1	9	6
OMIM:615996	1	1	1	29	12
OMIM:615999	0	0	0	6	1
OMIM:616000	0	0	0	14	8
OMIM:616001	0	0	0	13	6
OMIM:616002	0	1	1	8	2
OMIM:616004	0	0	0	2	1
OMIM:616005	0	0	0	28	11
OMIM:616006	1	0	0	21	12
OMIM:616007	0	0	0	69	14
OMIM:616022	0	0	0	9	5
OMIM:616025	0	0	0	20	5
OMIM:616026	0	1	0	18	6
OMIM:616028	1	0	0	22	10
OMIM:616029	0	0	0	15	10
OMIM:616030	0	0	0	14	4
OMIM:616032	0	1	1	8	2
OMIM:616033	0	0	0	23	9
OMIM:616034	0	0	0	48	9
OMIM:616037	1	0	0	19	6
OMIM:616038	0	0	0	29	12
OMIM:616039	0	0	0	11	3
OMIM:616040	0	0	0	19	4
OMIM:616042	0	0	0	5	1
OMIM:616044	0	0	0	5	1
OMIM:616045	0	0	0	15	8
OMIM:616050	0	0	0	29	11
OMIM:616051	1	0	0	23	9
OMIM:616052	0	0	0	13	6
OMIM:616053	0	0	0	17	3
OMIM:616056	0	0	0	16	2
OMIM:616059	1	0	0	3	2
OMIM:616063	0	0	0	5	1
OMIM:616067	0	0	0	7	2
OMIM:616069	0	0	0	16	11
OMIM:616078	0	0	0	59	9
OMIM:616079	0	0	0	9	2
OMIM:616080	0	0	0	7	3
OMIM:616081	0	0	0	22	8
OMIM:616083	0	0	0	18	7
OMIM:616084	1	1	0	29	13
OMIM:616094	0	0	0	13	5
OMIM:616095	0	0	0	11	4
OMIM:616098	0	0	0	10	6
OMIM:616099	0	0	0	9	4
OMIM:616100	0	0	0	25	10
OMIM:616106	0	0	0	3	2
OMIM:616108	0	0	0	17	7
OMIM:616111	0	0	0	17	7
OMIM:616113	0	0	0	21	8
OMIM:616115	0	0	0	5	4
OMIM:616116	0	0	0	28	8
OMIM:616117	1	0	0	14	1
OMIM:616118	0	0	0	5	2
OMIM:616126	0	0	0	13	4
OMIM:616127	0	0	0	33	5
OMIM:616138	0	0	0	16	7
OMIM:616139	0	0	0	24	4
OMIM:616140	0	0	0	27	6
OMIM:616145	1	0	0	50	11
OMIM:616151	0	0	0	7	1
OMIM:616152	0	0	0	9	1
OMIM:616154	0	0	0	22	7
OMIM:616155	0	0	0	19	4
OMIM:616158	0	0	0	30	6
OMIM:616165	0	0	0	22	8
OMIM:616166	1	0	0	13	6
OMIM:616170	0	0	0	12	1
OMIM:616171	0	0	0	32	6
OMIM:616172	0	0	0	12	1
OMIM:616176	0	0	0	9	5
OMIM:616185	0	0	0	8	5
OMIM:616187	0	0	0	12	1
OMIM:616188	0	0	0	13	3
OMIM:616192	0	0	0	20	8
OMIM:616193	1	0	0	9	3
OMIM:616198	1	0	0	22	8
OMIM:616199	0	0	0	18	5
OMIM:616200	0	0	0	25	10
OMIM:616201	1	0	0	15	3
OMIM:616202	1	0	0	40	11
OMIM:616204	0	0	0	23	3
OMIM:616208	0	0	0	5	1
OMIM:616209	0	0	0	14	8
OMIM:616211	0	0	0	50	9
OMIM:616212	0	0	0	32	7
OMIM:616214	0	0	0	3	2
OMIM:616216	0	0	0	9	6
OMIM:616217	0	1	1	12	4
OMIM:616219	0	0	0	4	1
OMIM:616220	0	1	0	6	1
OMIM:616221	0	0	0	6	2
OMIM:616224	0	0	0	14	10
OMIM:616227	0	0	0	10	4
OMIM:616228	0	0	0	26	7
OMIM:616229	0	0	0	26	9
OMIM:616230	0	0	0	21	2
OMIM:616231	0	0	0	8	5
OMIM:616239	0	1	0	42	9
OMIM:616247	1	0	0	13	2
OMIM:616248	0	0	0	8	3
OMIM:616249	1	0	0	17	2
OMIM:616255	0	0	0	3	2
OMIM:616258	0	1	0	24	9
OMIM:616260	0	0	0	42	14
OMIM:616263	0	0	0	47	12
OMIM:616266	0	0	0	41	7
OMIM:616267	0	0	0	19	4
OMIM:616268	1	1	0	112	15
OMIM:616269	0	1	0	33	8
OMIM:616270	0	0	0	6	2
OMIM:616271	0	0	0	56	14
OMIM:616276	1	0	0	65	14
OMIM:616277	1	0	0	27	10
OMIM:616278	0	0	0	16	6
OMIM:616279	0	0	0	2	1
OMIM:616280	0	0	0	14	3
OMIM:616281	0	0	0	27	6
OMIM:616282	0	0	0	12	3
OMIM:616286	0	0	0	19	6
OMIM:616287	0	0	0	20	7
OMIM:616289	0	0	0	9	1
OMIM:616291	0	0	0	21	6
OMIM:616294	0	0	0	33	6
OMIM:616295	0	0	0	19	4
OMIM:616298	1	0	0	16	7
OMIM:616299	0	0	0	26	7
OMIM:616300	0	1	0	48	13
OMIM:616304	0	0	0	9	4
OMIM:616307	0	1	1	18	7
OMIM:616311	0	0	0	11	5
OMIM:616313	0	0	0	27	7
OMIM:616314	0	0	0	10	4
OMIM:616321	0	0	0	15	5
OMIM:616322	0	0	0	16	8
OMIM:616323	0	0	0	14	7
OMIM:616324	0	0	0	16	7
OMIM:616325	0	0	0	33	9
OMIM:616326	0	0	0	25	11
OMIM:616329	0	0	0	13	5
OMIM:616330	0	0	0	15	6
OMIM:616331	1	0	0	73	11
OMIM:616335	0	0	0	10	4
OMIM:616339	0	0	0	23	6
OMIM:616340	0	0	0	3	1
OMIM:616341	0	0	0	13	3
OMIM:616342	0	0	0	26	7
OMIM:616345	0	0	0	4	1
OMIM:616346	0	0	0	22	2
OMIM:616351	0	0	0	26	9
OMIM:616353	0	0	0	18	8
OMIM:616354	0	0	0	53	12
OMIM:616355	0	0	0	31	9
OMIM:616357	0	0	0	5	2
OMIM:616362	0	1	0	37	8
OMIM:616364	1	1	0	138	14
OMIM:616366	0	0	0	15	2
OMIM:616367	1	0	0	26	6
OMIM:616368	1	1	0	44	13
OMIM:616370	0	0	0	16	5
OMIM:616371	0	0	0	11	3
OMIM:616373	0	0	0	9	2
OMIM:616389	0	0	0	6	1
OMIM:616390	0	0	0	10	4
OMIM:616393	0	0	0	29	7
OMIM:616394	0	0	0	8	3
OMIM:616395	0	0	0	37	14
OMIM:616398	0	0	0	14	4
OMIM:616399	0	0	0	7	1
OMIM:616400	0	0	0	2	2
OMIM:616402	0	0	0	9	3
OMIM:616409	0	0	0	20	3
OMIM:616410	0	0	0	9	1
OMIM:616411	0	0	0	10	4
OMIM:616413	0	0	0	14	2
OMIM:616414	0	1	0	17	8
OMIM:616415	0	0	0	12	6
OMIM:616418	0	0	0	14	5
OMIM:616420	0	0	0	39	8
OMIM:616421	0	0	0	17	2
OMIM:616425	0	0	0	14	2
OMIM:616428	0	0	0	7	1
OMIM:616430	0	0	0	27	13
OMIM:616433	0	0	0	25	11
OMIM:616435	0	0	0	13	11
OMIM:616436	0	0	0	3	1
OMIM:616437	0	0	0	19	3
OMIM:616439	0	0	0	20	3
OMIM:616445	0	0	0	7	4
OMIM:616449	1	1	0	49	12
OMIM:616451	0	0	0	12	3
OMIM:616452	0	0	0	8	6
OMIM:616455	0	0	0	25	6
OMIM:616457	0	0	0	25	7
OMIM:616459	1	0	0	24	9
OMIM:616460	0	0	0	6	5
OMIM:616461	0	0	0	8	1
OMIM:616462	1	1	0	104	14
OMIM:616468	0	0	0	23	1
OMIM:616469	0	0	0	14	3
OMIM:616470	0	0	0	15	4
OMIM:616471	0	0	0	19	5
OMIM:616479	0	0	0	46	10
OMIM:616481	1	0	0	15	7
OMIM:616482	0	0	0	49	16
OMIM:616483	1	0	0	13	6
OMIM:616486	0	0	0	25	4
OMIM:616487	0	0	0	8	2
OMIM:616488	0	0	0	18	8
OMIM:616489	0	0	0	28	11
OMIM:616490	0	0	0	10	6
OMIM:616491	0	0	0	15	4
OMIM:616494	0	0	0	17	5
OMIM:616500	1	0	0	5	3
OMIM:616501	1	0	0	16	6
OMIM:616502	0	0	0	7	2
OMIM:616503	0	0	0	36	9
OMIM:616505	0	0	0	42	7
OMIM:616507	0	0	0	25	9
OMIM:616509	0	0	0	4	1
OMIM:616511	0	0	0	6	3
OMIM:616515	0	0	0	8	3
OMIM:616516	0	0	0	15	5
OMIM:616517	0	0	0	9	2
OMIM:616521	0	0	0	29	8
OMIM:616531	0	1	0	18	7
OMIM:616532	0	0	0	7	3
OMIM:616534	0	0	0	6	4
OMIM:616535	0	0	0	2	2
OMIM:616538	0	0	0	27	6
OMIM:616539	1	0	0	42	14
OMIM:616540	0	0	0	20	4
OMIM:616541	1	1	0	57	15
OMIM:616544	0	0	0	21	1
OMIM:616546	1	1	0	35	13
OMIM:616549	1	0	0	25	10
OMIM:616553	0	0	0	15	8
OMIM:616559	1	0	0	18	9
OMIM:616562	0	1	0	14	5
OMIM:616564	1	0	0	42	14
OMIM:616566	0	0	0	6	1
OMIM:616570	0	0	0	19	10
OMIM:616576	0	0	0	18	9
OMIM:616577	0	0	0	31	9
OMIM:616579	0	0	0	44	9
OMIM:616580	0	1	1	71	13
OMIM:616583	0	0	0	17	6
OMIM:616586	0	0	0	28	10
OMIM:616589	1	1	0	17	8
OMIM:616592	0	0	0	26	8
OMIM:616602	0	0	0	26	6
OMIM:616603	0	1	0	35	11
OMIM:616617	0	0	0	8	6
OMIM:616622	0	0	0	10	6
OMIM:616625	0	0	0	12	3
OMIM:616629	0	1	1	18	10
OMIM:616631	0	0	0	5	1
OMIM:616632	0	0	0	14	6
OMIM:616636	0	0	0	13	5
OMIM:616638	0	0	0	43	13
OMIM:616640	0	0	0	21	4
OMIM:616645	0	0	0	16	3
OMIM:616647	1	0	0	19	7
OMIM:616649	0	0	0	9	6
OMIM:616651	1	0	0	40	14
OMIM:616654	0	0	0	19	4
OMIM:616657	0	0	0	26	4
OMIM:616668	0	0	0	27	3
OMIM:616669	0	0	0	2	1
OMIM:616672	0	0	0	36	9
OMIM:616680	0	0	0	32	4
OMIM:616681	0	0	0	23	8
OMIM:616682	1	0	0	43	13
OMIM:616683	0	0	0	27	8
OMIM:616684	0	0	0	17	5
OMIM:616685	0	0	0	10	1
OMIM:616687	0	0	0	17	4
OMIM:616688	0	0	0	40	6
OMIM:616689	0	0	0	16	6
OMIM:616697	0	0	0	2	1
OMIM:616705	0	0	0	2	1
OMIM:616707	0	0	0	2	1
OMIM:616708	0	0	0	39	8
OMIM:616710	0	0	0	16	4
OMIM:616716	0	0	0	32	9
OMIM:616719	0	0	0	26	6
OMIM:616720	0	0	0	29	10
OMIM:616721	0	0	0	24	7
OMIM:616722	0	0	0	6	1
OMIM:616723	0	0	0	40	8
OMIM:616724	0	0	0	3	1
OMIM:616726	0	0	0	11	4
OMIM:616728	0	0	0	40	10
OMIM:616730	1	1	1	28	8
OMIM:616732	0	0	0	13	2
OMIM:616733	1	1	0	25	12
OMIM:616734	0	0	0	54	10
OMIM:616736	0	0	0	14	1
OMIM:616737	1	1	0	66	13
OMIM:616738	0	0	0	15	12
OMIM:616739	0	0	0	8	3
OMIM:616740	0	0	0	13	12
OMIM:616744	0	0	0	19	10
OMIM:616749	1	0	0	22	6
OMIM:616754	0	0	0	1	0
OMIM:616756	0	0	0	29	7
OMIM:616760	0	0	0	7	2
OMIM:616763	0	0	0	13	4
OMIM:616777	1	0	0	30	12
OMIM:616779	0	0	0	17	2
OMIM:616780	0	0	0	4	1
OMIM:616781	0	0	0	9	3
OMIM:616784	0	0	0	18	9
OMIM:616788	0	0	0	23	9
OMIM:616789	1	0	0	36	9
OMIM:616794	0	0	0	19	9
OMIM:616795	0	0	0	23	6
OMIM:616801	0	0	0	51	8
OMIM:616803	0	0	0	28	6
OMIM:616806	0	0	0	5	2
OMIM:616809	0	1	0	45	14
OMIM:616811	0	0	0	26	7
OMIM:616812	0	0	0	21	6
OMIM:616814	0	0	0	2	1
OMIM:616816	1	0	0	18	8
OMIM:616817	0	1	0	46	11
OMIM:616818	0	1	1	9	3
OMIM:616819	0	0	0	23	7
OMIM:616827	1	0	0	15	6
OMIM:616828	0	0	0	25	9
OMIM:616829	0	0	0	23	4
OMIM:616831	0	0	0	34	9
OMIM:616833	1	1	0	9	5
OMIM:616834	0	0	0	20	10
OMIM:616835	0	0	0	44	12
OMIM:616839	0	0	0	3	2
OMIM:616840	0	0	0	31	6
OMIM:616843	1	0	0	32	14
OMIM:616849	0	0	0	12	3
OMIM:616851	0	0	0	2	1
OMIM:616852	0	0	0	22	5
OMIM:616854	1	1	0	31	13
OMIM:616858	0	0	0	11	9
OMIM:616859	0	0	0	22	5
OMIM:616860	0	0	0	16	7
OMIM:616863	0	0	0	25	8
OMIM:616866	1	0	0	33	9
OMIM:616867	1	0	0	25	6
OMIM:616868	0	0	0	15	5
OMIM:616871	0	0	0	14	5
OMIM:616873	0	0	0	16	6
OMIM:616875	0	0	0	37	8
OMIM:616878	1	0	0	61	10
OMIM:616881	0	0	0	25	6
OMIM:616882	0	0	0	3	1
OMIM:616887	0	0	0	6	1
OMIM:616890	0	0	0	8	3
OMIM:616892	0	1	1	7	2
OMIM:616893	0	1	1	4	1
OMIM:616894	1	0	0	53	11
OMIM:616896	1	0	0	22	11
OMIM:616897	1	1	0	49	13
OMIM:616900	0	1	0	118	14
OMIM:616901	1	1	0	29	11
OMIM:616903	0	0	0	1	0
OMIM:616907	0	0	0	32	6
OMIM:616910	0	0	0	24	12
OMIM:616911	0	0	0	12	7
OMIM:616913	0	0	0	5	5
OMIM:616914	1	0	0	50	12
OMIM:616917	0	0	0	18	4
OMIM:616920	1	0	0	40	10
OMIM:616921	0	0	0	16	4
OMIM:616922	0	0	0	7	1
OMIM:616924	0	0	0	26	5
OMIM:616937	0	0	0	10	4
OMIM:616938	1	0	0	32	10
OMIM:616939	0	0	0	7	1
OMIM:616941	0	0	0	7	5
OMIM:616943	0	0	0	27	9
OMIM:616944	0	0	0	13	4
OMIM:616946	0	0	0	5	3
OMIM:616947	0	0	0	4	2
OMIM:616948	0	0	0	15	3
OMIM:616949	0	0	0	11	7
OMIM:616950	0	0	0	8	2
OMIM:616954	0	0	0	28	7
OMIM:616959	0	0	0	26	5
OMIM:616963	0	1	0	10	4
OMIM:616968	0	0	0	6	1
OMIM:616969	0	0	0	6	1
OMIM:616973	0	1	0	82	12
OMIM:616974	1	0	0	29	9
OMIM:616975	1	1	0	90	14
OMIM:616977	0	0	0	122	16
OMIM:616981	0	0	0	24	3
OMIM:616994	0	0	0	11	4
OMIM:617004	0	0	0	4	1
OMIM:617006	0	1	0	12	7
OMIM:617008	0	0	0	20	5
OMIM:617011	0	0	0	43	8
OMIM:617013	0	0	0	45	6
OMIM:617014	0	0	0	7	2
OMIM:617017	0	0	0	14	3
OMIM:617018	0	0	0	22	5
OMIM:617020	0	0	0	20	7
OMIM:617021	1	0	0	30	9
OMIM:617022	1	0	0	32	13
OMIM:617023	0	0	0	10	3
OMIM:617024	0	0	0	8	2
OMIM:617025	0	0	0	2	1
OMIM:617026	0	0	0	23	4
OMIM:617027	0	0	0	7	2
OMIM:617028	0	0	0	7	1
OMIM:617030	0	0	0	12	5
OMIM:617035	0	0	0	4	3
OMIM:617039	0	0	0	2	1
OMIM:617041	0	0	0	6	3
OMIM:617044	1	0	0	19	6
OMIM:617046	0	0	0	10	3
OMIM:617047	1	0	0	19	3
OMIM:617049	0	0	0	20	7
OMIM:617050	0	0	0	28	11
OMIM:617051	0	0	0	15	4
OMIM:617052	0	0	0	59	15
OMIM:617053	0	0	0	44	14
OMIM:617054	0	0	0	19	6
OMIM:617055	0	0	0	16	8
OMIM:617056	0	1	1	48	13
OMIM:617061	1	0	0	69	11
OMIM:617062	1	0	0	48	15
OMIM:617063	1	0	0	52	14
OMIM:617065	0	0	0	22	6
OMIM:617066	0	0	0	25	7
OMIM:617068	0	0	0	6	4
OMIM:617069	0	0	0	16	8
OMIM:617070	0	0	0	22	8
OMIM:617072	0	0	0	20	5
OMIM:617073	0	0	0	6	2
OMIM:617075	0	0	0	2	3
OMIM:617080	0	0	0	6	1
OMIM:617082	0	0	0	19	10
OMIM:617086	0	0	0	25	6
OMIM:617087	0	0	0	21	6
OMIM:617088	1	1	0	34	13
OMIM:617090	0	1	0	29	8
OMIM:617091	0	0	0	11	5
OMIM:617092	1	0	0	13	8
OMIM:617093	0	1	0	37	10
OMIM:617099	0	0	0	21	10
OMIM:617100	0	1	0	12	6
OMIM:617101	0	0	0	32	7
OMIM:617102	0	0	0	34	9
OMIM:617105	0	1	0	35	5
OMIM:617106	0	0	0	24	3
OMIM:617107	1	1	0	39	14
OMIM:617108	0	0	0	2	2
OMIM:617111	0	0	0	6	1
OMIM:617113	0	0	0	18	2
OMIM:617114	0	0	0	36	9
OMIM:617115	0	0	0	5	1
OMIM:617116	0	0	0	4	1
OMIM:617118	0	0	0	5	1
OMIM:617119	0	0	0	14	8
OMIM:617120	0	1	0	17	6
OMIM:617121	0	0	0	21	5
OMIM:617123	0	0	0	10	1
OMIM:617125	0	0	0	2	1
OMIM:617126	0	0	0	26	7
OMIM:617127	0	1	0	17	7
OMIM:617132	0	0	0	26	5
OMIM:617133	0	0	0	11	3
OMIM:617137	1	0	0	57	14
OMIM:617140	1	1	0	84	13
OMIM:617141	0	0	0	8	1
OMIM:617142	0	0	0	7	1
OMIM:617143	0	0	0	27	8
OMIM:617145	0	0	0	23	6
OMIM:617146	0	0	0	35	8
OMIM:617153	0	0	0	11	3
OMIM:617156	0	0	0	28	11
OMIM:617157	0	1	0	65	13
OMIM:617158	0	0	0	14	5
OMIM:617159	1	0	1	40	11
OMIM:617162	0	0	0	21	8
OMIM:617164	1	0	0	46	10
OMIM:617166	0	0	0	29	6
OMIM:617168	1	0	0	25	7
OMIM:617169	0	0	0	19	4
OMIM:617171	0	0	0	18	3
OMIM:617173	0	0	0	13	5
OMIM:617174	0	0	0	19	10
OMIM:617175	0	0	0	10	5
OMIM:617180	0	0	0	39	12
OMIM:617182	1	0	0	18	6
OMIM:617183	1	0	0	38	8
OMIM:617184	1	0	0	17	7
OMIM:617186	0	0	0	42	9
OMIM:617187	0	0	0	5	1
OMIM:617188	0	0	0	19	3
OMIM:617190	1	1	0	46	13
OMIM:617193	0	0	0	58	11
OMIM:617194	0	0	0	15	6
OMIM:617201	1	0	0	57	10
OMIM:617205	1	0	0	14	4
OMIM:617207	0	0	0	24	5
OMIM:617213	0	0	0	2	2
OMIM:617214	0	0	0	3	1
OMIM:617217	0	0	0	4	2
OMIM:617222	1	0	0	12	5
OMIM:617223	1	0	0	4	2
OMIM:617225	0	0	0	30	5
OMIM:617228	1	0	0	24	8
OMIM:617232	0	0	0	15	5
OMIM:617234	0	0	0	3	2
OMIM:617235	0	0	0	24	6
OMIM:617236	0	0	0	11	3
OMIM:617237	0	0	0	32	13
OMIM:617238	0	0	0	4	1
OMIM:617239	0	0	0	19	9
OMIM:617241	0	0	0	21	14
OMIM:617243	0	0	0	10	8
OMIM:617244	0	1	0	20	12
OMIM:617247	0	1	0	13	9
OMIM:617248	0	0	0	36	14
OMIM:617251	0	0	0	5	2
OMIM:617252	0	0	0	6	1
OMIM:617253	1	0	0	28	14
OMIM:617255	0	0	0	31	6
OMIM:617258	0	0	0	48	13
OMIM:617260	0	1	0	43	13
OMIM:617268	0	0	0	40	7
OMIM:617270	0	0	0	18	3
OMIM:617271	0	1	1	10	2
OMIM:617272	0	0	0	6	2
OMIM:617275	0	0	0	4	1
OMIM:617276	0	0	0	28	6
OMIM:617280	0	0	0	8	1
OMIM:617281	0	0	0	42	6
OMIM:617282	0	0	0	36	6
OMIM:617284	0	0	0	29	6
OMIM:617290	0	0	0	30	7
OMIM:617294	0	0	0	11	3
OMIM:617296	0	0	0	36	7
OMIM:617300	1	0	0	17	7
OMIM:617301	0	0	0	35	10
OMIM:617302	0	0	0	48	11
OMIM:617303	1	1	0	67	14
OMIM:617304	0	0	0	13	2
OMIM:617306	0	0	0	23	8
OMIM:617315	0	0	0	6	1
OMIM:617319	0	0	0	14	2
OMIM:617320	0	0	0	2	1
OMIM:617321	1	1	0	21	12
OMIM:617323	0	0	0	4	1
OMIM:617330	0	0	0	70	12
OMIM:617336	1	0	0	20	8
OMIM:617337	0	0	0	18	5
OMIM:617339	0	0	0	37	7
OMIM:617341	0	0	0	19	9
OMIM:617343	0	1	0	7	5
OMIM:617349	0	0	0	6	1
OMIM:617350	0	0	0	16	2
OMIM:617360	1	0	0	67	12
OMIM:617364	1	0	0	29	8
OMIM:617370	0	1	0	16	7
OMIM:617383	0	0	0	5	3
OMIM:617384	0	0	0	15	4
OMIM:617388	0	0	0	26	16
OMIM:617389	0	0	0	22	5
OMIM:617391	0	0	0	19	3
OMIM:617392	0	0	0	12	3
OMIM:617393	0	0	0	28	6
OMIM:617394	0	0	0	24	8
OMIM:617395	0	0	0	14	5
OMIM:617396	0	0	0	29	5
OMIM:617397	1	1	0	29	12
OMIM:617402	1	1	0	65	13
OMIM:617403	1	0	0	47	11
OMIM:617404	0	0	0	27	7
OMIM:617405	0	0	0	13	3
OMIM:617406	0	1	0	19	8
OMIM:617408	1	0	0	5	2
OMIM:617409	0	0	0	3	2
OMIM:617412	0	0	0	29	8
OMIM:617425	0	1	0	92	17
OMIM:617432	0	0	0	10	5
OMIM:617433	0	0	0	8	1
OMIM:617435	0	0	0	33	5
OMIM:617439	0	0	0	4	3
OMIM:617441	0	0	0	7	4
OMIM:617442	0	0	0	7	3
OMIM:617443	0	0	0	12	4
OMIM:617450	1	0	0	35	12
OMIM:617452	1	0	0	50	10
OMIM:617460	0	0	0	12	3
OMIM:617466	0	1	0	12	5
OMIM:617468	0	0	0	31	8
OMIM:617475	0	0	0	34	13
OMIM:617478	1	1	1	25	10
OMIM:617480	0	0	0	10	1
OMIM:617481	0	0	0	31	7
OMIM:617493	0	0	0	30	4
OMIM:617506	1	0	0	82	14
OMIM:617507	0	0	0	32	7
OMIM:617514	0	0	0	27	8
OMIM:617516	1	1	0	89	16
OMIM:617519	0	0	0	45	10
OMIM:617520	0	0	0	4	3
OMIM:617523	0	0	0	28	8
OMIM:617524	0	0	0	6	3
OMIM:617525	0	0	0	9	3
OMIM:617526	0	0	0	7	3
OMIM:617527	0	0	0	67	13
OMIM:617532	0	0	0	15	5
OMIM:617537	0	0	0	26	8
OMIM:617540	0	0	0	4	3
OMIM:617542	0	0	0	23	3
OMIM:617547	0	0	0	16	4
OMIM:617557	1	1	0	55	12
OMIM:617560	0	0	0	45	5
OMIM:617561	0	0	0	47	12
OMIM:617562	0	1	0	12	5
OMIM:617563	0	0	0	23	9
OMIM:617564	0	1	0	12	5
OMIM:617565	0	0	0	8	2
OMIM:617571	0	0	0	8	2
OMIM:617572	0	0	0	8	1
OMIM:617574	0	0	0	7	3
OMIM:617575	0	1	1	36	11
OMIM:617576	0	0	0	8	1
OMIM:617577	1	0	0	13	6
OMIM:617584	0	0	0	13	2
OMIM:617585	0	0	0	12	10
OMIM:617591	0	0	0	26	14
OMIM:617592	0	0	0	7	1
OMIM:617593	0	0	0	6	1
OMIM:617595	0	1	1	44	14
OMIM:617596	0	0	0	2	1
OMIM:617598	0	1	0	19	11
OMIM:617599	0	0	0	25	7
OMIM:617600	0	0	0	35	8
OMIM:617601	0	0	0	17	4
OMIM:617602	1	0	0	47	11
OMIM:617604	0	0	0	22	6
OMIM:617605	0	0	0	4	1
OMIM:617606	0	0	0	5	1
OMIM:617607	0	0	0	4	2
OMIM:617609	0	1	1	7	3
OMIM:617610	0	1	1	12	4
OMIM:617613	0	0	0	19	7
OMIM:617616	1	0	0	65	12
OMIM:617622	0	0	0	32	7
OMIM:617626	0	0	0	5	3
OMIM:617629	0	0	0	7	1
OMIM:617633	0	0	0	21	4
OMIM:617635	1	0	0	29	12
OMIM:617637	0	0	0	2	1
OMIM:617638	0	0	0	14	7
OMIM:617641	1	1	1	43	11
OMIM:617642	0	0	0	6	2
OMIM:617643	0	0	0	9	2
OMIM:617644	0	0	0	5	1
OMIM:617654	0	0	0	5	3
OMIM:617660	1	1	0	24	10
OMIM:617661	1	1	1	21	10
OMIM:617662	0	0	0	17	7
OMIM:617663	0	0	0	4	1
OMIM:617664	0	1	0	36	7
OMIM:617665	0	0	0	21	2
OMIM:617666	0	1	0	28	13
OMIM:617667	0	1	0	23	10
OMIM:617668	0	0	0	30	6
OMIM:617669	0	0	0	30	7
OMIM:617671	0	1	1	16	7
OMIM:617672	0	0	0	30	5
OMIM:617675	0	0	0	43	13
OMIM:617681	0	0	0	14	5
OMIM:617682	0	0	0	22	7
OMIM:617686	0	0	0	9	5
OMIM:617690	0	0	0	10	5
OMIM:617691	0	0	0	16	5
OMIM:617694	1	0	0	56	10
OMIM:617695	0	0	0	42	10
OMIM:617698	0	0	0	36	10
OMIM:617706	0	0	0	5	1
OMIM:617707	0	0	0	4	1
OMIM:617709	0	0	0	11	5
OMIM:617710	1	0	0	44	10
OMIM:617711	0	0	0	37	9
OMIM:617712	0	0	0	3	1
OMIM:617713	1	0	0	31	13
OMIM:617717	0	0	0	8	2
OMIM:617718	0	0	0	25	12
OMIM:617719	0	0	0	11	3
OMIM:617721	0	0	0	13	3
OMIM:617729	0	1	1	50	12
OMIM:617730	0	1	1	29	11
OMIM:617731	0	1	1	23	7
OMIM:617732	0	0	0	10	6
OMIM:617743	0	0	0	4	1
OMIM:617744	1	0	0	27	12
OMIM:617746	1	0	0	51	12
OMIM:617751	1	0	0	49	12
OMIM:617752	0	0	0	38	7
OMIM:617755	0	0	0	28	7
OMIM:617756	0	0	0	9	4
OMIM:617757	1	0	0	22	7
OMIM:617760	0	0	0	23	4
OMIM:617761	0	0	0	12	3
OMIM:617762	0	0	0	26	8
OMIM:617763	0	0	0	43	10
OMIM:617765	0	0	0	11	9
OMIM:617767	0	0	0	12	9
OMIM:617768	0	0	0	20	5
OMIM:617769	0	0	0	8	2
OMIM:617770	0	0	0	13	2
OMIM:617771	0	0	0	18	3
OMIM:617772	0	0	0	11	9
OMIM:617773	0	0	0	50	7
OMIM:617780	0	0	0	25	11
OMIM:617781	0	0	0	12	5
OMIM:617783	0	1	0	6	3
OMIM:617784	0	1	0	18	12
OMIM:617787	0	0	0	10	2
OMIM:617788	0	0	0	36	11
OMIM:617796	0	0	0	59	13
OMIM:617798	1	1	0	45	11
OMIM:617799	0	0	0	64	13
OMIM:617800	0	0	0	15	5
OMIM:617802	0	0	0	43	12
OMIM:617804	0	0	0	58	9
OMIM:617805	0	1	0	10	1
OMIM:617807	0	0	0	43	8
OMIM:617808	1	0	0	147	15
OMIM:617809	0	0	0	31	12
OMIM:617810	0	0	0	29	4
OMIM:617816	0	0	0	8	2
OMIM:617820	0	0	0	25	6
OMIM:617821	0	0	0	22	9
OMIM:617822	1	0	0	52	10
OMIM:617825	0	0	0	4	2
OMIM:617827	0	0	0	18	10
OMIM:617829	0	0	0	19	5
OMIM:617830	0	0	0	19	5
OMIM:617831	0	0	0	19	1
OMIM:617836	0	0	0	18	3
OMIM:617839	0	0	0	7	2
OMIM:617854	0	0	0	42	6
OMIM:617862	0	0	0	29	6
OMIM:617863	0	0	0	9	1
OMIM:617864	0	0	0	32	7
OMIM:617865	0	0	0	45	8
OMIM:617866	0	1	0	28	8
OMIM:617871	0	0	0	8	2
OMIM:617872	0	0	0	19	7
OMIM:617873	0	0	0	22	7
OMIM:617874	0	1	0	3	2
OMIM:617875	0	1	0	4	2
OMIM:617877	1	0	0	40	8
OMIM:617879	0	0	0	11	3
OMIM:617882	0	0	0	30	6
OMIM:617883	0	0	0	32	13
OMIM:617885	0	0	0	13	5
OMIM:617892	0	0	0	14	4
OMIM:617895	1	0	0	28	9
OMIM:617898	0	0	0	7	3
OMIM:617899	0	0	0	15	8
OMIM:617900	0	0	0	13	2
OMIM:617903	0	0	0	24	5
OMIM:617904	0	0	0	21	3
OMIM:617907	0	0	0	5	2
OMIM:617911	0	0	0	4	1
OMIM:617912	1	0	0	12	1
OMIM:617913	0	1	0	38	12
OMIM:617914	0	1	0	31	6
OMIM:617915	0	0	0	19	5
OMIM:617916	0	0	0	26	6
OMIM:617917	0	0	0	16	3
OMIM:617920	0	0	0	9	1
OMIM:617921	0	0	0	5	1
OMIM:617924	0	0	0	9	1
OMIM:617925	1	0	0	44	12
OMIM:617926	1	1	0	24	9
OMIM:617927	0	0	0	22	7
OMIM:617928	0	0	0	5	1
OMIM:617933	0	0	0	19	5
OMIM:617935	0	0	0	16	3
OMIM:617936	0	0	0	2	1
OMIM:617938	0	0	0	20	6
OMIM:617941	0	0	0	30	11
OMIM:617948	0	0	0	6	3
OMIM:617950	0	0	0	22	11
OMIM:617951	0	0	0	38	7
OMIM:617952	0	0	0	20	7
OMIM:617954	0	0	0	27	8
OMIM:617959	0	0	0	6	1
OMIM:617960	0	0	0	7	1
OMIM:617961	0	0	0	4	1
OMIM:617964	0	0	0	38	5
OMIM:617965	0	0	0	8	1
OMIM:617967	0	0	0	13	5
OMIM:617970	0	0	0	7	2
OMIM:617971	0	0	0	3	2
OMIM:617973	0	0	0	4	2
OMIM:617974	0	0	0	13	5
OMIM:617976	0	0	0	34	10
OMIM:617977	0	0	0	25	5
OMIM:617980	0	0	0	4	1
OMIM:617981	0	0	0	4	1
OMIM:617982	1	0	0	36	11
OMIM:617983	0	0	0	9	4
OMIM:617984	0	0	0	8	5
OMIM:617985	0	0	0	6	4
OMIM:617988	0	0	0	139	13
OMIM:617991	0	0	0	39	12
OMIM:617992	1	0	0	8	4
OMIM:617993	0	1	0	5	5
OMIM:617994	0	1	0	16	8
OMIM:617996	0	0	0	4	1
OMIM:618000	1	0	0	65	14
OMIM:618003	0	0	0	8	2
OMIM:618004	0	0	0	45	7
OMIM:618005	1	1	0	34	16
OMIM:618006	0	0	0	27	6
OMIM:618008	0	0	0	16	4
OMIM:618009	0	0	0	20	6
OMIM:618010	0	0	0	25	9
OMIM:618011	0	0	0	23	7
OMIM:618012	0	0	0	29	4
OMIM:618013	0	0	0	4	1
OMIM:618014	0	0	0	6	3
OMIM:618015	0	0	0	5	3
OMIM:618019	0	0	0	47	10
OMIM:618021	1	0	0	16	9
OMIM:618022	0	0	0	12	3
OMIM:618027	1	0	0	54	12
OMIM:618031	0	0	0	3	1
OMIM:618036	0	0	0	14	3
OMIM:618042	0	0	0	11	7
OMIM:618048	0	0	0	31	12
OMIM:618049	0	0	0	31	9
OMIM:618050	0	0	0	53	14
OMIM:618052	1	0	0	88	15
OMIM:618056	0	0	0	34	7
OMIM:618057	0	0	0	2	1
OMIM:618060	0	1	0	28	5
OMIM:618061	0	1	1	10	4
OMIM:618063	1	0	0	15	7
OMIM:618065	0	0	0	47	12
OMIM:618067	1	0	0	48	10
OMIM:618074	0	0	0	3	1
OMIM:618075	0	0	0	4	1
OMIM:618076	1	0	0	69	13
OMIM:618077	0	0	0	4	2
OMIM:618078	0	0	0	6	2
OMIM:618084	0	0	0	8	2
OMIM:618086	0	0	0	8	3
OMIM:618087	0	0	0	37	7
OMIM:618088	0	0	0	29	5
OMIM:618089	1	0	0	123	14
OMIM:618090	0	0	0	25	3
OMIM:618091	0	0	0	5	1
OMIM:618092	0	0	0	31	9
OMIM:618093	0	0	0	23	5
OMIM:618094	0	0	0	4	1
OMIM:618095	0	0	0	10	2
OMIM:618096	0	0	0	7	3
OMIM:618097	1	0	0	15	10
OMIM:618098	0	0	0	20	8
OMIM:618103	0	0	0	14	4
OMIM:618106	0	0	0	41	11
OMIM:618107	0	0	0	14	8
OMIM:618108	0	0	0	17	8
OMIM:618109	1	0	0	37	10
OMIM:618110	0	0	0	7	1
OMIM:618112	0	0	0	3	1
OMIM:618113	0	0	0	5	1
OMIM:618114	0	0	0	8	3
OMIM:618115	0	0	0	5	1
OMIM:618116	0	0	0	17	12
OMIM:618117	0	0	0	9	5
OMIM:618120	1	0	0	23	9
OMIM:618123	0	0	0	6	4
OMIM:618124	0	0	0	34	7
OMIM:618126	0	0	0	6	3
OMIM:618129	0	0	0	20	5
OMIM:618131	0	0	0	42	16
OMIM:618135	0	0	0	12	4
OMIM:618138	0	0	0	28	4
OMIM:618140	0	0	0	4	1
OMIM:618141	0	0	0	22	1
OMIM:618142	1	1	0	35	10
OMIM:618143	1	0	0	64	12
OMIM:618144	0	0	0	11	2
OMIM:618145	0	0	0	4	1
OMIM:618147	0	0	0	26	7
OMIM:618148	0	0	0	5	2
OMIM:618149	1	0	0	9	6
OMIM:618150	0	0	0	42	11
OMIM:618152	0	0	0	8	1
OMIM:618153	0	0	0	9	1
OMIM:618154	0	0	0	15	9
OMIM:618155	0	0	0	14	4
OMIM:618156	1	0	0	37	12
OMIM:618157	0	0	0	7	4
OMIM:618158	0	0	0	24	7
OMIM:618160	0	0	0	11	5
OMIM:618161	0	1	0	26	10
OMIM:618162	1	0	0	39	15
OMIM:618164	1	0	0	74	15
OMIM:618165	0	0	0	21	12
OMIM:618167	0	0	0	22	5
OMIM:618168	0	0	0	4	2
OMIM:618170	0	0	0	29	7
OMIM:618173	0	0	0	12	2
OMIM:618174	0	0	0	33	7
OMIM:618175	0	0	0	36	11
OMIM:618176	0	1	1	10	3
OMIM:618177	0	1	1	8	2
OMIM:618178	0	1	1	7	2
OMIM:618179	0	0	0	6	4
OMIM:618180	0	0	0	10	3
OMIM:618182	0	0	0	7	5
OMIM:618183	1	1	0	28	14
OMIM:618184	0	0	0	26	6
OMIM:618185	0	0	0	9	2
OMIM:618186	0	0	0	43	10
OMIM:618187	0	0	0	10	5
OMIM:618188	0	1	0	44	14
OMIM:618189	1	0	0	11	4
OMIM:618193	0	0	0	24	3
OMIM:618195	0	0	0	13	3
OMIM:618196	0	0	0	6	3
OMIM:618197	0	0	0	19	5
OMIM:618198	0	0	0	20	7
OMIM:618201	0	0	0	17	5
OMIM:618204	0	0	0	11	7
OMIM:618205	1	0	0	46	8
OMIM:618213	0	0	0	27	11
OMIM:618218	0	0	0	32	6
OMIM:618219	0	0	0	3	2
OMIM:618220	0	0	0	10	2
OMIM:618221	0	0	0	14	3
OMIM:618222	1	0	0	31	10
OMIM:618223	1	0	0	40	13
OMIM:618224	0	0	0	19	5
OMIM:618225	0	0	0	26	8
OMIM:618226	0	0	0	42	9
OMIM:618228	1	0	0	32	9
OMIM:618229	1	0	0	18	9
OMIM:618230	0	0	0	17	9
OMIM:618231	0	0	0	4	3
OMIM:618232	0	0	0	13	7
OMIM:618233	0	0	0	25	7
OMIM:618234	1	0	0	22	8
OMIM:618235	1	0	0	31	9
OMIM:618236	1	0	0	17	8
OMIM:618237	1	0	0	25	8
OMIM:618238	0	0	0	24	8
OMIM:618239	0	0	0	26	7
OMIM:618240	0	1	0	20	9
OMIM:618241	1	0	0	28	9
OMIM:618242	0	0	0	22	6
OMIM:618243	1	0	0	14	8
OMIM:618244	0	0	0	15	6
OMIM:618245	0	0	0	6	3
OMIM:618246	0	0	0	13	7
OMIM:618247	0	0	0	21	10
OMIM:618248	0	0	0	11	6
OMIM:618249	0	0	0	26	8
OMIM:618250	1	0	1	26	10
OMIM:618251	0	0	0	19	11
OMIM:618252	0	0	0	18	8
OMIM:618253	0	0	0	43	13
OMIM:618254	1	0	0	11	4
OMIM:618257	0	0	0	3	1
OMIM:618261	0	0	0	11	7
OMIM:618264	0	0	0	2	1
OMIM:618265	0	1	0	22	8
OMIM:618266	0	0	0	17	5
OMIM:618267	0	0	0	9	3
OMIM:618268	1	0	0	82	15
OMIM:618270	0	1	0	12	1
OMIM:618272	0	1	0	23	10
OMIM:618273	0	0	0	19	4
OMIM:618275	0	0	0	7	2
OMIM:618276	0	0	0	34	8
OMIM:618279	0	0	0	23	3
OMIM:618280	1	1	0	39	10
OMIM:618282	1	0	0	31	11
OMIM:618283	0	0	0	7	1
OMIM:618284	0	0	0	18	5
OMIM:618285	0	0	0	21	4
OMIM:618286	0	0	0	25	5
OMIM:618287	0	0	0	5	4
OMIM:618291	0	0	0	42	11
OMIM:618292	0	0	0	22	5
OMIM:618295	0	0	0	23	8
OMIM:618298	0	0	0	23	7
OMIM:618300	1	0	0	21	7
OMIM:618302	0	0	0	21	7
OMIM:618307	0	0	0	8	7
OMIM:618309	0	0	0	7	5
OMIM:618310	0	0	0	5	2
OMIM:618313	0	0	0	5	5
OMIM:618314	0	1	0	16	3
OMIM:618316	1	0	0	60	13
OMIM:618317	0	0	0	26	4
OMIM:618321	1	0	0	46	11
OMIM:618323	0	0	0	25	6
OMIM:618324	0	0	0	25	8
OMIM:618325	1	0	0	38	8
OMIM:618328	0	0	0	12	3
OMIM:618329	1	0	0	40	12
OMIM:618330	1	0	0	27	9
OMIM:618331	0	0	0	16	5
OMIM:618332	0	0	0	64	11
OMIM:618333	0	0	0	29	9
OMIM:618336	0	0	0	38	14
OMIM:618339	0	0	0	13	4
OMIM:618341	0	0	0	7	1
OMIM:618342	0	0	0	50	8
OMIM:618343	0	0	0	43	9
OMIM:618345	0	0	0	4	1
OMIM:618346	0	0	0	26	6
OMIM:618347	0	1	0	34	8
OMIM:618348	1	1	1	38	10
OMIM:618349	0	1	1	24	7
OMIM:618351	0	0	0	10	4
OMIM:618353	0	0	0	3	2
OMIM:618354	1	0	0	42	8
OMIM:618356	0	0	0	37	10
OMIM:618357	0	0	0	15	2
OMIM:618358	0	0	0	4	3
OMIM:618360	0	0	0	12	3
OMIM:618362	0	0	0	29	9
OMIM:618363	0	0	0	38	7
OMIM:618364	0	0	0	7	1
OMIM:618367	0	0	0	34	10
OMIM:618369	0	0	0	25	6
OMIM:618371	1	0	0	82	12
OMIM:618372	0	0	0	9	3
OMIM:618373	0	0	0	15	7
OMIM:618374	0	0	0	20	4
OMIM:618378	1	0	0	22	10
OMIM:618379	0	0	0	26	7
OMIM:618381	0	0	0	38	8
OMIM:618383	0	0	0	15	3
OMIM:618384	0	0	0	18	4
OMIM:618386	0	0	0	5	2
OMIM:618387	0	0	0	23	4
OMIM:618388	0	0	0	18	9
OMIM:618389	0	0	0	9	5
OMIM:618392	0	0	0	20	9
OMIM:618393	0	0	0	24	6
OMIM:618394	0	0	0	19	7
OMIM:618395	0	0	0	26	5
OMIM:618396	0	0	0	20	3
OMIM:618397	0	0	0	38	12
OMIM:618398	0	0	0	18	8
OMIM:618400	0	0	0	20	5
OMIM:618402	0	0	0	18	6
OMIM:618404	0	0	0	28	6
OMIM:618406	0	0	0	7	5
OMIM:618410	0	0	0	4	1
OMIM:618412	0	0	0	9	2
OMIM:618414	0	0	0	30	8
OMIM:618415	0	0	0	8	1
OMIM:618416	0	0	0	27	5
OMIM:618418	0	0	0	20	5
OMIM:618419	0	1	0	49	13
OMIM:618420	0	0	0	4	1
OMIM:618422	0	0	0	5	2
OMIM:618425	0	0	0	17	3
OMIM:618426	0	0	0	34	9
OMIM:618428	0	0	0	62	14
OMIM:618430	0	0	0	50	9
OMIM:618431	0	0	0	4	2
OMIM:618432	0	0	0	4	2
OMIM:618433	0	0	0	9	2
OMIM:618434	0	0	0	3	1
OMIM:618435	0	0	0	18	3
OMIM:618436	0	0	0	13	5
OMIM:618437	1	0	0	33	7
OMIM:618438	0	0	0	26	6
OMIM:618440	0	1	0	33	14
OMIM:618447	0	0	0	12	6
OMIM:618449	0	0	0	7	6
OMIM:618451	0	0	0	32	7
OMIM:618453	0	0	0	15	5
OMIM:618454	1	1	0	79	14
OMIM:618456	0	0	0	2	1
OMIM:618457	0	0	0	2	1
OMIM:618458	0	0	0	20	9
OMIM:618459	0	0	0	15	6
OMIM:618460	1	1	0	53	13
OMIM:618462	0	0	0	11	4
OMIM:618463	0	0	0	7	5
OMIM:618464	0	0	0	4	4
OMIM:618468	0	0	0	18	4
OMIM:618469	0	0	0	12	4
OMIM:618470	0	0	0	22	6
OMIM:618475	0	0	0	5	3
OMIM:618476	0	0	0	52	7
OMIM:618477	0	0	0	3	2
OMIM:618479	0	0	0	32	10
OMIM:618480	0	0	0	31	13
OMIM:618481	0	0	0	4	1
OMIM:618482	0	0	0	10	3
OMIM:618484	0	0	0	31	10
OMIM:618492	0	0	0	31	6
OMIM:618494	1	1	0	60	14
OMIM:618495	0	0	0	19	12
OMIM:618496	1	0	0	6	1
OMIM:618497	0	0	0	31	9
OMIM:618498	0	0	0	5	2
OMIM:618499	1	0	0	25	10
OMIM:618501	0	0	0	21	4
OMIM:618504	1	1	0	18	8
OMIM:618505	1	1	0	233	20
OMIM:618506	1	0	0	26	8
OMIM:618511	0	0	0	18	4
OMIM:618512	0	0	0	29	8
OMIM:618513	0	0	0	7	2
OMIM:618522	0	0	0	29	8
OMIM:618523	0	0	0	21	13
OMIM:618524	0	0	0	16	4
OMIM:618527	0	0	0	28	7
OMIM:618528	0	0	0	22	7
OMIM:618529	1	0	0	36	10
OMIM:618531	0	0	0	9	4
OMIM:618533	0	0	0	2	1
OMIM:618534	0	0	0	26	12
OMIM:618535	0	0	0	14	6
OMIM:618541	0	1	0	23	12
OMIM:618546	0	0	0	7	1
OMIM:618547	0	0	0	39	10
OMIM:618548	0	1	0	37	11
OMIM:618549	0	0	0	13	9
OMIM:618550	0	0	0	3	3
OMIM:618555	0	0	0	3	1
OMIM:618557	0	0	0	18	5
OMIM:618559	0	0	0	18	3
OMIM:618564	0	0	0	7	1
OMIM:618567	0	0	0	18	5
OMIM:618569	1	0	0	33	7
OMIM:618571	1	1	0	40	10
OMIM:618572	0	0	0	14	6
OMIM:618573	0	0	0	8	5
OMIM:618577	0	0	0	27	8
OMIM:618578	0	1	0	28	9
OMIM:618580	0	0	0	47	11
OMIM:618587	0	0	0	20	3
OMIM:618590	0	0	0	51	10
OMIM:618591	0	0	0	2	1
OMIM:618594	0	1	1	5	1
OMIM:618596	0	0	0	10	4
OMIM:618598	0	0	0	21	6
OMIM:618603	0	0	0	35	10
OMIM:618604	0	0	0	21	5
OMIM:618606	0	0	0	40	12
OMIM:618608	0	0	0	21	8
OMIM:618612	0	0	0	6	2
OMIM:618613	0	0	0	11	2
OMIM:618618	0	0	0	31	11
OMIM:618619	1	0	0	37	9
OMIM:618620	0	0	0	11	5
OMIM:618622	0	0	0	45	13
OMIM:618624	1	0	0	25	12
OMIM:618625	0	0	0	20	10
OMIM:618632	1	0	0	7	3
OMIM:618635	0	0	0	13	7
OMIM:618637	0	0	0	14	6
OMIM:618641	0	0	0	21	10
OMIM:618643	0	0	0	9	1
OMIM:618644	0	0	0	31	7
OMIM:618646	0	0	0	11	3
OMIM:618648	0	0	0	6	4
OMIM:618651	1	0	0	32	12
OMIM:618652	1	0	0	28	10
OMIM:618653	1	1	0	49	14
OMIM:618654	1	0	0	21	7
OMIM:618655	0	0	0	13	4
OMIM:618658	0	0	0	31	6
OMIM:618659	0	1	0	61	10
OMIM:618660	0	0	0	5	3
OMIM:618662	0	0	0	3	1
OMIM:618663	0	0	0	19	4
OMIM:618664	0	0	0	7	1
OMIM:618666	0	0	0	5	4
OMIM:618667	0	0	0	5	1
OMIM:618670	0	0	0	6	1
OMIM:618672	0	0	0	42	8
OMIM:618674	0	0	0	4	3
OMIM:618677	0	0	0	23	2
OMIM:618680	0	0	0	3	2
OMIM:618681	0	1	1	11	7
OMIM:618683	1	0	0	10	3
OMIM:618687	0	0	0	15	5
OMIM:618688	0	0	0	16	4
OMIM:618695	0	0	0	11	4
OMIM:618697	0	0	0	6	1
OMIM:618699	0	0	0	10	7
OMIM:618702	0	0	0	23	10
OMIM:618707	0	0	0	30	10
OMIM:618709	0	0	0	19	3
OMIM:618718	0	0	0	29	5
OMIM:618719	1	1	1	10	2
OMIM:618721	0	0	0	19	7
OMIM:618723	0	0	0	5	3
OMIM:618724	0	0	0	16	7
OMIM:618725	0	0	0	16	5
OMIM:618727	0	0	0	32	6
OMIM:618728	0	0	0	13	4
OMIM:618729	0	0	0	26	6
OMIM:618730	0	0	0	19	3
OMIM:618731	0	0	0	29	6
OMIM:618732	0	0	0	10	3
OMIM:618733	0	1	0	33	9
OMIM:618734	0	0	0	8	3
OMIM:618736	0	0	0	22	5
OMIM:618737	0	0	0	25	6
OMIM:618741	0	0	0	14	5
OMIM:618744	0	0	0	32	10
OMIM:618745	0	0	0	8	1
OMIM:618748	1	0	0	26	8
OMIM:618751	0	0	0	6	1
OMIM:618752	0	0	0	13	7
OMIM:618760	0	0	0	17	3
OMIM:618761	0	0	0	23	8
OMIM:618763	0	0	0	15	7
OMIM:618766	0	0	0	27	9
OMIM:618767	0	0	0	4	2
OMIM:618768	0	0	0	22	7
OMIM:618770	0	0	0	15	3
OMIM:618773	1	0	0	7	4
OMIM:618774	0	0	0	37	7
OMIM:618775	1	0	0	24	11
OMIM:618776	0	0	0	14	7
OMIM:618778	0	0	0	4	1
OMIM:618779	0	0	0	23	8
OMIM:618780	1	0	0	10	3
OMIM:618781	0	0	0	12	7
OMIM:618782	1	0	0	8	1
OMIM:618786	0	0	0	27	9
OMIM:618787	0	0	0	6	2
OMIM:618792	0	0	0	32	7
OMIM:618793	0	0	0	14	6
OMIM:618795	0	0	0	8	4
OMIM:618797	0	0	0	34	11
OMIM:618798	1	0	0	40	8
OMIM:618800	0	0	0	15	3
OMIM:618801	0	0	0	7	4
OMIM:618803	0	0	0	5	6
OMIM:618804	1	0	0	35	12
OMIM:618805	1	0	0	20	8
OMIM:618806	0	0	0	7	5
OMIM:618808	0	0	0	15	6
OMIM:618810	1	0	0	26	10
OMIM:618811	0	0	0	18	9
OMIM:618820	0	0	0	48	8
OMIM:618821	1	0	1	28	11
OMIM:618822	0	0	0	13	6
OMIM:618823	0	0	0	16	5
OMIM:618824	0	0	0	20	4
OMIM:618825	0	0	0	32	7
OMIM:618826	0	0	0	10	2
OMIM:618827	0	0	0	3	1
OMIM:618828	0	0	0	38	10
OMIM:618829	1	1	0	45	13
OMIM:618830	0	0	0	6	1
OMIM:618832	1	0	0	6	3
OMIM:618835	1	0	0	17	9
OMIM:618838	1	0	0	11	7
OMIM:618839	1	0	0	17	9
OMIM:618840	0	0	0	17	6
OMIM:618841	0	0	0	9	4
OMIM:618845	1	1	0	16	5
OMIM:618846	1	0	0	34	9
OMIM:618847	0	0	0	7	7
OMIM:618848	0	0	0	10	4
OMIM:618849	0	0	0	14	10
OMIM:618850	0	0	0	9	2
OMIM:618851	0	0	0	14	7
OMIM:618852	0	0	0	11	7
OMIM:618853	0	0	0	36	9
OMIM:618855	1	0	0	13	6
OMIM:618856	0	0	0	14	6
OMIM:618857	0	0	0	14	6
OMIM:618858	0	0	0	8	4
OMIM:618859	0	0	0	22	6
OMIM:618862	0	0	0	33	11
OMIM:618863	0	0	0	19	6
OMIM:618866	0	0	0	9	2
OMIM:618868	0	0	0	20	6
OMIM:618870	1	0	0	48	11
OMIM:618872	0	0	0	45	9
OMIM:618873	0	0	0	28	4
OMIM:618875	0	0	0	9	2
OMIM:618876	0	0	0	17	3
OMIM:618877	0	0	0	29	6
OMIM:618878	0	0	0	12	3
OMIM:618879	0	0	0	18	8
OMIM:618880	0	0	0	6	1
OMIM:618881	0	0	0	7	5
OMIM:618882	0	0	1	12	7
OMIM:618883	0	0	0	5	3
OMIM:618884	0	0	1	4	2
OMIM:618885	0	0	0	44	13
OMIM:618886	1	0	1	22	9
OMIM:618889	0	0	0	13	7
OMIM:618890	0	0	0	20	6
OMIM:618891	1	0	0	50	12
OMIM:618892	0	0	0	15	7
OMIM:618901	1	0	0	8	4
OMIM:618906	0	0	0	19	4
OMIM:618907	0	0	0	7	3
OMIM:618908	0	0	0	9	4
OMIM:618910	0	0	0	12	6
OMIM:618912	0	0	0	12	4
OMIM:618913	0	1	1	16	7
OMIM:618914	1	1	0	35	9
OMIM:618915	0	0	0	5	1
OMIM:618916	0	0	0	22	6
OMIM:618917	0	0	0	25	5
OMIM:618918	0	0	0	35	6
OMIM:618920	1	0	0	11	2
OMIM:618922	0	0	0	34	13
OMIM:618924	0	0	0	16	4
OMIM:618929	1	0	0	50	9
OMIM:618935	0	0	0	27	10
OMIM:618939	0	0	0	14	7
OMIM:618940	0	0	0	13	5
OMIM:618944	0	0	0	15	9
OMIM:618947	0	1	0	57	14
OMIM:618948	1	0	0	7	5
OMIM:618950	1	1	0	52	13
OMIM:618951	0	0	0	20	9
OMIM:618952	0	0	0	4	3
OMIM:618955	1	0	0	15	6
OMIM:618958	0	0	0	25	10
OMIM:618959	0	0	0	17	5
OMIM:618960	0	0	0	14	5
OMIM:618961	0	0	0	24	7
OMIM:618963	0	0	0	16	7
OMIM:618969	0	0	0	18	14
OMIM:618970	0	0	0	12	3
OMIM:618971	1	0	0	39	13
OMIM:618972	0	0	0	17	7
OMIM:618973	0	0	0	20	10
OMIM:618974	1	0	0	28	8
OMIM:618975	0	1	0	42	10
OMIM:618977	0	0	0	45	6
OMIM:618982	0	0	0	14	12
OMIM:618985	0	0	0	12	11
OMIM:618986	0	0	0	28	10
OMIM:618987	0	0	0	9	8
OMIM:618992	0	0	0	10	3
OMIM:618998	0	0	0	29	9
OMIM:618999	0	1	0	15	9
OMIM:619000	0	0	0	20	5
OMIM:619003	1	0	0	17	9
OMIM:619004	0	0	0	66	17
OMIM:619005	0	0	0	51	12
OMIM:619007	0	0	0	13	2
OMIM:619009	0	0	0	5	3
OMIM:619011	0	0	0	6	2
OMIM:619012	0	0	0	17	7
OMIM:619013	0	0	0	27	15
OMIM:619016	0	0	0	13	6
OMIM:619024	0	0	0	14	5
OMIM:619025	0	0	0	18	8
OMIM:619026	0	0	0	40	8
OMIM:619027	0	0	0	13	5
OMIM:619028	0	0	0	19	3
OMIM:619031	0	0	0	15	3
OMIM:619036	0	0	0	25	12
OMIM:619040	1	0	0	24	6
OMIM:619041	0	0	0	11	3
OMIM:619042	0	0	0	19	6
OMIM:619044	0	0	0	6	2
OMIM:619046	1	0	0	30	10
OMIM:619048	1	0	0	22	9
OMIM:619051	1	0	0	27	9
OMIM:619052	0	0	0	16	4
OMIM:619053	1	1	0	15	11
OMIM:619054	0	0	0	20	7
OMIM:619055	0	0	0	36	11
OMIM:619056	0	0	0	39	9
OMIM:619057	0	0	0	19	11
OMIM:619058	0	0	0	11	8
OMIM:619059	0	0	0	24	11
OMIM:619060	0	0	0	26	7
OMIM:619061	0	0	0	13	4
OMIM:619062	0	0	0	13	5
OMIM:619063	0	0	0	17	7
OMIM:619064	1	0	0	22	11
OMIM:619065	0	0	0	20	5
OMIM:619072	0	0	0	21	5
OMIM:619073	0	0	0	15	6
OMIM:619074	0	0	0	21	9
OMIM:619075	0	0	0	40	13
OMIM:619076	0	0	0	25	5
OMIM:619079	0	0	0	13	3
OMIM:619080	0	0	0	27	8
OMIM:619081	0	0	0	7	4
OMIM:619082	0	0	0	7	1
OMIM:619083	1	0	0	16	7
OMIM:619086	0	0	0	4	1
OMIM:619087	1	1	0	69	15
OMIM:619090	0	0	0	23	7
OMIM:619091	0	0	0	28	5
OMIM:619092	0	0	0	38	6
OMIM:619093	0	0	0	5	2
OMIM:619094	0	0	0	6	1
OMIM:619095	0	0	0	8	1
OMIM:619096	0	0	0	5	6
OMIM:619097	0	0	0	10	7
OMIM:619099	0	0	0	13	3
OMIM:619101	0	0	0	9	5
OMIM:619102	0	0	0	6	1
OMIM:619103	1	1	0	40	9
OMIM:619108	0	0	0	6	1
OMIM:619110	0	0	0	32	7
OMIM:619111	0	1	0	20	7
OMIM:619112	0	0	0	12	3
OMIM:619113	0	1	1	18	6
OMIM:619115	1	0	0	17	7
OMIM:619120	0	0	0	14	6
OMIM:619121	1	0	0	41	8
OMIM:619122	0	0	0	22	8
OMIM:619123	1	0	0	25	12
OMIM:619124	0	0	0	48	9
OMIM:619125	0	0	0	23	6
OMIM:619126	0	0	0	12	9
OMIM:619127	1	1	0	60	12
OMIM:619130	0	0	0	9	1
OMIM:619131	0	0	0	22	5
OMIM:619132	0	0	0	15	1
OMIM:619133	0	0	0	12	3
OMIM:619135	1	0	0	31	9
OMIM:619141	0	0	0	11	3
OMIM:619142	1	0	0	17	5
OMIM:619143	1	0	0	27	6
OMIM:619144	0	0	0	7	1
OMIM:619145	0	0	0	5	1
OMIM:619146	0	0	0	8	3
OMIM:619147	0	0	1	38	12
OMIM:619149	1	0	0	36	9
OMIM:619150	0	0	0	25	3
OMIM:619151	0	0	0	21	12
OMIM:619155	0	1	1	12	2
OMIM:619157	0	0	0	22	5
OMIM:619161	0	0	0	7	4
OMIM:619164	0	0	0	15	7
OMIM:619165	0	0	0	10	3
OMIM:619166	0	0	0	8	3
OMIM:619167	1	0	0	30	11
OMIM:619170	1	0	0	22	10
OMIM:619172	0	0	0	17	7
OMIM:619173	0	0	0	27	11
OMIM:619174	0	0	0	4	1
OMIM:619176	0	0	0	6	2
OMIM:619177	0	0	0	10	1
OMIM:619178	0	0	0	24	11
OMIM:619179	1	1	0	41	11
OMIM:619180	0	0	0	20	6
OMIM:619182	0	0	0	5	5
OMIM:619183	0	0	0	18	8
OMIM:619184	1	0	0	41	11
OMIM:619185	0	1	0	37	11
OMIM:619188	0	0	0	40	9
OMIM:619189	1	0	0	27	13
OMIM:619191	0	0	0	13	1
OMIM:619194	0	1	0	60	14
OMIM:619196	0	0	0	17	4
OMIM:619201	0	1	0	9	3
OMIM:619202	0	0	0	4	1
OMIM:619203	0	0	0	10	3
OMIM:619208	0	0	0	14	4
OMIM:619209	0	0	0	5	2
OMIM:619215	0	0	0	5	1
OMIM:619216	0	0	0	21	5
OMIM:619218	0	1	0	22	8
OMIM:619220	0	0	0	20	13
OMIM:619221	0	0	0	8	2
OMIM:619223	0	0	0	10	7
OMIM:619224	0	0	0	30	7
OMIM:619226	0	0	0	3	2
OMIM:619227	1	1	0	29	10
OMIM:619228	0	0	0	15	3
OMIM:619229	1	0	0	87	14
OMIM:619232	0	0	0	11	4
OMIM:619234	0	0	0	34	12
OMIM:619238	0	0	0	8	8
OMIM:619239	1	0	0	24	7
OMIM:619243	0	0	0	25	9
OMIM:619244	0	0	0	40	7
OMIM:619245	0	0	0	5	1
OMIM:619248	0	0	0	7	4
OMIM:619255	0	0	0	26	9
OMIM:619256	0	0	0	7	4
OMIM:619258	0	0	0	3	1
OMIM:619259	1	0	0	31	11
OMIM:619260	0	0	0	46	8
OMIM:619263	0	1	0	7	1
OMIM:619264	0	0	0	20	6
OMIM:619267	0	0	0	15	5
OMIM:619268	1	0	0	36	11
OMIM:619269	0	1	0	28	13
OMIM:619271	0	0	0	11	2
OMIM:619272	0	0	0	33	10
OMIM:619273	0	0	0	35	10
OMIM:619274	0	0	0	7	1
OMIM:619278	0	0	0	9	7
OMIM:619279	0	0	0	14	2
OMIM:619281	0	0	0	20	8
OMIM:619286	0	0	0	33	8
OMIM:619290	0	0	0	9	7
OMIM:619291	0	0	0	22	4
OMIM:619293	0	0	0	69	12
OMIM:619297	0	1	0	63	11
OMIM:619301	0	0	0	24	4
OMIM:619302	0	0	0	26	4
OMIM:619303	0	0	0	16	6
OMIM:619304	0	0	0	21	5
OMIM:619306	1	0	0	37	10
OMIM:619310	0	0	0	25	9
OMIM:619311	0	0	0	24	7
OMIM:619312	1	0	0	79	13
OMIM:619313	1	0	0	21	8
OMIM:619314	1	0	0	31	12
OMIM:619317	0	0	0	37	6
OMIM:619318	1	1	0	21	12
OMIM:619319	0	0	0	3	3
OMIM:619320	0	0	0	47	6
OMIM:619321	0	1	0	33	12
OMIM:619322	1	0	0	33	11
OMIM:619323	0	0	0	20	5
OMIM:619324	0	0	0	4	1
OMIM:619325	1	1	0	88	15
OMIM:619326	1	0	0	24	10
OMIM:619328	0	0	0	23	5
OMIM:619329	0	0	0	32	9
OMIM:619333	0	0	0	15	2
OMIM:619334	0	0	0	14	8
OMIM:619338	0	0	0	15	5
OMIM:619339	0	0	0	19	6
OMIM:619340	0	0	0	11	7
OMIM:619350	0	0	0	18	6
OMIM:619351	0	1	0	23	8
OMIM:619352	0	0	0	13	5
OMIM:619354	0	0	0	16	6
OMIM:619355	1	0	0	35	10
OMIM:619356	1	0	0	29	9
OMIM:619360	0	0	0	6	5
OMIM:619361	0	0	0	7	4
OMIM:619362	1	1	0	11	5
OMIM:619363	0	0	0	7	4
OMIM:619365	0	1	0	11	7
OMIM:619366	0	0	0	6	4
OMIM:619367	0	0	0	9	7
OMIM:619369	0	0	0	4	2
OMIM:619371	1	0	0	15	3
OMIM:619373	0	0	0	14	4
OMIM:619374	0	0	0	16	6
OMIM:619375	0	1	0	22	9
OMIM:619376	0	0	0	42	12
OMIM:619377	0	0	0	32	15
OMIM:619379	0	0	0	10	1
OMIM:619380	0	0	0	4	1
OMIM:619381	0	0	0	51	16
OMIM:619383	1	0	0	62	12
OMIM:619386	1	0	1	26	11
OMIM:619389	0	0	0	25	4
OMIM:619396	0	0	0	2	2
OMIM:619398	0	0	0	9	5
OMIM:619401	0	0	0	5	2
OMIM:619402	1	0	0	13	3
OMIM:619405	0	0	0	20	2
OMIM:619406	0	0	0	8	5
OMIM:619407	1	0	0	7	4
OMIM:619418	1	0	0	53	15
OMIM:619420	0	0	0	21	9
OMIM:619422	0	0	0	42	9
OMIM:619423	0	0	0	24	8
OMIM:619424	1	0	0	25	8
OMIM:619425	0	0	0	14	3
OMIM:619426	0	1	0	49	11
OMIM:619428	0	1	0	44	11
OMIM:619431	0	1	0	11	4
OMIM:619433	1	0	0	12	4
OMIM:619435	0	0	0	52	12
OMIM:619436	0	0	0	10	6
OMIM:619437	0	0	0	7	7
OMIM:619441	0	0	0	7	3
OMIM:619445	0	0	0	12	4
OMIM:619446	0	0	0	12	7
OMIM:619451	0	0	0	37	9
OMIM:619452	0	0	0	9	3
OMIM:619453	0	0	0	6	3
OMIM:619460	0	0	0	35	12
OMIM:619461	1	0	0	32	11
OMIM:619462	0	0	0	8	6
OMIM:619463	0	0	0	19	10
OMIM:619464	0	0	0	12	3
OMIM:619465	0	0	0	8	5
OMIM:619466	0	0	0	12	4
OMIM:619467	0	0	0	30	5
OMIM:619468	0	1	1	14	5
OMIM:619470	0	0	0	23	6
OMIM:619471	1	0	0	28	12
OMIM:619472	1	1	0	116	19
OMIM:619473	0	0	0	29	9
OMIM:619475	1	0	0	188	20
OMIM:619476	0	0	0	21	7
OMIM:619477	0	0	0	11	6
OMIM:619478	0	0	0	4	3
OMIM:619479	0	0	0	37	11
OMIM:619480	1	0	0	46	9
OMIM:619481	0	0	0	14	3
OMIM:619482	0	0	0	28	10
OMIM:619483	0	0	0	10	4
OMIM:619484	0	0	0	12	6
OMIM:619486	0	0	0	11	4
OMIM:619487	1	1	1	63	14
OMIM:619488	1	1	1	125	17
OMIM:619489	0	0	0	17	7
OMIM:619491	0	0	0	7	2
OMIM:619492	1	0	0	6	1
OMIM:619493	0	0	0	36	10
OMIM:619500	0	0	0	4	1
OMIM:619501	0	0	0	10	4
OMIM:619503	1	1	0	154	19
OMIM:619504	0	1	0	35	9
OMIM:619510	0	0	0	24	9
OMIM:619512	1	1	0	83	12
OMIM:619515	0	0	0	9	1
OMIM:619517	0	0	0	30	6
OMIM:619518	0	0	0	21	11
OMIM:619519	0	0	0	27	6
OMIM:619521	0	0	0	6	2
OMIM:619522	1	1	0	73	12
OMIM:619523	0	0	0	8	3
OMIM:619525	1	1	0	66	15
OMIM:619527	0	0	0	27	10
OMIM:619528	0	0	0	6	1
OMIM:619531	0	0	0	13	3
OMIM:619534	1	1	1	107	17
OMIM:619538	0	0	0	3	3
OMIM:619539	1	0	0	75	10
OMIM:619542	1	0	0	42	11
OMIM:619543	1	0	0	21	8
OMIM:619548	0	0	0	19	6
OMIM:619549	0	0	0	5	4
OMIM:619555	0	0	0	10	3
OMIM:619556	0	0	0	34	7
OMIM:619557	0	0	0	27	8
OMIM:619561	0	0	0	21	3
OMIM:619562	1	1	0	15	9
OMIM:619565	0	0	0	15	4
OMIM:619566	1	0	0	32	8
OMIM:619573	1	0	0	60	14
OMIM:619574	0	0	0	30	8
OMIM:619575	1	0	0	52	15
OMIM:619576	0	0	0	49	8
OMIM:619580	0	0	0	55	8
OMIM:619582	0	0	0	12	5
OMIM:619585	0	0	0	8	1
OMIM:619588	0	0	0	3	2
OMIM:619593	0	0	0	6	1
OMIM:619594	0	0	0	5	2
OMIM:619595	0	0	0	32	8
OMIM:619598	0	0	0	41	8
OMIM:619599	0	0	0	13	9
OMIM:619602	0	0	0	10	5
OMIM:619605	0	0	0	25	3
OMIM:619606	0	0	0	33	6
OMIM:619607	1	0	0	9	9
OMIM:619608	1	0	0	13	9
OMIM:619609	0	1	1	18	7
OMIM:619611	0	0	0	17	3
OMIM:619613	0	0	0	7	4
OMIM:619614	0	0	0	8	1
OMIM:619615	0	0	0	7	2
OMIM:619616	0	0	0	29	5
OMIM:619621	0	0	0	25	7
OMIM:619630	0	0	0	5	3
OMIM:619632	0	0	0	24	6
OMIM:619636	0	0	0	43	8
OMIM:619637	0	0	0	10	5
OMIM:619638	0	0	0	19	6
OMIM:619639	0	0	0	11	3
OMIM:619641	1	0	0	39	8
OMIM:619643	0	0	0	3	1
OMIM:619644	0	1	1	45	11
OMIM:619645	0	0	0	5	1
OMIM:619646	0	0	0	5	1
OMIM:619647	1	0	0	11	4
OMIM:619648	1	1	0	52	11
OMIM:619651	1	0	0	23	4
OMIM:619652	0	0	0	22	7
OMIM:619653	0	0	0	26	4
OMIM:619656	1	0	0	56	13
OMIM:619657	1	0	0	48	12
OMIM:619658	0	0	0	17	6
OMIM:619661	0	0	0	14	4
OMIM:619662	0	0	0	24	5
OMIM:619665	0	0	0	12	5
OMIM:619672	0	0	0	4	1
OMIM:619673	0	0	0	4	1
OMIM:619680	0	0	0	39	9
OMIM:619681	0	0	0	9	4
OMIM:619685	0	0	0	22	7
OMIM:619686	0	0	0	22	8
OMIM:619687	0	0	0	15	4
OMIM:619688	1	0	0	15	5
OMIM:619689	0	0	0	6	1
OMIM:619690	0	0	0	25	5
OMIM:619691	0	0	0	26	8
OMIM:619692	0	0	0	17	5
OMIM:619693	0	0	0	12	7
OMIM:619694	0	0	0	34	7
OMIM:619695	0	1	0	45	11
OMIM:619696	0	0	0	6	1
OMIM:619697	0	0	0	3	2
OMIM:619698	1	1	0	27	8
OMIM:619699	1	0	0	17	7
OMIM:619702	1	0	0	28	4
OMIM:619705	1	0	0	21	9
OMIM:619707	0	0	0	12	9
OMIM:619708	0	1	0	44	10
OMIM:619712	0	0	0	11	1
OMIM:619714	0	0	0	31	10
OMIM:619717	1	0	0	39	9
OMIM:619718	0	0	0	23	6
OMIM:619719	0	0	0	34	9
OMIM:619720	1	0	0	67	11
OMIM:619721	1	0	0	41	11
OMIM:619724	0	0	0	15	4
OMIM:619725	0	0	0	30	3
OMIM:619727	1	0	0	41	9
OMIM:619733	0	0	0	26	7
OMIM:619735	0	0	0	19	3
OMIM:619736	0	0	0	26	8
OMIM:619737	0	0	0	45	15
OMIM:619738	0	0	0	28	6
OMIM:619742	0	0	0	24	4
OMIM:619743	0	1	1	54	12
OMIM:619745	1	0	0	50	13
OMIM:619747	1	0	0	10	2
OMIM:619750	0	0	0	32	16
OMIM:619751	0	0	0	20	11
OMIM:619752	0	0	0	30	10
OMIM:619755	0	0	0	8	4
OMIM:619758	1	1	0	39	14
OMIM:619759	0	0	0	23	8
OMIM:619761	0	0	0	28	8
OMIM:619762	1	1	0	43	12
OMIM:619764	0	0	0	11	5
OMIM:619767	0	0	0	17	8
OMIM:619769	1	0	0	29	10
OMIM:619773	0	0	0	12	6
OMIM:619774	0	1	0	18	13
OMIM:619775	0	0	0	35	9
OMIM:619777	0	0	0	67	12
OMIM:619780	0	0	0	21	9
OMIM:619781	0	0	0	5	1
OMIM:619783	0	0	0	5	2
OMIM:619784	0	0	0	8	2
OMIM:619785	0	0	0	6	2
OMIM:619786	0	0	0	8	2
OMIM:619787	0	0	0	10	3
OMIM:619789	0	0	0	4	1
OMIM:619790	0	0	0	21	7
OMIM:619793	0	0	0	19	8
OMIM:619795	0	0	0	20	8
OMIM:619797	0	1	0	38	11
OMIM:619799	0	0	0	4	1
OMIM:619802	0	0	0	41	14
OMIM:619803	0	0	0	4	1
OMIM:619804	0	0	0	7	1
OMIM:619805	0	0	0	4	1
OMIM:619806	0	0	0	20	3
OMIM:619808	0	0	0	5	1
OMIM:619810	0	0	0	6	1
OMIM:619813	0	0	0	10	8
OMIM:619814	0	0	0	18	6
OMIM:619816	0	0	0	14	3
OMIM:619817	0	0	0	12	4
OMIM:619824	0	0	0	26	12
OMIM:619825	1	0	0	17	6
OMIM:619826	0	0	0	4	1
OMIM:619827	0	1	0	30	6
OMIM:619828	0	0	0	6	1
OMIM:619831	0	0	0	5	1
OMIM:619832	0	0	0	4	1
OMIM:619833	0	0	0	62	11
OMIM:619834	0	0	0	10	4
OMIM:619835	0	0	0	20	8
OMIM:619836	0	0	0	3	1
OMIM:619840	0	0	0	2	1
OMIM:619841	1	1	0	106	16
OMIM:619844	0	0	0	19	6
OMIM:619845	0	0	0	8	1
OMIM:619846	0	0	0	13	8
OMIM:619847	0	0	0	44	11
OMIM:619849	0	0	0	15	5
OMIM:619851	0	0	0	20	8
OMIM:619854	0	0	0	25	6
OMIM:619855	0	0	0	4	2
OMIM:619858	0	1	0	24	11
OMIM:619859	0	0	0	24	10
OMIM:619862	0	0	0	20	5
OMIM:619864	0	0	0	9	2
OMIM:619867	0	0	0	9	1
OMIM:619868	0	0	0	19	6
OMIM:619869	1	0	0	34	10
OMIM:619871	0	0	0	3	1
OMIM:619872	0	0	0	3	3
OMIM:619873	0	0	0	26	5
OMIM:619874	0	0	0	8	3
OMIM:619876	0	0	0	29	9
OMIM:619877	0	0	0	29	6
OMIM:619878	0	0	0	5	1
OMIM:619879	1	1	0	36	13
OMIM:619880	0	0	0	33	7
OMIM:619881	1	0	0	25	6
OMIM:619884	0	0	0	17	4
OMIM:619887	0	1	0	8	4
OMIM:619895	1	0	0	36	6
OMIM:619897	1	0	0	19	5
OMIM:619902	1	1	0	21	8
OMIM:619903	1	0	0	13	6
OMIM:619908	1	0	0	20	8
OMIM:619909	1	0	0	28	10
OMIM:619910	1	0	0	24	8
OMIM:619911	0	0	0	22	4
OMIM:619913	0	0	0	35	4
OMIM:619921	0	0	0	5	1
OMIM:619922	0	0	0	27	8
OMIM:619924	0	0	0	19	8
OMIM:619927	0	0	0	25	8
OMIM:619931	0	0	0	13	4
OMIM:619934	0	0	0	41	15
OMIM:619935	0	0	0	5	1
OMIM:619937	0	0	0	5	1
OMIM:619938	0	0	0	6	3
OMIM:619941	0	0	0	27	6
OMIM:619947	0	0	0	13	4
OMIM:619949	0	0	0	6	3
OMIM:619950	0	1	0	118	16
OMIM:619951	1	1	0	44	14
OMIM:619955	0	1	0	26	9
OMIM:619957	0	0	0	4	1
OMIM:619959	0	1	0	25	13
OMIM:619964	0	0	0	12	2
OMIM:619966	0	0	0	18	3
OMIM:619967	1	0	0	21	10
OMIM:619970	0	0	0	20	3
OMIM:619971	0	0	0	27	7
OMIM:619972	0	0	0	17	5
OMIM:619975	0	0	0	12	8
OMIM:619977	0	0	0	7	1
OMIM:619981	0	0	0	15	7
OMIM:619983	0	0	0	26	7
OMIM:619985	0	0	0	12	7
OMIM:619986	0	0	0	7	2
OMIM:619988	0	0	0	11	5
OMIM:619989	0	0	0	24	7
OMIM:619991	1	1	0	105	16
OMIM:619995	1	0	0	30	10
OMIM:620001	0	0	0	36	8
OMIM:620005	1	1	0	58	17
OMIM:620007	0	0	0	23	6
OMIM:620009	0	0	0	9	4
OMIM:620010	0	0	0	15	8
OMIM:620011	0	0	0	27	6
OMIM:620012	0	0	0	23	10
OMIM:620014	0	0	0	19	10
OMIM:620015	0	0	0	2	1
OMIM:620019	0	0	0	9	2
OMIM:620021	0	0	0	22	6
OMIM:620022	0	0	0	13	6
OMIM:620023	0	1	0	28	7
OMIM:620024	1	1	0	46	9
OMIM:620025	1	0	0	30	12
OMIM:620027	0	0	0	16	5
OMIM:620028	0	0	0	18	6
OMIM:620029	0	0	0	52	12
OMIM:620032	1	0	0	7	6
OMIM:620033	0	0	0	16	5
OMIM:620038	0	0	0	11	4
OMIM:620040	0	0	0	29	14
OMIM:620044	0	0	0	11	6
OMIM:620045	0	0	0	17	8
OMIM:620047	0	1	0	19	6
OMIM:620049	0	1	1	6	1
OMIM:620056	0	1	1	8	2
OMIM:620062	1	0	0	18	9
OMIM:620065	0	0	0	17	5
OMIM:620066	1	0	0	39	9
OMIM:620067	1	0	0	19	4
OMIM:620068	0	0	0	27	4
OMIM:620070	1	0	0	51	12
OMIM:620071	1	1	0	23	11
OMIM:620072	1	0	0	38	12
OMIM:620073	1	0	0	49	11
OMIM:620075	1	0	0	44	10
OMIM:620076	1	0	0	33	9
OMIM:620080	0	0	0	21	7
OMIM:620083	0	1	0	60	10
OMIM:620084	0	0	0	8	1
OMIM:620085	0	0	0	13	4
OMIM:620086	0	0	0	16	5
OMIM:620089	1	0	0	36	8
OMIM:620094	1	0	0	25	7
OMIM:620098	0	0	0	54	8
OMIM:620099	0	0	0	27	6
OMIM:620102	0	0	0	10	2
OMIM:620103	0	0	0	10	3
OMIM:620104	0	0	0	3	2
OMIM:620106	0	0	0	22	3
OMIM:620107	0	0	0	42	7
OMIM:620111	0	0	0	13	3
OMIM:620113	1	0	0	49	12
OMIM:620114	0	0	0	25	6
OMIM:620115	0	0	0	16	2
OMIM:620121	0	0	0	9	4
OMIM:620125	0	0	0	9	3
OMIM:620126	0	0	0	9	3
OMIM:620133	0	0	0	21	12
OMIM:620135	1	0	0	17	8
OMIM:620137	0	0	0	15	9
OMIM:620138	0	0	0	24	6
OMIM:620139	0	0	0	22	9
OMIM:620141	0	1	0	28	10
OMIM:620145	1	0	0	32	7
OMIM:620148	0	0	0	10	3
OMIM:620149	0	0	0	30	7
OMIM:620150	0	0	0	11	3
OMIM:620151	0	0	0	12	7
OMIM:620152	1	1	0	17	5
OMIM:620153	0	0	0	4	5
OMIM:620154	0	0	0	4	2
OMIM:620155	0	0	0	41	11
OMIM:620156	0	0	0	32	10
OMIM:620157	0	0	0	34	10
OMIM:620158	0	0	0	20	3
OMIM:620161	0	0	0	18	7
OMIM:620166	0	0	0	37	11
OMIM:620167	1	0	0	37	13
OMIM:620170	0	0	0	6	2
OMIM:620173	0	0	0	6	4
OMIM:620174	0	0	0	11	3
OMIM:620177	0	0	0	2	2
OMIM:620183	1	0	0	22	12
OMIM:620184	1	0	0	34	14
OMIM:620185	0	0	0	43	14
OMIM:620186	1	0	0	75	17
OMIM:620189	0	0	0	21	11
OMIM:620191	0	0	0	43	11
OMIM:620192	0	0	0	15	7
OMIM:620193	0	0	0	18	7
OMIM:620194	1	0	0	30	14
OMIM:620196	0	0	0	6	1
OMIM:620197	1	0	0	13	6
OMIM:620198	0	0	0	13	6
OMIM:620199	0	0	0	11	2
OMIM:620200	0	0	0	25	6
OMIM:620201	0	0	0	14	4
OMIM:620203	1	0	0	9	3
OMIM:620208	0	0	0	22	5
OMIM:620210	1	0	0	26	13
OMIM:620211	1	0	0	18	6
OMIM:620221	0	0	0	15	4
OMIM:620222	0	0	0	8	1
OMIM:620224	0	0	0	58	10
OMIM:620227	0	0	0	9	1
OMIM:620228	0	0	0	6	1
OMIM:620231	0	0	0	8	3
OMIM:620232	0	0	0	12	6
OMIM:620233	1	0	0	43	12
OMIM:620235	0	0	1	13	4
OMIM:620236	1	0	0	13	5
OMIM:620237	0	0	0	22	9
OMIM:620238	0	0	0	3	1
OMIM:620240	0	0	0	27	6
OMIM:620241	0	0	0	5	1
OMIM:620242	1	0	0	40	8
OMIM:620243	0	0	0	20	5
OMIM:620244	1	0	0	27	10
OMIM:620245	0	0	0	7	3
OMIM:620246	0	0	0	18	6
OMIM:620247	1	0	0	9	1
OMIM:620249	0	0	0	42	9
OMIM:620250	0	0	0	53	9
OMIM:620253	0	0	0	10	1
OMIM:620265	0	0	0	20	8
OMIM:620269	0	0	0	32	7
OMIM:620270	1	0	0	26	8
OMIM:620275	0	0	0	30	12
OMIM:620276	0	0	0	4	1
OMIM:620277	0	0	0	6	2
OMIM:620278	0	0	0	38	11
OMIM:620280	0	0	0	6	1
OMIM:620281	0	0	0	5	1
OMIM:620282	0	0	0	18	10
OMIM:620283	0	0	0	3	1
OMIM:620284	0	0	0	4	1
OMIM:620285	0	0	0	30	5
OMIM:620286	0	0	0	14	8
OMIM:620292	0	0	0	37	7
OMIM:620294	1	0	0	23	6
OMIM:620296	0	0	0	12	7
OMIM:620300	1	0	0	28	6
OMIM:620303	0	0	0	16	4
OMIM:620305	1	1	1	49	15
OMIM:620306	1	0	0	32	10
OMIM:620310	0	0	0	38	10
OMIM:620311	0	0	0	8	3
OMIM:620312	0	0	0	11	5
OMIM:620313	0	0	0	9	5
OMIM:620314	0	0	0	15	4
OMIM:620315	0	0	0	11	2
OMIM:620316	0	0	0	29	7
OMIM:620317	0	0	0	27	5
OMIM:620319	0	0	0	4	1
OMIM:620320	0	1	0	7	3
OMIM:620321	0	0	0	26	10
OMIM:620322	0	0	0	9	4
OMIM:620323	0	0	0	23	8
OMIM:620326	1	0	0	19	7
OMIM:620327	1	1	0	27	9
OMIM:620330	1	1	0	75	13
OMIM:620331	0	0	0	37	13
OMIM:620332	0	0	0	3	1
OMIM:620333	0	0	0	3	1
OMIM:620342	0	0	0	16	3
OMIM:620343	0	0	0	19	7
OMIM:620344	0	0	0	7	2
OMIM:620351	0	0	0	64	14
OMIM:620352	0	0	0	42	7
OMIM:620353	0	0	0	7	1
OMIM:620354	0	0	0	6	1
OMIM:620356	0	0	0	9	5
OMIM:620357	0	0	0	9	3
OMIM:620358	0	0	0	28	7
OMIM:620359	0	0	0	11	4
OMIM:620364	0	0	0	4	2
OMIM:620365	0	0	0	16	11
OMIM:620366	0	0	1	16	8
OMIM:620367	0	0	0	21	9
OMIM:620368	0	0	0	12	9
OMIM:620369	0	0	0	62	12
OMIM:620370	0	0	0	38	11
OMIM:620371	1	0	0	93	16
OMIM:620372	0	1	0	6	4
OMIM:620374	0	1	0	9	2
OMIM:620375	0	0	0	38	8
OMIM:620376	1	0	0	56	16
OMIM:620379	0	0	0	17	5
OMIM:620383	0	0	0	4	1
OMIM:620384	0	0	0	5	1
OMIM:620386	1	0	0	23	7
OMIM:620389	0	0	0	40	8
OMIM:620393	1	0	0	25	10
OMIM:620398	0	0	0	10	3
OMIM:620400	0	0	0	6	5
OMIM:620401	1	1	0	58	16
OMIM:620402	0	0	0	17	3
OMIM:620409	0	0	0	11	1
OMIM:620411	0	0	0	4	2
OMIM:620415	0	0	0	8	2
OMIM:620416	0	0	0	22	7
OMIM:620417	0	0	0	20	7
OMIM:620422	0	0	0	9	1
OMIM:620423	1	0	0	55	11
OMIM:620425	0	1	0	10	5
OMIM:620427	0	0	0	17	5
OMIM:620428	0	0	0	47	7
OMIM:620430	0	0	0	22	9
OMIM:620438	1	0	0	16	6
OMIM:620439	0	1	0	35	9
OMIM:620442	0	0	0	2	2
OMIM:620443	0	0	0	11	7
OMIM:620444	0	0	0	11	5
OMIM:620445	0	0	0	34	11
OMIM:620447	0	0	0	20	4
OMIM:620448	0	0	0	17	4
OMIM:620449	0	0	0	20	7
OMIM:620450	0	0	0	101	14
OMIM:620451	0	0	0	50	10
OMIM:620452	0	0	0	20	6
OMIM:620453	0	0	0	16	5
OMIM:620455	1	0	0	77	13
OMIM:620456	0	0	0	11	3
OMIM:620457	0	0	0	13	5
OMIM:620458	0	0	0	29	10
OMIM:620459	0	0	0	7	5
OMIM:620460	0	0	0	20	8
OMIM:620461	0	0	0	20	7
OMIM:620462	1	0	0	6	1
OMIM:620465	0	0	0	24	1
OMIM:620469	0	0	0	28	7
OMIM:620470	0	0	0	5	4
OMIM:620475	0	0	0	38	12
OMIM:620478	0	0	0	5	2
OMIM:620481	0	0	0	11	3
OMIM:620482	0	0	0	12	3
OMIM:620483	0	0	0	23	8
OMIM:620484	0	0	0	9	5
OMIM:620486	0	0	0	14	5
OMIM:620489	1	0	0	33	12
OMIM:620490	0	0	0	7	1
OMIM:620494	0	0	0	85	14
OMIM:620499	0	0	0	7	1
OMIM:620500	0	0	0	4	1
OMIM:620501	0	0	0	17	7
OMIM:620502	0	0	0	21	8
OMIM:620504	1	1	0	40	12
OMIM:620507	0	0	0	15	4
OMIM:620510	1	1	0	29	12
OMIM:620511	1	1	0	40	10
OMIM:620512	0	0	0	17	5
OMIM:620514	0	0	0	16	6
OMIM:620515	0	0	0	16	4
OMIM:620519	1	0	0	35	8
OMIM:620528	0	0	0	49	7
OMIM:620532	0	0	0	17	10
OMIM:620534	0	0	0	9	3
OMIM:620536	0	1	1	13	3
OMIM:620537	0	0	0	32	3
OMIM:620538	0	0	0	31	5
OMIM:620540	0	0	0	32	5
OMIM:620542	0	0	0	29	6
OMIM:620545	1	0	0	29	10
OMIM:620546	0	0	0	33	6
OMIM:620547	0	0	0	5	1
OMIM:620548	0	0	0	8	3
OMIM:620550	0	0	0	5	1
OMIM:620551	0	0	0	6	2
OMIM:620558	1	0	0	33	9
OMIM:620565	0	1	0	35	13
OMIM:620568	1	0	0	45	11
OMIM:620569	0	0	0	7	1
OMIM:620570	1	0	0	21	6
OMIM:620576	0	0	0	7	1
OMIM:620583	0	0	0	11	2
OMIM:620601	0	0	0	30	9
OMIM:620602	0	0	0	2	1
OMIM:620603	0	0	0	32	12
OMIM:620606	0	0	0	10	2
OMIM:620607	0	0	0	26	5
OMIM:620609	1	0	0	32	10
OMIM:620610	0	0	0	4	2
OMIM:620629	0	0	0	11	3
OMIM:620632	0	0	0	33	13
OMIM:620635	1	0	0	6	1
OMIM:620636	0	0	0	19	3
OMIM:620639	0	0	0	16	8
OMIM:620641	0	0	0	27	11
OMIM:620642	1	0	0	21	9
OMIM:620646	1	0	0	31	10
OMIM:620647	0	0	0	31	10
OMIM:620651	0	0	0	17	10
OMIM:620653	0	0	0	25	6
OMIM:620654	1	1	0	77	17
OMIM:620655	0	1	0	31	10
OMIM:620657	1	1	1	30	10
OMIM:620658	0	1	1	16	10
OMIM:620659	1	0	0	11	6
OMIM:620662	1	1	0	67	10
OMIM:620663	1	1	0	60	13
OMIM:620666	0	0	0	26	4
OMIM:620668	0	0	0	35	13
OMIM:620669	0	0	0	38	7
OMIM:620670	0	0	0	21	10
OMIM:620674	0	1	0	25	13
OMIM:620675	0	0	0	41	8
OMIM:620679	0	0	0	14	7
OMIM:620680	0	0	0	16	5
OMIM:620681	0	0	0	14	1
OMIM:620683	0	0	0	49	16
OMIM:620686	0	0	0	8	3
OMIM:620687	0	0	0	11	2
OMIM:620688	0	0	0	33	6
OMIM:620690	0	0	0	4	2
OMIM:620698	0	0	0	10	4
OMIM:620699	0	0	0	6	3
OMIM:620700	0	0	0	55	10
OMIM:620703	1	1	0	20	7
OMIM:620704	0	0	0	32	11
OMIM:620705	0	0	0	12	1
OMIM:620707	0	0	0	13	4
OMIM:620711	0	0	0	18	5
OMIM:620712	1	1	0	20	11
OMIM:620714	0	0	0	3	1
OMIM:620715	0	0	0	9	6
OMIM:620718	1	0	0	32	12
OMIM:620719	0	0	0	53	9
OMIM:620722	0	0	0	5	1
OMIM:620725	0	0	0	17	3
OMIM:620726	0	0	0	6	2
OMIM:620727	0	0	0	41	9
OMIM:620728	0	0	0	17	5
OMIM:620729	0	0	0	5	1
OMIM:620730	0	0	0	2	0
OMIM:620731	0	0	0	17	2
OMIM:620732	0	0	0	40	10
OMIM:620734	1	0	0	10	2
OMIM:620744	0	0	0	7	2
OMIM:620745	0	0	0	5	4
OMIM:620746	0	0	0	54	11
OMIM:620747	0	0	0	32	6
OMIM:620748	1	1	0	40	13
OMIM:620755	0	0	0	11	2
OMIM:620757	0	0	0	14	7
OMIM:620762	0	0	0	11	1
OMIM:620763	0	0	0	3	1
OMIM:620767	1	0	0	37	10
OMIM:620771	0	1	0	110	18
OMIM:620772	0	0	0	26	9
OMIM:620774	0	0	0	40	8
OMIM:620775	1	0	0	69	13
OMIM:620776	1	0	0	28	8
OMIM:620777	1	0	0	21	7
OMIM:620779	0	0	0	16	5
OMIM:620780	0	0	0	48	14
OMIM:620782	0	0	0	38	10
OMIM:620783	0	0	0	22	4
OMIM:620784	0	0	0	22	6
OMIM:620785	0	0	1	80	16
OMIM:620786	0	0	0	42	9
OMIM:620789	0	0	0	23	7
OMIM:620790	0	0	0	20	4
OMIM:620792	0	0	0	6	1
OMIM:620793	1	0	0	46	10
OMIM:620794	0	0	0	7	4
OMIM:620795	0	0	0	17	8
OMIM:620796	1	0	0	42	10
OMIM:620806	0	0	0	21	4
OMIM:620813	0	0	0	12	5
OMIM:620814	0	1	0	5	3
OMIM:620815	0	0	0	23	11
OMIM:620816	0	0	0	22	12
OMIM:620817	0	0	0	23	12
OMIM:620818	0	0	0	8	6
OMIM:620819	0	0	0	41	10
OMIM:620820	1	0	0	35	8
OMIM:620825	0	0	0	17	10
OMIM:620830	0	0	0	29	9
OMIM:620836	0	0	0	24	12
OMIM:620838	0	0	0	8	1
OMIM:620840	0	0	0	10	3
OMIM:620848	0	0	0	10	1
OMIM:620849	0	0	0	11	1
OMIM:620850	0	0	0	10	1
OMIM:620851	1	0	0	211	18
OMIM:620852	1	1	0	67	12
OMIM:620854	0	0	0	31	5
OMIM:620865	1	0	0	19	4
OMIM:620869	0	0	0	35	13
OMIM:620877	0	0	0	7	3
OMIM:620880	0	0	0	37	14
OMIM:620887	1	0	0	198	18
OMIM:620888	0	0	0	40	7
OMIM:620894	1	0	0	14	3
OMIM:620897	0	0	0	11	4
OMIM:620901	0	0	0	11	5
OMIM:620903	1	1	1	22	5
OMIM:620908	1	1	0	115	15
OMIM:620910	0	0	0	33	6
OMIM:620917	0	0	0	11	1
OMIM:620923	0	0	0	45	10
OMIM:620926	0	0	0	48	15
OMIM:620931	0	0	0	90	19
OMIM:620937	0	0	0	39	8
OMIM:620938	0	0	0	46	7
OMIM:620939	1	1	0	80	15
OMIM:620940	1	0	0	13	5
OMIM:620943	0	1	1	28	11
OMIM:620947	0	0	0	15	3
OMIM:620950	0	0	0	13	5
OMIM:620952	0	0	0	29	7
OMIM:620953	0	0	0	18	9
OMIM:620958	0	0	0	22	2
OMIM:620962	0	1	1	53	12
OMIM:620964	0	0	0	52	10
OMIM:620968	0	0	0	20	2
OMIM:620969	0	0	0	37	11
OMIM:620971	0	0	0	17	6
OMIM:620977	0	0	0	6	5
OMIM:620978	0	0	0	13	4
OMIM:620983	0	0	0	12	4
OMIM:620984	1	0	0	14	6
OMIM:620985	0	0	0	125	17
OMIM:620987	0	0	0	113	17
OMIM:620988	1	0	0	34	8
OMIM:620990	0	0	0	4	1
OMIM:620991	0	0	0	11	8
OMIM:620996	0	0	0	24	3
OMIM:620999	0	0	0	4	2
OMIM:621001	0	0	0	8	2
OMIM:621002	0	0	0	8	4
OMIM:621004	0	0	0	26	12
OMIM:621010	1	0	0	107	17
OMIM:621012	1	0	0	49	15
OMIM:621016	1	1	0	107	14
OMIM:621018	0	0	0	18	6
OMIM:621021	0	0	0	36	8
OMIM:621030	1	0	0	30	11
OMIM:621032	0	0	0	5	4
OMIM:621034	1	0	0	48	12
OMIM:621049	1	1	0	77	15
OMIM:621056	0	1	0	38	14
OMIM:621057	0	0	0	9	1
OMIM:621060	1	1	0	70	16
OMIM:621063	1	0	0	78	14
OMIM:621065	0	0	0	8	3
OMIM:621067	0	0	0	41	9
OMIM:621068	1	0	1	42	16
OMIM:621071	1	0	0	60	16
OMIM:621078	1	0	0	74	11
OMIM:621079	1	0	0	29	8
OMIM:621080	1	1	0	59	12
OMIM:621091	0	0	0	19	7
OMIM:621093	0	0	0	7	2
OMIM:621094	1	0	0	25	5
OMIM:621095	0	0	0	33	6
OMIM:621096	0	0	0	53	13
OMIM:621097	0	0	0	81	14
OMIM:621099	0	0	0	24	7
OMIM:621100	0	0	0	61	10
OMIM:621101	0	0	1	20	8
OMIM:621102	1	0	0	80	14
OMIM:621106	0	1	1	17	4
OMIM:621122	0	1	1	114	17
OMIM:621123	1	0	0	29	11
OMIM:621124	0	0	0	12	1
OMIM:621125	0	0	0	12	3
OMIM:621129	0	0	0	31	7
OMIM:621130	1	0	0	31	13
OMIM:621140	0	0	0	64	16
OMIM:621152	1	0	0	44	8
OMIM:621154	0	1	0	98	17
OMIM:621160	0	0	0	4	1
OMIM:621164	1	1	1	19	6
OMIM:621169	0	0	0	8	1
OMIM:621170	0	0	0	7	3
OMIM:621179	0	0	0	4	1
OMIM:621180	1	1	1	98	15
OMIM:621182	1	0	0	66	9
OMIM:621184	1	1	1	119	18
OMIM:621185	0	1	0	116	17
OMIM:621191	0	0	0	29	11
OMIM:621192	1	1	1	110	18
OMIM:621196	0	0	0	17	10
OMIM:621199	0	0	0	62	11
OMIM:621201	0	0	0	111	11
OMIM:621209	0	0	0	12	1
OMIM:621212	1	0	0	63	12
OMIM:621214	0	0	0	39	7
OMIM:621220	1	1	0	196	16
OMIM:621224	1	0	0	57	11
OMIM:621225	0	0	0	28	8
OMIM:621226	0	0	0	45	7
OMIM:621231	0	0	0	6	2
OMIM:621232	0	0	0	5	2
OMIM:621233	0	0	0	65	16
OMIM:621234	0	0	0	53	15
OMIM:621235	0	0	0	16	5
OMIM:621236	0	0	1	22	5
OMIM:621237	1	0	0	33	10
OMIM:621248	1	0	0	53	13
OMIM:621250	0	0	0	67	13
OMIM:621251	1	0	0	8	1
OMIM:621252	0	0	0	18	7
OMIM:621254	1	0	0	151	17
OMIM:621258	1	1	0	70	16
OMIM:621259	0	0	0	10	2
OMIM:621260	1	0	0	19	4
OMIM:621261	1	0	0	38	8
OMIM:621262	0	0	0	54	14
OMIM:621263	1	0	0	136	14
OMIM:621265	1	0	0	103	16
OMIM:621268	0	0	0	7	2
OMIM:621269	0	0	0	10	2
OMIM:621270	1	0	0	38	7
OMIM:621277	1	1	0	29	9
OMIM:621280	0	0	0	20	5
OMIM:621285	0	0	0	83	13
OMIM:621295	1	0	0	156	18
OMIM:621302	1	0	0	153	17
OMIM:621304	1	1	0	183	16
OMIM:621307	1	1	0	83	13
OMIM:621311	0	0	0	4	2
OMIM:621313	0	0	0	30	7
OMIM:621314	1	0	0	16	6
OMIM:621325	0	0	0	29	8
OMIM:621328	0	0	0	72	15
OMIM:621331	0	0	0	20	6
OMIM:621332	0	0	0	4	2
OMIM:621333	0	1	0	27	10
OMIM:621336	0	0	0	2	1
OMIM:621337	1	1	1	98	17
OMIM:621343	0	0	0	23	6
OMIM:621344	0	0	0	120	15
OMIM:621345	0	0	0	29	8
OMIM:621354	0	0	0	131	12
OMIM:621367	1	0	0	24	3
OMIM:621369	1	1	1	62	13
OMIM:621371	0	0	0	22	2
OMIM:621372	1	0	0	62	10
OMIM:621373	0	0	0	43	10
OMIM:621375	1	0	0	39	14
OMIM:621377	1	0	0	85	13
OMIM:621379	1	1	0	91	16
OMIM:621381	1	1	0	130	17
OMIM:621382	0	0	0	36	7
OMIM:621384	1	1	1	104	16
OMIM:621386	0	0	0	24	7
OMIM:621387	0	0	0	9	1
OMIM:621390	1	0	0	79	10
OMIM:621393	1	0	0	42	11
OMIM:621394	0	0	0	30	8
OMIM:621400	0	0	0	13	7
OMIM:621402	0	0	0	55	10
OMIM:621405	1	0	0	30	8
OMIM:621407	0	0	0	3	1
OMIM:621409	0	1	1	31	8
OMIM:621414	0	0	0	26	4
OMIM:621415	1	1	0	160	16
OMIM:621417	0	0	0	7	2
OMIM:621421	1	1	0	65	14
OMIM:621424	0	0	0	34	7
OMIM:621428	0	0	0	3	2
OMIM:621431	1	0	0	53	12
OMIM:621433	0	0	0	17	9
OMIM:621434	0	0	0	12	1
OMIM:621435	0	0	0	24	9
OMIM:621436	0	0	0	54	10
OMIM:621439	0	0	0	51	14
OMIM:621440	0	0	0	6	1
OMIM:621446	0	0	0	18	7
OMIM:621449	0	0	0	20	9
OMIM:621452	0	0	0	41	6
OMIM:621455	1	0	0	80	15
OMIM:621456	0	0	0	61	8
OMIM:621457	0	0	0	27	6
OMIM:621460	1	0	0	45	7
OMIM:621466	0	0	0	54	6
OMIM:621468	0	0	0	43	4
OMIM:621469	0	0	0	30	10
OMIM:621471	0	0	0	5	2
OMIM:621474	1	1	0	136	14
OMIM:621475	0	0	0	68	15
OMIM:621481	0	0	0	29	7
OMIM:621482	0	0	0	38	7
OMIM:621485	0	0	0	39	5
OMIM:621487	1	0	0	24	9
OMIM:621488	0	0	0	36	6
OMIM:621490	0	0	0	11	2
OMIM:621495	1	1	0	146	17
OMIM:621499	1	0	0	79	14
OMIM:621500	0	0	0	14	1
OMIM:621502	0	0	0	9	1
OMIM:621506	1	1	0	81	18
OMIM:621507	0	0	0	30	12
OMIM:621512	1	1	0	54	16
OMIM:621523	1	1	0	52	18
OMIM:621528	1	0	0	89	12
OMIM:621533	1	1	0	138	18
OMIM:621535	0	0	0	72	8
OMIM:621539	0	0	0	11	5
OMIM:621548	0	0	0	41	3
OMIM:621552	1	1	0	89	15
OMIM:621566	1	1	0	95	15
OMIM:621567	0	0	1	22	11
OMIM:621570	1	1	0	134	16
OMIM:621585	0	0	0	104	19
OMIM:621595	1	0	0	36	6
OMIM:621600	0	0	0	14	7
OMIM:621608	0	0	0	108	12
ORPHA:100	0	0	0	37	14
ORPHA:1000	0	0	0	6	3
ORPHA:100006	0	0	0	10	5
ORPHA:100008	0	0	0	5	4
ORPHA:100050	0	0	0	26	10
ORPHA:100057	0	0	0	13	5
ORPHA:100069	0	0	0	10	1
ORPHA:100070	0	0	0	32	5
ORPHA:100075	1	0	0	32	12
ORPHA:100093	0	0	0	27	12
ORPHA:1001	0	1	0	52	15
ORPHA:100924	0	0	0	43	13
ORPHA:100973	0	0	0	21	7
ORPHA:100974	0	0	0	3	3
ORPHA:100976	0	0	0	18	6
ORPHA:100984	0	0	0	20	5
ORPHA:100985	0	0	0	19	4
ORPHA:100986	0	0	0	24	7
ORPHA:100988	0	0	0	13	5
ORPHA:100989	0	0	0	22	5
ORPHA:100991	0	0	0	28	7
ORPHA:100993	0	0	0	26	6
ORPHA:100994	0	0	0	16	7
ORPHA:100996	0	0	0	38	9
ORPHA:100998	0	0	0	16	4
ORPHA:101	0	0	0	26	3
ORPHA:1010	0	0	0	25	9
ORPHA:101000	0	1	0	52	10
ORPHA:101001	0	0	0	18	4
ORPHA:101003	0	1	0	14	8
ORPHA:101006	0	0	0	22	8
ORPHA:101008	0	0	0	13	3
ORPHA:101010	0	0	0	15	4
ORPHA:101011	0	0	0	17	4
ORPHA:101016	0	0	0	13	6
ORPHA:101023	0	0	0	5	4
ORPHA:101028	1	0	0	18	11
ORPHA:101041	0	0	0	4	4
ORPHA:101046	0	0	0	19	1
ORPHA:101070	0	0	0	24	4
ORPHA:101075	0	0	0	16	4
ORPHA:101078	0	0	0	16	4
ORPHA:101081	0	0	0	20	4
ORPHA:101082	0	0	0	14	5
ORPHA:101085	0	0	0	50	8
ORPHA:101097	0	0	0	37	4
ORPHA:101108	0	0	0	10	2
ORPHA:101109	0	0	0	20	3
ORPHA:101111	0	0	0	23	8
ORPHA:101112	0	0	0	15	2
ORPHA:101150	0	0	0	33	8
ORPHA:1018	0	0	1	39	11
ORPHA:1020	0	0	0	26	3
ORPHA:1031	0	1	1	26	7
ORPHA:103909	0	0	0	6	3
ORPHA:103918	0	0	0	12	9
ORPHA:104	0	0	0	20	7
ORPHA:1040	0	0	0	9	3
ORPHA:1052	1	1	0	64	18
ORPHA:1053	0	0	0	3	2
ORPHA:1059	0	0	0	13	8
ORPHA:1063	0	0	0	16	8
ORPHA:1065	0	0	0	11	7
ORPHA:107	0	1	1	38	8
ORPHA:1072	0	0	0	5	3
ORPHA:109	0	0	0	55	17
ORPHA:110	1	1	1	95	15
ORPHA:1106	0	1	0	57	10
ORPHA:111	1	0	0	4	5
ORPHA:1114	0	0	0	13	7
ORPHA:1143	1	0	0	33	11
ORPHA:1145	0	0	0	37	8
ORPHA:1146	0	0	0	9	3
ORPHA:1147	0	0	0	20	6
ORPHA:1149	0	0	0	10	4
ORPHA:115	1	0	0	21	9
ORPHA:1154	0	0	0	17	7
ORPHA:1159	0	0	0	45	8
ORPHA:1168	0	0	0	5	3
ORPHA:117	1	1	1	85	15
ORPHA:1170	0	0	0	29	7
ORPHA:1171	0	0	0	13	6
ORPHA:1173	0	0	0	20	9
ORPHA:1175	0	0	0	26	4
ORPHA:118	0	0	0	6	7
ORPHA:1180	0	0	0	3	4
ORPHA:1186	0	0	0	7	3
ORPHA:1187	0	0	0	30	9
ORPHA:119	1	0	0	13	7
ORPHA:1190	0	1	0	32	10
ORPHA:1194	1	0	0	30	13
ORPHA:1195	0	0	0	6	6
ORPHA:1200	1	0	0	11	4
ORPHA:1215	1	0	0	26	9
ORPHA:1216	0	0	0	5	2
ORPHA:122	0	1	0	21	8
ORPHA:1225	1	1	0	43	12
ORPHA:1226	0	0	0	8	6
ORPHA:1229	0	0	0	7	3
ORPHA:123	0	0	0	12	7
ORPHA:1231	0	0	0	23	7
ORPHA:1234	0	1	0	26	8
ORPHA:124	1	1	0	59	16
ORPHA:1243	0	0	0	6	1
ORPHA:125	0	0	0	67	17
ORPHA:1263	0	0	0	21	10
ORPHA:127	0	0	0	34	12
ORPHA:1270	0	0	0	20	9
ORPHA:1272	1	0	0	66	14
ORPHA:1275	0	0	0	11	4
ORPHA:1276	0	0	0	5	4
ORPHA:1297	0	1	0	37	12
ORPHA:1299	0	0	0	55	11
ORPHA:13	0	0	0	31	6
ORPHA:130	0	0	0	12	2
ORPHA:1300	0	0	0	24	7
ORPHA:1308	0	1	0	54	14
ORPHA:1309	0	1	0	5	4
ORPHA:131	0	0	1	23	11
ORPHA:1310	0	0	0	14	11
ORPHA:132	0	0	0	9	7
ORPHA:1328	1	0	0	54	16
ORPHA:133	0	0	0	19	8
ORPHA:1333	0	0	0	24	12
ORPHA:1334	1	0	0	31	11
ORPHA:1338	1	0	0	6	8
ORPHA:134	0	0	0	42	12
ORPHA:1340	1	1	0	79	14
ORPHA:1344	1	0	0	32	8
ORPHA:1349	1	0	0	30	9
ORPHA:1358	0	1	0	36	9
ORPHA:1359	1	0	0	64	13
ORPHA:136	0	0	0	40	9
ORPHA:1366	0	0	0	10	4
ORPHA:1369	1	0	0	10	4
ORPHA:137605	1	1	0	42	15
ORPHA:137608	0	0	0	19	12
ORPHA:137625	1	0	0	11	6
ORPHA:137634	1	0	0	26	8
ORPHA:137675	1	1	0	44	12
ORPHA:137681	0	0	0	21	9
ORPHA:1377	0	0	0	7	1
ORPHA:137754	0	0	0	13	7
ORPHA:137831	0	0	0	33	4
ORPHA:137834	1	0	0	33	10
ORPHA:137888	0	0	0	33	10
ORPHA:137898	0	0	0	50	7
ORPHA:138	1	1	0	94	15
ORPHA:1387	0	0	0	30	11
ORPHA:1388	1	0	0	25	10
ORPHA:139	1	1	0	23	8
ORPHA:1393	1	1	0	27	10
ORPHA:139396	0	0	0	50	10
ORPHA:139399	0	0	0	49	10
ORPHA:1394	0	0	0	35	8
ORPHA:139406	0	0	0	10	7
ORPHA:139411	0	0	0	21	10
ORPHA:139466	1	1	0	15	9
ORPHA:139471	0	0	0	23	9
ORPHA:139474	0	0	0	16	6
ORPHA:139480	0	0	0	9	2
ORPHA:139485	0	0	0	24	8
ORPHA:139536	0	0	0	16	3
ORPHA:139578	0	0	0	18	5
ORPHA:14	1	0	0	63	14
ORPHA:140	0	1	0	38	11
ORPHA:1401	0	0	0	20	8
ORPHA:140905	0	0	0	5	3
ORPHA:140908	0	0	0	9	3
ORPHA:140927	0	0	0	15	5
ORPHA:140941	0	0	0	7	5
ORPHA:140944	0	1	0	43	12
ORPHA:140952	1	1	1	28	11
ORPHA:140957	0	0	0	9	5
ORPHA:140966	0	0	0	2	2
ORPHA:140976	0	1	0	19	9
ORPHA:1410	0	0	0	6	1
ORPHA:1412	0	0	0	3	3
ORPHA:141291	0	0	0	12	7
ORPHA:1415	1	1	0	24	9
ORPHA:1416	0	0	0	17	6
ORPHA:1422	0	0	0	22	8
ORPHA:1425	1	0	0	29	10
ORPHA:1426	0	0	0	18	7
ORPHA:1427	0	0	0	43	7
ORPHA:1429	0	0	0	2	1
ORPHA:143	0	1	1	36	13
ORPHA:1435	0	1	0	39	9
ORPHA:144	1	0	0	62	15
ORPHA:145	0	0	0	7	4
ORPHA:1451	0	0	0	44	15
ORPHA:1452	0	0	0	55	10
ORPHA:1454	0	1	1	48	15
ORPHA:1458	1	0	0	33	11
ORPHA:1465	1	1	0	65	15
ORPHA:1466	0	0	0	33	12
ORPHA:147	0	0	0	7	5
ORPHA:1473	0	0	0	16	5
ORPHA:1475	0	1	1	14	4
ORPHA:1479	1	0	0	3	1
ORPHA:1486	0	0	0	18	8
ORPHA:1490	0	0	0	5	2
ORPHA:1493	1	0	0	35	15
ORPHA:1496	0	0	0	14	4
ORPHA:1497	0	0	0	7	4
ORPHA:15	0	0	0	39	8
ORPHA:1501	0	0	0	29	12
ORPHA:1507	1	1	0	80	13
ORPHA:1509	0	0	0	5	2
ORPHA:1513	0	0	0	13	7
ORPHA:1515	0	0	0	30	6
ORPHA:1517	1	0	0	38	7
ORPHA:1519	1	1	0	39	9
ORPHA:1520	0	0	0	42	10
ORPHA:1522	0	0	0	13	6
ORPHA:1525	0	0	0	14	7
ORPHA:1529	0	0	0	17	5
ORPHA:154	1	0	0	13	7
ORPHA:1540	0	0	0	21	4
ORPHA:1545	0	0	0	23	10
ORPHA:1552	0	1	0	30	10
ORPHA:1553	0	0	0	19	7
ORPHA:1555	0	0	0	44	12
ORPHA:1556	0	1	0	32	13
ORPHA:155878	0	0	0	6	5
ORPHA:156	1	0	0	21	7
ORPHA:156728	0	0	0	11	5
ORPHA:1568	0	0	0	7	6
ORPHA:1571	1	0	0	26	9
ORPHA:157215	0	1	0	21	8
ORPHA:1573	0	0	0	15	7
ORPHA:157794	0	0	0	18	6
ORPHA:157798	0	0	0	14	6
ORPHA:1578	0	0	0	13	4
ORPHA:157801	0	0	0	12	2
ORPHA:157846	0	0	0	43	7
ORPHA:157941	0	0	0	44	5
ORPHA:157954	0	0	0	28	9
ORPHA:157965	0	0	0	20	8
ORPHA:157973	0	0	0	22	8
ORPHA:158	0	0	0	9	4
ORPHA:158668	0	0	0	26	10
ORPHA:158673	0	0	0	20	6
ORPHA:158676	0	0	0	11	1
ORPHA:158681	0	0	0	19	6
ORPHA:158684	0	1	0	29	8
ORPHA:158687	1	0	0	27	9
ORPHA:1587	0	0	0	30	11
ORPHA:159	1	0	0	30	11
ORPHA:1596	1	1	0	59	13
ORPHA:16	0	0	0	12	2
ORPHA:1606	1	1	0	99	15
ORPHA:1617	0	0	0	28	8
ORPHA:1627	1	0	0	14	9
ORPHA:163	0	0	0	2	2
ORPHA:163596	1	0	0	12	8
ORPHA:163634	0	0	0	24	12
ORPHA:163681	0	0	0	49	9
ORPHA:163690	0	1	0	14	10
ORPHA:163693	0	1	0	19	12
ORPHA:163721	0	0	0	18	3
ORPHA:163727	0	0	0	8	2
ORPHA:163746	0	0	0	36	11
ORPHA:163937	0	0	0	46	8
ORPHA:163956	1	0	0	64	16
ORPHA:163966	0	0	0	24	8
ORPHA:163976	0	0	0	21	9
ORPHA:163985	0	0	0	9	3
ORPHA:1646	0	0	0	6	1
ORPHA:1658	0	0	0	9	5
ORPHA:166002	0	0	0	24	5
ORPHA:166024	0	0	0	22	7
ORPHA:166035	1	1	0	46	12
ORPHA:166063	0	0	0	14	5
ORPHA:166100	0	0	0	12	6
ORPHA:166108	0	0	0	33	8
ORPHA:166119	1	0	0	33	10
ORPHA:1662	1	0	0	58	14
ORPHA:166272	0	0	0	22	7
ORPHA:1667	1	0	1	40	14
ORPHA:167	1	0	0	76	11
ORPHA:1675	0	0	0	55	11
ORPHA:168558	0	0	0	51	11
ORPHA:168563	0	0	0	26	6
ORPHA:168569	0	1	0	50	17
ORPHA:168572	0	0	0	34	13
ORPHA:168577	0	0	0	32	14
ORPHA:168588	0	0	0	10	4
ORPHA:168593	0	0	0	17	9
ORPHA:168624	0	0	0	14	5
ORPHA:168796	1	0	0	7	3
ORPHA:168829	0	0	0	6	4
ORPHA:168984	0	0	0	20	10
ORPHA:169079	0	0	0	16	8
ORPHA:169095	0	0	0	5	3
ORPHA:169154	0	0	0	28	10
ORPHA:169160	0	0	0	23	11
ORPHA:169186	1	0	0	36	9
ORPHA:169189	0	0	0	30	14
ORPHA:169802	0	0	0	27	11
ORPHA:169805	0	0	0	26	11
ORPHA:17	1	1	0	64	15
ORPHA:170	0	0	0	12	3
ORPHA:171	0	0	1	55	17
ORPHA:1713	0	0	0	35	11
ORPHA:171430	1	0	0	43	13
ORPHA:171433	1	0	0	29	10
ORPHA:171436	0	0	0	39	10
ORPHA:171439	1	0	0	46	13
ORPHA:171445	1	0	0	22	8
ORPHA:171612	0	0	0	20	5
ORPHA:171629	0	0	0	37	8
ORPHA:171680	0	0	0	29	5
ORPHA:171695	0	0	0	25	7
ORPHA:171703	0	0	0	7	5
ORPHA:171706	0	0	0	18	7
ORPHA:171829	0	0	0	32	9
ORPHA:171851	0	0	0	8	4
ORPHA:171863	0	0	0	17	3
ORPHA:171866	0	0	0	16	8
ORPHA:171876	0	0	0	22	10
ORPHA:171881	1	0	0	30	7
ORPHA:1727	1	1	0	40	12
ORPHA:174	0	0	0	33	5
ORPHA:175	1	0	0	79	16
ORPHA:1762	0	0	0	18	9
ORPHA:1764	0	1	1	37	11
ORPHA:1766	0	0	0	14	4
ORPHA:1770	1	1	0	26	10
ORPHA:1772	1	1	0	60	14
ORPHA:1775	0	0	0	62	17
ORPHA:177901	0	0	0	71	15
ORPHA:177904	0	0	0	71	15
ORPHA:177907	1	0	0	93	15
ORPHA:177910	0	0	0	18	11
ORPHA:177926	0	0	0	12	6
ORPHA:178145	0	0	0	14	4
ORPHA:1782	1	0	0	22	9
ORPHA:178333	0	0	0	9	1
ORPHA:178345	0	0	0	18	8
ORPHA:178377	0	0	0	16	5
ORPHA:178400	0	0	0	13	5
ORPHA:178464	0	0	0	24	5
ORPHA:178509	0	0	0	11	4
ORPHA:1788	0	1	0	20	8
ORPHA:179	0	0	0	23	5
ORPHA:179494	0	0	0	21	13
ORPHA:1797	0	0	0	22	8
ORPHA:180	0	0	0	15	1
ORPHA:1802	0	0	0	13	8
ORPHA:1807	0	0	0	23	6
ORPHA:181	0	0	0	14	8
ORPHA:1810	0	0	0	15	4
ORPHA:182050	0	0	1	16	9
ORPHA:1824	0	0	0	21	8
ORPHA:1826	1	1	0	62	11
ORPHA:1827	0	0	0	37	10
ORPHA:1830	0	1	1	73	18
ORPHA:1832	0	0	0	20	8
ORPHA:183675	0	0	0	47	16
ORPHA:183707	0	0	0	4	3
ORPHA:184	0	0	0	15	7
ORPHA:1848	0	1	0	18	11
ORPHA:1855	0	0	1	52	16
ORPHA:1856	0	0	0	23	6
ORPHA:186	0	0	0	41	13
ORPHA:1860	1	0	0	40	13
ORPHA:1865	1	0	0	41	13
ORPHA:1871	0	0	0	5	2
ORPHA:1872	0	0	0	15	3
ORPHA:1873	0	0	0	9	4
ORPHA:1878	0	0	0	9	6
ORPHA:1879	0	0	0	7	5
ORPHA:1880	1	0	0	27	9
ORPHA:1885	0	0	0	11	5
ORPHA:189	0	0	0	27	5
ORPHA:189427	0	1	0	39	13
ORPHA:1896	0	1	0	61	15
ORPHA:1897	0	0	0	16	5
ORPHA:1899	0	0	0	26	8
ORPHA:190	0	0	0	8	2
ORPHA:1900	1	0	0	66	14
ORPHA:1901	0	0	0	35	9
ORPHA:192	1	0	0	81	10
ORPHA:193	1	0	0	64	16
ORPHA:1930	0	0	0	30	9
ORPHA:1933	0	0	0	23	9
ORPHA:1934	1	1	0	63	13
ORPHA:1941	0	0	0	13	3
ORPHA:1942	0	0	0	44	6
ORPHA:1945	0	0	0	21	4
ORPHA:1946	0	0	0	14	5
ORPHA:1947	0	0	0	40	7
ORPHA:1949	0	0	0	17	6
ORPHA:1955	0	0	0	16	6
ORPHA:198	0	0	0	70	12
ORPHA:1980	0	0	0	33	9
ORPHA:1986	0	0	0	5	2
ORPHA:199	1	1	1	100	16
ORPHA:199241	1	0	0	25	10
ORPHA:199296	0	0	0	11	8
ORPHA:199302	1	0	0	19	11
ORPHA:199306	0	0	0	21	7
ORPHA:199318	0	0	0	21	9
ORPHA:199343	0	0	0	26	7
ORPHA:199351	0	0	0	32	6
ORPHA:199354	0	0	0	32	8
ORPHA:1997	0	0	0	14	7
ORPHA:20	1	0	0	54	13
ORPHA:201	0	0	0	57	15
ORPHA:2020	1	0	0	59	13
ORPHA:2021	0	0	0	29	9
ORPHA:2024	0	0	0	2	2
ORPHA:2026	0	0	0	13	4
ORPHA:2028	0	0	0	16	6
ORPHA:2032	0	0	0	20	7
ORPHA:2036	0	1	0	25	11
ORPHA:2044	1	1	1	79	14
ORPHA:2050	0	0	0	26	7
ORPHA:2052	0	1	0	66	12
ORPHA:2053	0	0	0	31	13
ORPHA:2056	0	0	0	6	3
ORPHA:2059	1	1	0	51	13
ORPHA:206436	0	0	0	70	13
ORPHA:206443	0	0	0	46	7
ORPHA:206448	0	0	0	44	7
ORPHA:2065	0	0	0	28	12
ORPHA:206546	1	0	0	20	6
ORPHA:206549	1	0	0	35	8
ORPHA:206559	1	0	0	20	5
ORPHA:206583	0	0	0	18	5
ORPHA:206599	0	0	0	3	2
ORPHA:2066	0	0	0	22	8
ORPHA:2067	0	1	0	54	15
ORPHA:207	0	0	0	33	9
ORPHA:2072	1	0	0	57	15
ORPHA:2073	0	0	0	30	9
ORPHA:2078	0	0	0	30	7
ORPHA:2084	0	0	0	3	2
ORPHA:208441	0	0	0	29	9
ORPHA:208447	0	0	0	51	6
ORPHA:208513	0	0	0	20	3
ORPHA:2088	0	1	0	31	9
ORPHA:2089	0	0	0	14	5
ORPHA:2092	1	1	0	69	15
ORPHA:209335	0	0	0	20	5
ORPHA:209370	0	0	0	19	6
ORPHA:2095	0	0	0	28	10
ORPHA:2098	0	0	0	18	4
ORPHA:209902	0	0	0	15	5
ORPHA:209905	1	0	0	60	11
ORPHA:209908	0	0	0	23	5
ORPHA:209951	0	0	0	34	8
ORPHA:209967	0	0	0	14	4
ORPHA:209981	0	0	0	10	4
ORPHA:210110	0	0	0	23	11
ORPHA:210122	1	1	0	23	8
ORPHA:210128	0	0	0	11	5
ORPHA:210548	0	0	0	24	11
ORPHA:210571	0	0	0	15	6
ORPHA:2108	0	0	0	50	14
ORPHA:211	0	0	0	2	2
ORPHA:211067	0	0	0	6	3
ORPHA:2114	0	0	0	11	2
ORPHA:2116	0	0	0	30	10
ORPHA:2117	0	0	0	17	8
ORPHA:2118	0	0	0	9	6
ORPHA:212	0	1	0	8	5
ORPHA:2122	0	0	0	14	5
ORPHA:2126	0	0	0	29	13
ORPHA:2128	0	0	0	12	9
ORPHA:2131	1	0	0	65	11
ORPHA:2133	0	0	0	13	6
ORPHA:2136	1	1	0	51	18
ORPHA:2138	0	0	0	14	1
ORPHA:2140	0	0	0	8	4
ORPHA:2143	1	0	0	28	10
ORPHA:2148	0	0	0	30	6
ORPHA:215	0	0	0	14	1
ORPHA:2151	0	0	0	8	6
ORPHA:2157	0	0	0	7	3
ORPHA:216866	0	0	0	28	8
ORPHA:216873	0	0	0	30	5
ORPHA:2169	0	1	0	50	13
ORPHA:217012	0	0	0	11	4
ORPHA:217059	0	0	0	17	5
ORPHA:217266	0	1	0	7	6
ORPHA:217335	0	0	0	28	12
ORPHA:217377	0	0	0	12	6
ORPHA:217385	0	0	0	19	9
ORPHA:217390	0	0	0	18	12
ORPHA:217563	1	0	0	11	2
ORPHA:2176	0	0	0	37	11
ORPHA:217622	1	0	0	5	3
ORPHA:2177	1	0	0	28	10
ORPHA:218	0	0	0	25	9
ORPHA:2182	0	0	0	15	5
ORPHA:2189	0	0	0	28	10
ORPHA:219	0	0	0	6	4
ORPHA:2196	0	1	0	11	6
ORPHA:2197	0	1	0	7	3
ORPHA:2198	0	0	0	15	10
ORPHA:2199	0	0	0	15	4
ORPHA:22	0	0	0	9	3
ORPHA:220	0	0	0	7	4
ORPHA:2202	0	0	0	3	3
ORPHA:220295	0	0	0	29	11
ORPHA:2203	0	0	0	57	13
ORPHA:220386	1	0	0	72	14
ORPHA:220393	0	0	1	26	10
ORPHA:220402	0	0	0	15	8
ORPHA:220460	0	1	0	23	8
ORPHA:220493	1	0	0	40	11
ORPHA:220497	0	0	1	36	12
ORPHA:2209	1	1	0	32	10
ORPHA:221008	0	0	0	64	15
ORPHA:221016	0	0	0	67	14
ORPHA:221061	0	0	0	25	10
ORPHA:221139	0	1	0	69	16
ORPHA:2224	0	0	0	3	3
ORPHA:2228	0	0	0	16	3
ORPHA:2229	1	0	0	7	7
ORPHA:223	0	0	1	21	8
ORPHA:2237	1	1	1	22	13
ORPHA:2239	0	0	0	8	4
ORPHA:2241	1	1	0	17	7
ORPHA:2248	1	0	0	8	3
ORPHA:2250	0	0	0	32	8
ORPHA:225154	0	0	0	36	6
ORPHA:2253	0	0	0	7	2
ORPHA:2254	0	0	0	29	7
ORPHA:2255	1	0	0	40	12
ORPHA:226	0	0	0	4	4
ORPHA:226307	0	0	0	51	14
ORPHA:226316	0	0	0	21	9
ORPHA:2268	0	0	0	23	12
ORPHA:2273	0	1	0	78	14
ORPHA:227510	0	0	0	35	8
ORPHA:228169	0	0	0	7	3
ORPHA:228302	0	1	1	21	4
ORPHA:228305	1	0	0	29	9
ORPHA:228308	1	1	1	43	9
ORPHA:228384	0	0	0	24	7
ORPHA:228390	0	0	0	30	10
ORPHA:228402	0	0	0	32	8
ORPHA:228415	0	0	0	9	5
ORPHA:228423	0	0	0	28	13
ORPHA:228426	0	0	0	38	14
ORPHA:2289	0	0	0	18	4
ORPHA:229	1	0	0	19	5
ORPHA:2290	0	1	0	11	6
ORPHA:2297	0	0	0	7	5
ORPHA:23	0	0	1	51	12
ORPHA:230	0	0	0	28	13
ORPHA:2301	0	0	0	7	6
ORPHA:2307	0	0	0	18	11
ORPHA:2308	1	1	0	76	15
ORPHA:230839	1	0	0	20	8
ORPHA:230851	1	0	0	49	13
ORPHA:2309	0	0	0	27	11
ORPHA:2311	0	0	0	38	11
ORPHA:231140	0	0	0	28	10
ORPHA:231144	0	0	0	19	7
ORPHA:231154	0	0	0	10	5
ORPHA:231160	0	0	0	15	4
ORPHA:231169	0	0	0	16	3
ORPHA:231178	0	0	0	21	4
ORPHA:231183	0	0	0	12	3
ORPHA:231214	1	0	0	50	15
ORPHA:231222	0	0	0	36	12
ORPHA:231226	1	0	0	49	15
ORPHA:231237	0	0	0	3	1
ORPHA:231242	0	0	0	4	4
ORPHA:231249	0	0	0	4	3
ORPHA:231393	0	0	0	6	4
ORPHA:2314	0	0	0	49	14
ORPHA:231401	0	0	0	12	8
ORPHA:2315	1	1	0	37	13
ORPHA:231568	0	0	0	15	3
ORPHA:231720	0	0	0	10	6
ORPHA:2318	0	0	1	37	12
ORPHA:2319	0	1	0	26	9
ORPHA:232	0	0	1	37	14
ORPHA:2322	1	1	0	92	17
ORPHA:2323	0	0	0	36	13
ORPHA:233	0	1	0	62	10
ORPHA:2332	1	0	0	40	11
ORPHA:2334	0	0	0	16	2
ORPHA:2337	0	0	0	10	4
ORPHA:234	0	0	0	11	6
ORPHA:2340	0	0	0	17	8
ORPHA:2342	0	0	0	17	6
ORPHA:2345	1	1	0	32	9
ORPHA:2348	1	1	0	34	11
ORPHA:235	1	1	0	102	17
ORPHA:2363	0	1	0	63	12
ORPHA:2377	0	0	1	24	13
ORPHA:2378	0	0	0	28	6
ORPHA:2379	0	0	0	9	4
ORPHA:2380	0	0	0	8	4
ORPHA:2382	0	0	0	25	2
ORPHA:238329	0	0	0	23	6
ORPHA:238446	0	0	0	19	6
ORPHA:238455	0	0	0	20	6
ORPHA:238459	0	0	0	13	6
ORPHA:238578	0	0	0	4	4
ORPHA:2387	0	1	0	8	9
ORPHA:238722	0	0	0	14	5
ORPHA:238769	1	1	0	33	9
ORPHA:2388	1	0	0	86	12
ORPHA:239	0	0	0	59	11
ORPHA:2394	1	0	0	28	11
ORPHA:2396	1	0	0	55	8
ORPHA:2398	0	0	0	10	6
ORPHA:24	0	0	0	44	11
ORPHA:240	0	0	0	37	6
ORPHA:240071	0	0	0	28	6
ORPHA:240085	0	0	0	20	5
ORPHA:240094	0	0	0	21	6
ORPHA:240103	0	0	0	30	7
ORPHA:240112	0	0	0	21	5
ORPHA:2407	0	0	0	22	7
ORPHA:241	0	0	0	9	3
ORPHA:2412	1	0	0	20	8
ORPHA:242	0	0	0	4	2
ORPHA:243	0	0	0	25	12
ORPHA:243343	0	0	0	5	3
ORPHA:2438	1	0	0	25	8
ORPHA:244	1	0	0	47	11
ORPHA:2440	0	0	0	8	4
ORPHA:244242	0	0	1	32	12
ORPHA:244310	0	0	0	22	10
ORPHA:245	0	1	0	29	10
ORPHA:246	0	0	0	20	8
ORPHA:2460	0	1	0	38	8
ORPHA:2461	1	1	0	61	10
ORPHA:2462	1	0	0	53	12
ORPHA:2466	0	0	0	13	4
ORPHA:2470	0	1	0	20	10
ORPHA:247262	0	1	0	62	14
ORPHA:2473	1	1	0	28	8
ORPHA:247353	0	0	1	27	12
ORPHA:247585	0	0	0	46	9
ORPHA:247598	0	0	0	41	10
ORPHA:247604	0	0	0	15	4
ORPHA:247691	1	1	0	50	14
ORPHA:2477	1	0	0	16	8
ORPHA:247768	0	1	0	22	9
ORPHA:247798	0	0	0	7	3
ORPHA:2478	0	0	0	18	3
ORPHA:247815	0	0	0	19	5
ORPHA:248	0	0	0	10	2
ORPHA:248111	0	0	0	24	4
ORPHA:2484	1	1	0	35	11
ORPHA:2495	0	0	0	74	19
ORPHA:2499	0	0	0	7	5
ORPHA:25	0	0	1	43	13
ORPHA:2500	0	0	0	19	7
ORPHA:2501	0	0	0	17	5
ORPHA:2505	0	0	0	30	13
ORPHA:2508	0	1	0	21	9
ORPHA:250923	0	0	0	27	5
ORPHA:250972	0	0	0	14	3
ORPHA:250977	0	0	0	10	6
ORPHA:250984	0	0	0	23	6
ORPHA:2510	0	1	0	42	9
ORPHA:251019	0	0	0	43	10
ORPHA:251028	1	0	0	82	11
ORPHA:251056	0	0	0	32	9
ORPHA:251061	1	0	0	50	16
ORPHA:251066	1	0	0	36	14
ORPHA:251071	1	0	0	49	11
ORPHA:2512	0	1	0	17	5
ORPHA:251274	1	0	0	17	10
ORPHA:251282	0	0	0	26	6
ORPHA:251347	0	0	0	34	8
ORPHA:251380	0	0	0	13	7
ORPHA:251383	0	0	0	35	9
ORPHA:251393	0	0	0	19	4
ORPHA:2514	0	0	0	6	6
ORPHA:251510	0	0	0	43	9
ORPHA:251636	0	0	0	15	9
ORPHA:2518	0	0	0	22	7
ORPHA:251992	0	0	0	16	13
ORPHA:2524	0	0	0	40	9
ORPHA:2526	1	0	0	67	14
ORPHA:254343	0	0	0	16	5
ORPHA:254361	0	0	0	35	12
ORPHA:254525	1	0	0	22	10
ORPHA:254528	0	1	0	38	11
ORPHA:254531	0	0	0	28	10
ORPHA:254534	1	0	0	19	6
ORPHA:254704	0	0	0	8	5
ORPHA:254857	1	0	1	11	8
ORPHA:254864	0	0	0	24	8
ORPHA:254875	0	0	0	39	10
ORPHA:254881	0	0	0	28	6
ORPHA:254886	1	0	0	42	12
ORPHA:254892	1	0	0	81	15
ORPHA:254913	1	1	0	40	13
ORPHA:254930	0	0	0	42	7
ORPHA:255138	0	0	0	23	7
ORPHA:255182	0	0	0	23	6
ORPHA:255210	1	1	0	53	10
ORPHA:2554	0	0	0	49	10
ORPHA:2556	1	0	0	77	11
ORPHA:256	0	0	0	5	3
ORPHA:257	0	0	0	19	6
ORPHA:2570	0	1	0	24	11
ORPHA:2573	0	0	0	5	3
ORPHA:2576	0	0	0	9	5
ORPHA:2578	0	1	0	12	6
ORPHA:258	1	0	0	53	11
ORPHA:2584	0	0	0	29	10
ORPHA:2585	0	0	0	18	12
ORPHA:2588	1	0	0	47	12
ORPHA:2590	0	0	0	33	11
ORPHA:2591	0	0	0	28	11
ORPHA:2593	0	0	0	9	4
ORPHA:2596	0	0	0	32	9
ORPHA:2598	0	0	0	19	9
ORPHA:2604	0	0	0	23	11
ORPHA:2609	1	0	0	37	14
ORPHA:261144	0	0	0	29	7
ORPHA:261183	1	0	0	31	6
ORPHA:261190	1	0	0	28	11
ORPHA:261197	1	1	0	52	11
ORPHA:2612	0	0	0	31	9
ORPHA:261222	0	1	1	26	10
ORPHA:261229	0	0	0	24	8
ORPHA:261250	1	0	0	47	12
ORPHA:261265	0	1	1	21	10
ORPHA:261279	1	0	0	46	13
ORPHA:261295	1	0	0	23	8
ORPHA:2613	0	1	1	6	4
ORPHA:261323	1	0	0	59	13
ORPHA:261330	1	0	0	60	16
ORPHA:2614	0	1	1	72	12
ORPHA:261483	0	0	0	19	10
ORPHA:261537	1	1	0	127	17
ORPHA:261552	1	1	0	147	17
ORPHA:261584	0	0	0	35	12
ORPHA:2616	0	0	0	42	9
ORPHA:261652	1	0	0	50	14
ORPHA:2623	1	0	0	47	14
ORPHA:2632	0	0	0	13	4
ORPHA:263297	1	0	0	25	8
ORPHA:263410	0	0	0	25	4
ORPHA:263455	0	0	0	33	10
ORPHA:263458	0	0	0	9	4
ORPHA:263463	0	0	0	26	9
ORPHA:263487	0	0	0	46	15
ORPHA:263494	1	0	0	15	6
ORPHA:2635	0	0	0	26	8
ORPHA:263501	0	0	0	33	13
ORPHA:263508	1	0	0	43	12
ORPHA:263516	0	0	0	22	4
ORPHA:263534	0	0	0	12	5
ORPHA:2636	0	1	0	74	13
ORPHA:2637	1	0	0	52	14
ORPHA:2639	0	0	0	15	5
ORPHA:2645	0	0	0	20	9
ORPHA:264580	1	0	0	51	12
ORPHA:264675	0	0	0	15	5
ORPHA:2658	0	0	0	58	11
ORPHA:2662	0	0	0	24	10
ORPHA:267	0	0	0	21	4
ORPHA:2670	0	1	1	17	6
ORPHA:2678	0	0	0	2	1
ORPHA:26792	1	0	0	24	10
ORPHA:26793	1	0	0	40	11
ORPHA:268	1	0	0	29	7
ORPHA:2680	0	0	0	5	3
ORPHA:268261	1	1	0	97	15
ORPHA:2686	0	0	0	32	12
ORPHA:268882	0	0	0	44	10
ORPHA:269	0	0	0	37	12
ORPHA:2697	0	1	0	32	14
ORPHA:2698	0	0	0	7	3
ORPHA:270	0	0	0	26	11
ORPHA:2701	1	0	0	29	10
ORPHA:2704	0	1	1	11	6
ORPHA:2707	0	0	0	44	10
ORPHA:2710	1	0	0	83	11
ORPHA:2712	1	0	0	43	10
ORPHA:2717	0	0	0	10	4
ORPHA:272	1	0	0	31	8
ORPHA:274	0	1	0	21	10
ORPHA:2744	0	0	0	16	6
ORPHA:2745	1	1	0	75	13
ORPHA:2746	0	0	0	27	9
ORPHA:275	0	0	0	27	13
ORPHA:2750	0	1	1	65	13
ORPHA:2751	1	0	0	49	13
ORPHA:2753	0	1	0	69	16
ORPHA:2754	1	1	0	52	13
ORPHA:275555	0	0	1	27	13
ORPHA:275864	0	0	0	40	3
ORPHA:275872	0	0	0	35	7
ORPHA:276	0	0	0	33	11
ORPHA:276152	0	0	0	39	11
ORPHA:276193	0	0	0	18	6
ORPHA:276198	0	0	0	27	7
ORPHA:2762	0	0	0	12	6
ORPHA:276238	0	0	0	34	8
ORPHA:276241	0	0	0	34	8
ORPHA:276244	0	0	0	38	8
ORPHA:276280	0	1	0	19	10
ORPHA:276399	0	0	0	14	8
ORPHA:276432	1	0	0	41	12
ORPHA:276435	0	0	0	26	8
ORPHA:276556	1	0	0	26	7
ORPHA:276575	1	0	0	28	7
ORPHA:276580	1	0	0	29	8
ORPHA:276621	0	1	0	36	14
ORPHA:276630	0	0	0	21	7
ORPHA:277	0	0	0	20	12
ORPHA:2770	0	0	0	28	8
ORPHA:2771	0	0	0	14	6
ORPHA:2774	0	0	0	21	9
ORPHA:2780	0	0	0	44	8
ORPHA:2785	0	1	0	60	16
ORPHA:2788	0	0	0	34	10
ORPHA:2789	1	0	0	41	9
ORPHA:2790	0	0	0	13	6
ORPHA:2791	0	0	0	26	7
ORPHA:2792	0	1	0	23	8
ORPHA:2796	0	0	0	41	16
ORPHA:280	1	0	0	95	19
ORPHA:280071	0	0	0	40	11
ORPHA:2801	0	0	0	17	9
ORPHA:280195	0	0	0	24	6
ORPHA:2802	0	0	0	32	7
ORPHA:280200	1	1	0	35	13
ORPHA:280210	0	0	0	27	6
ORPHA:280219	0	0	0	27	3
ORPHA:280224	0	0	0	5	3
ORPHA:280229	0	0	0	28	7
ORPHA:280234	0	0	0	15	3
ORPHA:280333	0	0	0	15	4
ORPHA:280356	0	0	0	16	8
ORPHA:280365	1	0	0	49	11
ORPHA:280384	0	0	0	20	7
ORPHA:280397	0	0	0	12	3
ORPHA:280633	1	1	0	86	15
ORPHA:280679	1	0	0	27	11
ORPHA:2807	0	0	0	9	5
ORPHA:280763	0	0	0	37	6
ORPHA:280785	0	0	0	7	6
ORPHA:280794	0	0	0	2	4
ORPHA:281	0	0	0	27	11
ORPHA:281090	0	1	1	21	10
ORPHA:281122	0	0	0	2	2
ORPHA:281127	0	0	0	6	4
ORPHA:281201	0	0	0	2	2
ORPHA:282166	0	0	0	50	7
ORPHA:2822	0	0	0	49	8
ORPHA:2828	0	0	0	34	6
ORPHA:2833	0	1	0	24	12
ORPHA:2834	1	0	0	61	17
ORPHA:2836	0	0	0	42	10
ORPHA:28378	0	0	0	17	7
ORPHA:2841	0	0	0	5	2
ORPHA:284169	1	0	0	46	9
ORPHA:284271	0	0	0	13	3
ORPHA:284282	0	0	0	8	3
ORPHA:284289	0	0	0	28	7
ORPHA:2843	0	0	0	3	2
ORPHA:284324	0	0	0	21	3
ORPHA:284339	0	0	0	37	6
ORPHA:284417	0	0	0	40	10
ORPHA:284426	0	0	1	23	8
ORPHA:2848	1	0	0	21	9
ORPHA:2849	0	0	0	38	14
ORPHA:284979	1	0	0	43	12
ORPHA:284984	1	0	0	51	12
ORPHA:2850	0	0	0	26	10
ORPHA:2856	0	0	0	3	3
ORPHA:286	1	0	0	95	16
ORPHA:2869	0	1	0	33	10
ORPHA:287	1	0	0	66	13
ORPHA:2874	0	1	0	32	11
ORPHA:2879	0	0	0	31	12
ORPHA:288	0	0	0	23	11
ORPHA:2880	0	0	0	22	6
ORPHA:2882	0	0	0	13	8
ORPHA:2884	0	0	0	19	8
ORPHA:2886	1	1	0	55	13
ORPHA:289	1	1	0	51	13
ORPHA:289157	1	0	0	46	13
ORPHA:289176	0	0	0	37	11
ORPHA:289266	0	0	0	29	6
ORPHA:289504	0	0	0	26	8
ORPHA:289548	0	0	0	52	11
ORPHA:2896	0	0	0	69	15
ORPHA:289601	0	0	0	7	3
ORPHA:2897	0	0	0	14	5
ORPHA:289916	0	0	1	22	10
ORPHA:29	0	0	0	17	9
ORPHA:2901	0	0	0	24	8
ORPHA:2903	0	0	0	3	1
ORPHA:29072	0	1	0	41	15
ORPHA:29073	0	0	1	31	13
ORPHA:2908	0	0	0	41	13
ORPHA:2919	1	1	0	27	8
ORPHA:29207	1	0	0	36	13
ORPHA:2924	1	1	0	22	11
ORPHA:293168	0	0	0	11	4
ORPHA:293181	0	0	0	25	7
ORPHA:293381	0	0	0	11	7
ORPHA:293603	0	0	0	9	3
ORPHA:293707	0	0	0	8	3
ORPHA:293843	0	0	0	30	11
ORPHA:293948	0	0	0	25	6
ORPHA:293964	0	0	0	14	9
ORPHA:293978	0	0	0	38	15
ORPHA:294023	1	0	0	18	7
ORPHA:294415	0	1	1	34	10
ORPHA:2953	1	1	0	64	14
ORPHA:296	0	0	0	26	11
ORPHA:2963	0	0	0	28	8
ORPHA:2965	0	0	0	50	12
ORPHA:2969	0	0	0	31	14
ORPHA:2970	1	1	1	34	10
ORPHA:2971	0	0	0	29	10
ORPHA:298	0	0	0	48	14
ORPHA:2990	1	0	0	65	13
ORPHA:2995	0	1	0	61	11
ORPHA:30	0	0	0	16	14
ORPHA:3000	0	0	0	11	7
ORPHA:300179	0	0	0	23	10
ORPHA:3002	0	0	0	20	10
ORPHA:300298	0	0	0	20	10
ORPHA:3005	0	0	0	18	5
ORPHA:300536	0	0	0	23	11
ORPHA:300570	0	0	0	79	8
ORPHA:300573	0	0	0	30	4
ORPHA:3006	0	0	0	35	8
ORPHA:300605	0	0	0	46	8
ORPHA:300751	1	0	0	17	8
ORPHA:3019	0	0	0	17	11
ORPHA:302	0	0	0	11	4
ORPHA:3021	0	0	0	15	11
ORPHA:3027	0	1	1	29	9
ORPHA:3032	0	1	0	10	7
ORPHA:3042	0	0	0	33	12
ORPHA:3047	1	0	0	43	15
ORPHA:3051	0	0	0	50	10
ORPHA:3057	0	0	0	2	1
ORPHA:306	0	0	0	34	4
ORPHA:3063	0	1	0	66	12
ORPHA:306511	0	0	0	19	7
ORPHA:306542	1	0	0	29	10
ORPHA:306550	1	0	0	8	5
ORPHA:306617	0	0	0	9	3
ORPHA:306674	0	0	0	44	9
ORPHA:307	0	0	0	11	3
ORPHA:3071	1	0	0	55	13
ORPHA:3077	0	0	0	26	6
ORPHA:3078	1	0	0	34	12
ORPHA:308	0	0	0	10	2
ORPHA:308552	1	0	0	35	10
ORPHA:3088	0	0	0	17	7
ORPHA:309155	1	0	0	23	9
ORPHA:309162	0	0	0	26	8
ORPHA:309169	0	0	0	19	5
ORPHA:309246	0	0	0	25	6
ORPHA:30925	0	0	0	9	5
ORPHA:309252	0	0	0	19	10
ORPHA:309256	0	0	0	36	9
ORPHA:309263	0	0	0	37	9
ORPHA:309271	0	0	0	48	11
ORPHA:309282	0	0	0	88	16
ORPHA:309288	0	0	0	30	13
ORPHA:3095	0	0	0	54	8
ORPHA:3097	1	1	0	25	6
ORPHA:309854	1	0	0	39	9
ORPHA:31	0	0	0	10	6
ORPHA:3102	0	0	0	29	9
ORPHA:3103	0	1	0	54	13
ORPHA:3107	0	0	0	80	12
ORPHA:3111	0	0	0	10	5
ORPHA:31112	0	0	0	8	5
ORPHA:3115	0	0	0	27	5
ORPHA:31150	1	0	0	22	11
ORPHA:312	0	0	0	11	8
ORPHA:3124	0	0	0	19	5
ORPHA:3129	1	0	0	22	8
ORPHA:313	0	0	1	21	10
ORPHA:313772	0	0	0	24	7
ORPHA:3138	1	1	0	36	12
ORPHA:313855	0	0	0	27	11
ORPHA:313892	0	0	0	31	8
ORPHA:3144	0	0	0	26	8
ORPHA:314404	0	0	0	28	8
ORPHA:314603	0	0	0	16	5
ORPHA:314632	0	0	0	18	4
ORPHA:314647	0	0	0	39	7
ORPHA:314652	1	1	1	24	8
ORPHA:314655	1	0	0	37	11
ORPHA:314662	0	0	0	14	8
ORPHA:314679	1	1	0	44	13
ORPHA:314795	0	0	0	16	5
ORPHA:314802	0	0	0	7	5
ORPHA:314811	0	0	0	11	6
ORPHA:314911	0	0	0	34	8
ORPHA:314918	0	0	0	16	5
ORPHA:314978	0	0	0	16	3
ORPHA:3152	0	0	0	14	8
ORPHA:3156	0	1	1	16	7
ORPHA:3157	0	0	0	33	12
ORPHA:316	0	0	0	3	3
ORPHA:3162	0	0	0	29	14
ORPHA:3163	0	0	0	37	11
ORPHA:3166	0	0	0	36	15
ORPHA:317	0	0	0	29	14
ORPHA:3175	0	0	0	7	2
ORPHA:319182	0	1	0	58	11
ORPHA:319199	0	0	0	16	6
ORPHA:3193	0	0	0	7	3
ORPHA:319332	0	0	0	30	11
ORPHA:319487	0	0	0	15	11
ORPHA:319514	0	0	0	33	9
ORPHA:319552	0	0	0	15	5
ORPHA:319600	0	0	0	3	3
ORPHA:319671	1	0	0	31	8
ORPHA:319675	0	0	0	22	10
ORPHA:3197	0	0	0	21	5
ORPHA:320	1	1	1	17	7
ORPHA:3202	0	0	0	27	8
ORPHA:3203	0	0	0	11	6
ORPHA:320360	1	0	0	17	8
ORPHA:320375	0	0	0	27	5
ORPHA:320380	0	0	0	16	7
ORPHA:320385	0	0	0	23	7
ORPHA:320391	0	0	0	33	7
ORPHA:320396	0	0	0	14	4
ORPHA:3204	0	0	0	12	10
ORPHA:320401	0	0	0	16	6
ORPHA:320406	0	0	0	20	5
ORPHA:320411	0	0	0	14	2
ORPHA:3205	0	0	0	51	13
ORPHA:3206	0	0	0	44	13
ORPHA:3208	1	0	0	50	9
ORPHA:321	0	0	0	56	10
ORPHA:3220	0	0	0	33	11
ORPHA:3237	0	0	0	10	5
ORPHA:3238	1	0	0	11	6
ORPHA:324	1	1	1	76	16
ORPHA:3240	0	0	0	23	10
ORPHA:324262	0	0	0	17	3
ORPHA:324290	0	0	0	12	2
ORPHA:3243	1	0	0	39	12
ORPHA:324410	1	0	0	30	7
ORPHA:324422	0	0	0	19	6
ORPHA:324442	0	0	0	47	6
ORPHA:324525	1	0	1	20	9
ORPHA:324575	0	0	0	30	8
ORPHA:324581	0	0	0	19	7
ORPHA:324588	1	0	0	15	5
ORPHA:324604	1	0	0	29	8
ORPHA:324703	0	0	0	11	3
ORPHA:324708	0	0	0	9	4
ORPHA:324713	0	0	0	7	3
ORPHA:324723	0	0	0	2	1
ORPHA:324737	0	0	0	33	11
ORPHA:325	0	0	0	21	8
ORPHA:3250	0	0	0	15	4
ORPHA:3253	0	0	0	41	11
ORPHA:3255	1	0	0	40	10
ORPHA:3258	0	1	0	41	9
ORPHA:326	0	0	0	19	10
ORPHA:3261	0	1	1	72	17
ORPHA:327	0	0	0	12	9
ORPHA:3275	0	0	0	17	5
ORPHA:328	0	0	0	19	9
ORPHA:3286	0	0	0	10	4
ORPHA:3287	1	1	0	54	14
ORPHA:329	0	0	0	9	6
ORPHA:329178	0	0	0	40	13
ORPHA:329224	1	1	0	59	14
ORPHA:329228	0	0	0	9	3
ORPHA:329249	0	0	0	11	4
ORPHA:329284	0	0	0	22	3
ORPHA:329308	0	0	0	31	4
ORPHA:329314	0	0	0	21	8
ORPHA:329336	1	0	0	32	10
ORPHA:329466	0	0	0	7	4
ORPHA:329475	0	0	0	15	6
ORPHA:329478	1	0	0	30	10
ORPHA:32960	1	0	0	40	14
ORPHA:329967	0	0	0	5	4
ORPHA:329971	0	0	0	11	7
ORPHA:33	0	0	0	29	8
ORPHA:330	0	0	0	9	5
ORPHA:33001	0	1	0	26	13
ORPHA:330050	0	0	0	30	9
ORPHA:330054	0	0	0	13	5
ORPHA:3301	1	1	0	35	12
ORPHA:3303	1	0	0	12	8
ORPHA:33067	0	1	0	25	11
ORPHA:33069	0	0	0	46	5
ORPHA:331	0	0	0	26	11
ORPHA:33110	0	0	0	29	16
ORPHA:331206	0	0	0	29	10
ORPHA:3318	0	0	0	30	10
ORPHA:3319	1	0	0	11	6
ORPHA:332	0	0	0	17	8
ORPHA:3320	1	1	0	34	8
ORPHA:3322	0	0	0	28	8
ORPHA:33226	0	0	1	45	16
ORPHA:3329	0	0	0	18	5
ORPHA:333	0	0	0	70	16
ORPHA:33355	0	0	0	20	11
ORPHA:33364	1	0	0	91	20
ORPHA:3337	0	0	1	29	7
ORPHA:3338	1	0	0	46	11
ORPHA:3339	0	0	0	36	13
ORPHA:334	0	0	0	11	6
ORPHA:33402	0	0	0	9	5
ORPHA:3342	1	0	0	61	12
ORPHA:33445	0	0	0	29	6
ORPHA:3352	0	0	0	16	5
ORPHA:33543	0	0	0	35	8
ORPHA:33572	0	1	0	19	10
ORPHA:33573	0	0	0	10	5
ORPHA:33574	0	0	0	15	9
ORPHA:3363	0	0	0	22	9
ORPHA:3366	0	0	0	12	6
ORPHA:337	0	1	0	35	13
ORPHA:3377	0	0	0	7	5
ORPHA:3384	1	0	0	36	10
ORPHA:3412	0	1	0	33	12
ORPHA:3416	0	0	0	8	5
ORPHA:342	1	1	0	50	13
ORPHA:34217	1	0	0	14	6
ORPHA:343	0	0	0	26	12
ORPHA:3437	0	0	0	37	10
ORPHA:3447	0	0	0	42	12
ORPHA:3449	1	0	0	21	7
ORPHA:34515	1	0	0	17	5
ORPHA:34516	0	0	0	12	3
ORPHA:3452	1	0	0	47	17
ORPHA:3453	0	0	0	38	12
ORPHA:3454	0	0	0	14	4
ORPHA:3455	1	1	0	127	18
ORPHA:34587	1	0	0	6	4
ORPHA:3459	0	0	0	28	11
ORPHA:3463	1	0	0	39	13
ORPHA:347	0	1	1	16	6
ORPHA:3472	1	1	0	90	15
ORPHA:3473	0	0	0	43	13
ORPHA:3474	1	1	0	48	14
ORPHA:348	0	0	0	34	8
ORPHA:349	1	0	0	31	12
ORPHA:35	1	0	0	11	6
ORPHA:35069	0	0	0	52	8
ORPHA:35078	0	0	0	25	12
ORPHA:35093	0	0	0	4	3
ORPHA:35099	0	0	0	11	6
ORPHA:351	0	0	0	9	6
ORPHA:35107	0	1	0	56	13
ORPHA:35122	0	0	0	14	3
ORPHA:35173	0	1	0	46	13
ORPHA:352403	0	0	0	20	3
ORPHA:352447	1	1	0	32	14
ORPHA:352470	0	0	0	20	11
ORPHA:352479	0	0	0	16	10
ORPHA:352490	1	0	0	55	12
ORPHA:352530	0	0	0	31	10
ORPHA:352577	0	0	0	41	8
ORPHA:352582	0	0	0	25	3
ORPHA:352596	0	0	0	22	7
ORPHA:352641	0	0	0	26	9
ORPHA:352649	0	0	0	31	10
ORPHA:352665	1	1	0	90	16
ORPHA:352675	0	0	0	16	5
ORPHA:352682	0	0	0	13	4
ORPHA:352723	0	0	0	15	9
ORPHA:353	1	0	0	27	8
ORPHA:353277	1	1	0	122	15
ORPHA:353281	1	1	0	88	14
ORPHA:353284	1	1	0	123	15
ORPHA:353298	1	0	0	39	17
ORPHA:353327	0	0	0	36	7
ORPHA:356	0	0	0	18	3
ORPHA:35612	0	0	0	6	1
ORPHA:35664	0	0	0	5	4
ORPHA:35689	0	0	0	26	6
ORPHA:356961	1	1	0	74	17
ORPHA:356996	0	0	0	13	4
ORPHA:35701	0	0	0	3	2
ORPHA:35704	0	0	0	17	4
ORPHA:357043	0	0	0	8	3
ORPHA:35706	0	0	0	13	6
ORPHA:357074	0	0	0	57	13
ORPHA:35708	0	0	0	38	11
ORPHA:35710	0	1	1	15	4
ORPHA:35737	0	0	0	7	1
ORPHA:358	1	1	0	68	16
ORPHA:35858	0	0	0	30	11
ORPHA:35878	0	0	0	12	4
ORPHA:35909	0	0	0	18	9
ORPHA:36	0	0	0	18	9
ORPHA:361	1	0	0	36	11
ORPHA:363400	0	0	0	37	9
ORPHA:363417	0	0	0	48	7
ORPHA:363432	0	0	0	11	3
ORPHA:363444	1	1	0	44	11
ORPHA:363454	0	0	0	17	4
ORPHA:363523	0	0	0	16	9
ORPHA:363528	1	1	0	72	14
ORPHA:363549	1	0	0	12	6
ORPHA:363611	1	0	0	71	15
ORPHA:363618	1	0	0	27	12
ORPHA:363623	1	0	0	25	9
ORPHA:363654	0	0	0	14	4
ORPHA:36367	0	0	0	15	6
ORPHA:363686	0	0	0	48	9
ORPHA:363700	1	1	0	71	14
ORPHA:363710	0	0	0	16	4
ORPHA:363717	0	0	0	22	5
ORPHA:363722	0	0	0	20	7
ORPHA:36386	0	0	0	29	9
ORPHA:36387	0	0	0	28	3
ORPHA:364028	0	1	0	57	9
ORPHA:364055	0	0	0	33	3
ORPHA:36412	1	1	1	47	15
ORPHA:36426	1	0	1	39	13
ORPHA:366	0	0	0	7	6
ORPHA:368	1	0	1	24	9
ORPHA:36899	0	0	0	11	3
ORPHA:369	1	0	0	28	10
ORPHA:369837	1	1	0	71	17
ORPHA:369840	1	0	0	27	10
ORPHA:369847	1	0	0	20	7
ORPHA:369873	0	0	0	17	7
ORPHA:369891	1	0	0	66	11
ORPHA:369929	1	1	0	30	13
ORPHA:369939	0	0	0	20	7
ORPHA:369942	0	0	0	17	10
ORPHA:37	0	0	0	31	8
ORPHA:370022	0	0	0	22	4
ORPHA:370097	0	0	0	7	2
ORPHA:370348	0	0	0	37	16
ORPHA:37042	0	1	0	59	13
ORPHA:370921	0	0	0	13	8
ORPHA:370924	0	0	0	17	10
ORPHA:370927	0	1	0	28	10
ORPHA:370930	0	0	0	29	9
ORPHA:370943	0	0	0	10	3
ORPHA:370959	1	0	0	47	7
ORPHA:370968	0	0	0	43	9
ORPHA:370980	0	0	0	27	6
ORPHA:370997	0	0	0	23	4
ORPHA:371	0	0	0	6	3
ORPHA:371428	1	0	0	39	11
ORPHA:373	1	1	0	79	20
ORPHA:37553	1	1	0	51	10
ORPHA:376	0	0	0	14	6
ORPHA:37612	0	0	0	27	9
ORPHA:377	1	0	0	45	11
ORPHA:379	0	0	0	22	13
ORPHA:38	0	0	0	12	4
ORPHA:380	0	0	0	22	6
ORPHA:382	0	0	0	22	2
ORPHA:384	0	0	0	7	2
ORPHA:388	0	0	0	19	6
ORPHA:38874	0	0	0	20	7
ORPHA:389	0	0	0	27	15
ORPHA:39041	0	0	0	28	15
ORPHA:39044	0	0	0	17	6
ORPHA:391307	0	0	0	29	11
ORPHA:391372	1	0	0	60	16
ORPHA:391408	0	0	0	67	10
ORPHA:391411	0	0	0	27	6
ORPHA:391428	1	0	0	51	11
ORPHA:391457	1	0	0	9	6
ORPHA:391474	0	0	0	29	10
ORPHA:391487	1	1	0	47	14
ORPHA:391641	1	1	1	35	10
ORPHA:391646	1	0	0	15	7
ORPHA:391665	1	1	0	33	11
ORPHA:392	1	0	0	29	4
ORPHA:393	0	0	0	4	2
ORPHA:394	0	0	0	62	13
ORPHA:395	0	0	0	50	12
ORPHA:397	1	0	1	69	17
ORPHA:397590	0	0	0	36	16
ORPHA:397612	0	0	0	26	10
ORPHA:397685	0	0	0	9	5
ORPHA:397709	1	0	0	54	12
ORPHA:397715	0	1	1	73	14
ORPHA:397725	0	0	0	13	2
ORPHA:397744	0	0	0	21	8
ORPHA:397933	0	0	0	17	5
ORPHA:397941	0	0	0	53	10
ORPHA:397946	0	0	0	33	5
ORPHA:397951	1	0	0	18	6
ORPHA:398069	1	0	0	80	16
ORPHA:398079	0	0	0	63	14
ORPHA:398189	0	0	0	17	8
ORPHA:399	0	0	0	52	9
ORPHA:399058	1	0	0	21	11
ORPHA:399081	0	0	0	17	4
ORPHA:399086	1	0	0	16	5
ORPHA:399096	0	0	0	13	4
ORPHA:399103	1	0	0	16	7
ORPHA:399805	0	0	0	7	3
ORPHA:40	0	0	0	18	4
ORPHA:401768	1	0	0	25	8
ORPHA:401777	0	0	0	39	7
ORPHA:401780	0	0	0	8	3
ORPHA:401785	0	0	0	13	4
ORPHA:401795	0	0	0	11	4
ORPHA:401800	0	0	0	9	4
ORPHA:401805	0	0	0	9	3
ORPHA:401810	0	0	0	9	5
ORPHA:401815	0	0	0	14	3
ORPHA:401820	0	0	0	15	2
ORPHA:401830	0	0	0	13	4
ORPHA:401835	0	0	0	10	4
ORPHA:401840	0	0	0	13	2
ORPHA:401849	0	0	0	9	5
ORPHA:401866	1	0	0	25	7
ORPHA:401911	0	0	0	7	4
ORPHA:401945	0	0	0	8	4
ORPHA:401973	1	0	0	45	12
ORPHA:401986	0	0	0	18	8
ORPHA:402075	1	0	0	12	2
ORPHA:403	0	0	0	15	11
ORPHA:404	0	0	0	14	10
ORPHA:404443	1	0	0	40	14
ORPHA:404448	0	0	0	80	15
ORPHA:404451	0	0	0	18	6
ORPHA:404454	0	0	0	91	13
ORPHA:404473	0	0	0	32	5
ORPHA:404493	0	0	0	6	3
ORPHA:404499	0	0	0	11	2
ORPHA:41	0	0	0	4	3
ORPHA:411493	0	0	0	27	6
ORPHA:411511	0	0	0	34	8
ORPHA:411515	0	0	0	27	7
ORPHA:411536	0	1	1	15	7
ORPHA:411543	0	1	1	21	8
ORPHA:411590	0	0	0	22	9
ORPHA:411602	0	0	0	34	8
ORPHA:411629	0	1	0	27	8
ORPHA:411634	0	0	1	39	11
ORPHA:411641	0	0	0	4	4
ORPHA:411986	0	0	0	36	6
ORPHA:412	0	1	0	26	11
ORPHA:412057	0	0	0	54	13
ORPHA:412066	0	0	0	23	2
ORPHA:412069	0	0	0	45	8
ORPHA:414	0	0	0	15	6
ORPHA:415	0	0	0	40	10
ORPHA:417	0	0	0	10	9
ORPHA:41751	0	0	0	19	1
ORPHA:419	0	0	0	6	3
ORPHA:42	1	0	0	37	11
ORPHA:420179	0	0	0	38	7
ORPHA:420485	0	0	0	9	4
ORPHA:420492	0	0	0	17	6
ORPHA:420561	0	0	0	48	9
ORPHA:42062	0	0	0	6	2
ORPHA:420741	0	0	0	43	16
ORPHA:423	1	0	1	23	9
ORPHA:423275	0	0	0	14	3
ORPHA:423296	0	0	0	11	3
ORPHA:423461	1	0	0	36	15
ORPHA:423479	0	0	0	35	12
ORPHA:424	0	0	0	17	7
ORPHA:424107	0	0	0	25	10
ORPHA:425	0	0	0	9	5
ORPHA:42665	0	0	0	6	4
ORPHA:428	0	1	0	30	11
ORPHA:429	0	0	0	20	5
ORPHA:431329	0	0	0	14	4
ORPHA:431361	0	0	0	28	11
ORPHA:432	0	0	0	38	11
ORPHA:434179	1	0	0	42	11
ORPHA:435387	0	0	0	43	5
ORPHA:435628	0	0	0	42	10
ORPHA:435638	1	0	0	51	9
ORPHA:435651	0	0	0	16	9
ORPHA:435660	0	0	0	20	8
ORPHA:435804	0	0	0	5	4
ORPHA:435934	0	0	0	13	7
ORPHA:435938	0	0	0	25	13
ORPHA:436141	0	0	0	11	6
ORPHA:436144	0	0	0	3	2
ORPHA:436159	0	0	0	31	14
ORPHA:436174	0	0	0	24	11
ORPHA:436182	0	0	0	9	7
ORPHA:436245	0	0	0	27	7
ORPHA:436252	1	0	0	30	12
ORPHA:436271	1	0	0	38	11
ORPHA:436274	0	0	0	11	3
ORPHA:438114	0	0	0	27	8
ORPHA:438134	0	0	0	16	9
ORPHA:438178	0	0	0	22	7
ORPHA:438216	0	0	0	38	7
ORPHA:438274	0	0	0	10	10
ORPHA:439218	0	0	0	22	7
ORPHA:439822	0	0	0	60	11
ORPHA:44	0	0	0	29	11
ORPHA:440354	0	0	0	19	8
ORPHA:440437	1	0	0	53	14
ORPHA:440713	0	1	1	28	13
ORPHA:442835	0	0	0	48	8
ORPHA:443167	0	0	0	9	7
ORPHA:443811	0	1	0	62	16
ORPHA:444	0	0	0	5	2
ORPHA:444013	1	0	0	27	10
ORPHA:444072	1	1	0	52	12
ORPHA:444077	1	1	0	79	16
ORPHA:444099	0	0	0	19	5
ORPHA:444463	0	0	0	14	7
ORPHA:445038	1	1	1	38	13
ORPHA:445062	0	0	0	15	6
ORPHA:447	0	0	1	44	11
ORPHA:447753	0	0	0	34	9
ORPHA:447757	0	0	0	21	5
ORPHA:447760	0	0	0	29	7
ORPHA:447877	0	0	0	7	5
ORPHA:447896	0	0	0	41	8
ORPHA:447980	1	0	0	51	13
ORPHA:447997	0	0	0	34	11
ORPHA:44890	0	0	0	18	8
ORPHA:45	0	0	0	7	4
ORPHA:452	1	0	0	21	7
ORPHA:453504	1	1	0	90	16
ORPHA:453510	0	0	0	29	9
ORPHA:453521	0	0	0	24	6
ORPHA:453533	0	0	0	23	9
ORPHA:45358	0	0	0	36	9
ORPHA:45448	0	0	0	25	6
ORPHA:454840	0	0	0	15	7
ORPHA:455	0	0	0	7	4
ORPHA:456312	0	0	0	48	13
ORPHA:456328	0	0	0	15	6
ORPHA:457	0	0	0	18	12
ORPHA:457050	0	0	0	13	8
ORPHA:457193	1	1	0	39	12
ORPHA:457212	0	1	0	22	10
ORPHA:457240	0	0	0	37	12
ORPHA:457260	0	0	0	23	7
ORPHA:457279	1	0	0	61	11
ORPHA:457284	0	1	0	38	9
ORPHA:457351	1	0	0	50	12
ORPHA:457359	0	0	0	54	10
ORPHA:457395	1	0	0	73	12
ORPHA:457485	0	0	0	45	16
ORPHA:458798	0	0	0	3	1
ORPHA:458803	0	0	0	32	9
ORPHA:459033	0	0	0	21	7
ORPHA:459056	0	0	0	16	3
ORPHA:459061	1	1	0	40	11
ORPHA:459070	1	0	0	63	16
ORPHA:46	0	0	0	17	4
ORPHA:46059	0	1	0	45	10
ORPHA:461	0	0	0	12	5
ORPHA:46348	0	0	0	2	2
ORPHA:464	0	0	0	67	15
ORPHA:464282	0	0	0	40	10
ORPHA:464288	0	1	0	45	13
ORPHA:464311	1	1	0	68	13
ORPHA:464370	0	0	0	12	8
ORPHA:464440	0	0	0	8	2
ORPHA:464738	1	1	0	69	12
ORPHA:465	1	0	0	25	10
ORPHA:46532	0	0	0	6	6
ORPHA:465508	1	0	0	44	14
ORPHA:466	0	0	0	34	9
ORPHA:46627	1	0	0	28	8
ORPHA:466650	0	0	1	41	11
ORPHA:466688	0	0	0	23	9
ORPHA:466722	0	0	0	37	9
ORPHA:466768	0	0	0	72	11
ORPHA:466791	1	0	0	77	13
ORPHA:466794	0	0	0	25	8
ORPHA:466926	1	0	0	31	12
ORPHA:466934	0	0	0	26	10
ORPHA:466950	0	1	0	68	13
ORPHA:467166	0	0	0	24	4
ORPHA:468620	0	0	0	30	5
ORPHA:468631	0	1	0	73	12
ORPHA:468661	0	0	0	19	6
ORPHA:468678	1	1	0	72	10
ORPHA:468699	0	0	0	41	12
ORPHA:468726	0	0	0	10	4
ORPHA:469	0	0	1	24	9
ORPHA:47	0	0	0	35	16
ORPHA:470	1	1	1	77	12
ORPHA:47045	0	0	0	17	11
ORPHA:474	0	1	1	24	7
ORPHA:475	1	0	0	37	11
ORPHA:476126	1	0	0	55	13
ORPHA:477	0	0	0	60	13
ORPHA:477673	0	0	0	22	7
ORPHA:477774	0	0	0	29	9
ORPHA:477814	0	0	0	22	10
ORPHA:477817	1	1	0	46	10
ORPHA:477993	1	0	0	42	9
ORPHA:478	0	1	0	44	13
ORPHA:478029	0	0	0	22	7
ORPHA:48	0	1	0	7	1
ORPHA:480	1	0	1	30	11
ORPHA:480536	0	1	0	14	6
ORPHA:480864	0	0	0	51	10
ORPHA:480880	1	1	0	90	17
ORPHA:480898	0	0	0	31	9
ORPHA:480907	0	0	0	45	10
ORPHA:481	0	0	0	13	7
ORPHA:481152	0	0	0	62	9
ORPHA:482601	1	0	0	37	8
ORPHA:48431	0	0	0	32	9
ORPHA:485	0	0	0	51	11
ORPHA:485350	0	0	0	45	7
ORPHA:485421	0	0	0	29	8
ORPHA:486	0	0	0	31	11
ORPHA:486815	0	0	0	30	13
ORPHA:487796	1	1	0	71	16
ORPHA:487825	0	0	0	48	10
ORPHA:48818	0	0	0	41	9
ORPHA:488191	0	0	0	6	2
ORPHA:488232	0	0	0	13	4
ORPHA:488333	0	0	0	20	4
ORPHA:488437	0	0	0	22	9
ORPHA:488594	0	0	0	17	5
ORPHA:488613	0	1	0	29	9
ORPHA:488618	1	1	0	27	13
ORPHA:488627	0	1	1	40	11
ORPHA:488632	1	0	0	73	15
ORPHA:488635	0	0	0	33	7
ORPHA:488642	0	1	0	52	11
ORPHA:488650	0	0	0	18	6
ORPHA:49382	0	0	0	20	3
ORPHA:494	0	0	0	17	9
ORPHA:494344	1	0	0	52	10
ORPHA:494444	0	0	0	6	5
ORPHA:494526	0	0	0	13	4
ORPHA:494541	0	0	0	7	1
ORPHA:495818	0	0	0	53	13
ORPHA:495875	0	1	0	52	12
ORPHA:496641	0	0	0	56	15
ORPHA:496689	0	0	0	22	7
ORPHA:496756	0	0	0	24	6
ORPHA:496790	1	0	0	36	11
ORPHA:497764	0	0	0	22	5
ORPHA:49827	1	0	0	20	10
ORPHA:498359	0	0	0	12	6
ORPHA:5	1	0	0	25	7
ORPHA:500	1	1	0	50	15
ORPHA:500055	0	0	0	53	13
ORPHA:500095	1	1	0	47	13
ORPHA:500144	0	0	0	30	10
ORPHA:500150	1	1	0	105	17
ORPHA:500159	1	0	0	50	14
ORPHA:500166	0	0	0	20	6
ORPHA:500180	0	0	0	33	5
ORPHA:500533	1	1	0	34	10
ORPHA:500545	0	0	0	23	7
ORPHA:501	0	0	0	35	6
ORPHA:502	0	0	0	38	12
ORPHA:502423	0	0	0	47	13
ORPHA:502430	1	0	0	29	11
ORPHA:502434	0	1	0	38	11
ORPHA:50251	0	0	0	17	9
ORPHA:503	0	0	0	27	11
ORPHA:504476	0	0	0	16	4
ORPHA:505	0	0	0	7	2
ORPHA:505216	0	0	0	25	8
ORPHA:505237	1	0	0	53	10
ORPHA:505248	1	1	0	71	14
ORPHA:505652	0	0	0	52	11
ORPHA:506	1	0	0	98	15
ORPHA:506353	0	0	0	22	7
ORPHA:506358	1	1	0	73	15
ORPHA:508	1	1	0	47	14
ORPHA:508093	0	0	0	31	7
ORPHA:50814	0	0	0	34	9
ORPHA:508488	1	1	0	101	16
ORPHA:508498	1	1	0	78	11
ORPHA:508533	1	1	0	95	17
ORPHA:508542	1	0	0	38	13
ORPHA:50942	0	0	0	3	2
ORPHA:50943	0	0	0	3	3
ORPHA:50944	0	0	0	12	6
ORPHA:50945	0	0	0	37	11
ORPHA:51	1	0	0	72	16
ORPHA:510	0	0	1	11	5
ORPHA:51083	0	0	0	9	3
ORPHA:51188	0	0	0	18	10
ORPHA:51208	1	0	0	13	5
ORPHA:512260	0	0	0	17	4
ORPHA:513436	0	0	0	28	6
ORPHA:513456	1	0	0	62	13
ORPHA:51608	1	1	0	60	16
ORPHA:51636	1	0	0	34	14
ORPHA:520	0	0	0	36	14
ORPHA:52022	0	0	0	23	10
ORPHA:52055	1	0	0	24	7
ORPHA:521	0	0	0	11	7
ORPHA:521258	0	0	0	20	6
ORPHA:521390	0	0	0	14	6
ORPHA:521406	0	0	0	26	5
ORPHA:521411	1	0	0	21	7
ORPHA:521426	0	0	0	51	11
ORPHA:521445	0	1	0	27	10
ORPHA:522077	1	0	0	60	9
ORPHA:523	0	0	0	11	6
ORPHA:52368	0	0	0	41	11
ORPHA:524	0	0	0	35	11
ORPHA:52416	0	0	0	9	8
ORPHA:52417	0	0	0	17	14
ORPHA:52427	0	0	0	19	4
ORPHA:52429	0	0	0	16	5
ORPHA:52430	1	0	0	43	11
ORPHA:52503	0	0	0	26	8
ORPHA:526	0	0	1	9	6
ORPHA:527497	0	0	0	25	4
ORPHA:52901	0	0	0	22	8
ORPHA:529665	0	0	0	31	5
ORPHA:529962	0	0	0	47	13
ORPHA:529965	0	0	0	19	7
ORPHA:529970	0	0	0	7	4
ORPHA:53	0	0	0	36	11
ORPHA:530	0	0	0	23	9
ORPHA:53035	0	1	0	33	11
ORPHA:530838	0	0	0	15	6
ORPHA:531	0	0	0	18	10
ORPHA:53271	0	0	0	21	7
ORPHA:53351	0	0	0	19	6
ORPHA:534	0	1	1	120	17
ORPHA:53583	0	0	0	13	3
ORPHA:536	0	1	0	44	13
ORPHA:536467	1	0	0	83	14
ORPHA:536516	0	0	0	49	10
ORPHA:536532	1	0	0	63	14
ORPHA:53693	0	0	0	11	5
ORPHA:53697	0	0	0	7	4
ORPHA:538	1	1	0	36	14
ORPHA:538934	0	0	1	22	10
ORPHA:54	0	0	0	14	4
ORPHA:540	0	0	0	45	12
ORPHA:541423	0	1	0	35	14
ORPHA:542306	1	0	0	22	5
ORPHA:542310	0	0	0	27	5
ORPHA:543	0	0	0	14	9
ORPHA:543470	0	0	0	39	9
ORPHA:544254	0	0	0	41	9
ORPHA:544469	1	0	0	33	10
ORPHA:544488	0	0	0	56	15
ORPHA:544503	0	0	0	49	12
ORPHA:545	0	0	0	17	12
ORPHA:54595	0	0	0	46	13
ORPHA:550	1	1	0	87	16
ORPHA:551	0	0	0	11	6
ORPHA:552	0	1	0	27	10
ORPHA:555877	1	0	0	24	8
ORPHA:556030	0	0	0	16	8
ORPHA:55654	0	0	0	6	2
ORPHA:556955	0	0	0	23	11
ORPHA:557003	0	1	0	38	12
ORPHA:559	0	0	0	45	10
ORPHA:56	1	1	0	50	14
ORPHA:560	0	0	0	42	10
ORPHA:561	0	0	0	29	10
ORPHA:562	0	0	0	53	17
ORPHA:562528	0	0	0	50	9
ORPHA:56304	0	0	0	53	11
ORPHA:56305	0	0	0	27	6
ORPHA:563609	0	0	0	8	7
ORPHA:563612	0	0	0	16	7
ORPHA:564	1	1	0	45	11
ORPHA:564178	0	1	0	12	3
ORPHA:565	0	0	0	55	14
ORPHA:565612	1	1	0	29	16
ORPHA:565624	0	0	0	52	10
ORPHA:566243	0	0	0	20	8
ORPHA:567	1	1	0	131	20
ORPHA:568	0	1	0	42	10
ORPHA:568051	0	0	0	13	8
ORPHA:569	0	0	0	51	7
ORPHA:57	0	0	1	21	8
ORPHA:570	0	0	0	42	13
ORPHA:570422	0	0	0	10	6
ORPHA:572	0	0	0	38	12
ORPHA:572013	0	0	0	20	7
ORPHA:572333	0	0	0	35	7
ORPHA:572798	1	0	0	57	11
ORPHA:573	0	0	0	14	4
ORPHA:575	0	1	0	37	18
ORPHA:576	1	0	0	63	15
ORPHA:576283	0	0	0	48	10
ORPHA:57782	0	0	0	5	2
ORPHA:578	0	0	0	27	9
ORPHA:584	0	0	0	26	12
ORPHA:585	0	0	0	30	13
ORPHA:586	0	1	0	35	10
ORPHA:588	0	0	0	23	5
ORPHA:589618	0	0	0	27	9
ORPHA:589821	1	0	0	34	12
ORPHA:589905	0	0	0	38	13
ORPHA:59	0	0	0	54	14
ORPHA:59135	1	0	0	20	8
ORPHA:59181	0	0	0	17	1
ORPHA:592574	1	0	0	44	14
ORPHA:59303	0	0	0	15	6
ORPHA:596	0	0	0	24	8
ORPHA:597	1	0	0	25	9
ORPHA:599373	0	0	0	31	2
ORPHA:6	0	0	0	10	7
ORPHA:60	0	0	0	21	9
ORPHA:600	0	0	0	30	9
ORPHA:60015	0	0	0	20	8
ORPHA:60025	1	1	0	43	12
ORPHA:60030	0	0	0	37	12
ORPHA:60033	0	0	0	19	9
ORPHA:60040	0	0	0	35	9
ORPHA:602	1	0	0	28	8
ORPHA:603	1	0	0	13	5
ORPHA:606	1	0	0	30	16
ORPHA:609	1	0	0	19	6
ORPHA:610	0	0	0	38	6
ORPHA:614	0	0	0	15	5
ORPHA:615	1	0	0	18	12
ORPHA:618	0	0	0	11	8
ORPHA:62	0	0	0	14	4
ORPHA:621	0	0	0	26	8
ORPHA:624	0	0	0	23	10
ORPHA:626	0	0	0	21	6
ORPHA:627	0	0	0	19	6
ORPHA:628	0	0	0	64	13
ORPHA:63260	0	0	0	9	4
ORPHA:63273	1	0	0	22	8
ORPHA:633	0	0	0	29	10
ORPHA:634	0	1	0	31	12
ORPHA:63442	0	0	0	11	4
ORPHA:63446	0	0	0	21	5
ORPHA:635	0	0	0	34	16
ORPHA:637	0	0	0	47	9
ORPHA:638	1	0	0	18	12
ORPHA:64	1	1	1	117	17
ORPHA:640	0	0	0	18	7
ORPHA:642	0	0	1	56	15
ORPHA:64280	0	0	0	21	6
ORPHA:643	0	0	0	26	6
ORPHA:644	0	0	0	28	9
ORPHA:647	0	0	0	49	14
ORPHA:64739	0	0	0	17	9
ORPHA:64752	0	0	0	11	5
ORPHA:64753	0	0	0	22	5
ORPHA:64754	0	0	0	16	7
ORPHA:64755	0	0	0	19	8
ORPHA:647799	0	1	0	66	13
ORPHA:648	1	1	0	70	19
ORPHA:649	0	0	0	64	12
ORPHA:65	0	0	0	25	5
ORPHA:652	0	1	0	74	15
ORPHA:65282	1	0	0	4	3
ORPHA:65285	0	0	0	18	10
ORPHA:65287	0	0	0	16	6
ORPHA:65288	0	0	0	7	7
ORPHA:654	0	1	0	27	12
ORPHA:656	0	1	1	17	8
ORPHA:65684	0	0	0	10	4
ORPHA:65759	0	0	0	40	10
ORPHA:659	0	0	0	23	9
ORPHA:661	0	0	0	10	5
ORPHA:663	0	0	0	17	7
ORPHA:664	0	0	0	29	9
ORPHA:66628	0	0	0	20	13
ORPHA:66629	0	0	0	23	10
ORPHA:66631	0	0	0	33	12
ORPHA:66634	1	0	0	37	12
ORPHA:66637	0	1	0	11	5
ORPHA:667	1	0	0	43	15
ORPHA:668	0	0	0	12	5
ORPHA:67036	0	0	0	35	5
ORPHA:67041	0	0	0	2	3
ORPHA:67042	0	0	0	22	2
ORPHA:67044	0	0	0	9	3
ORPHA:67045	0	0	0	14	6
ORPHA:67046	0	0	0	13	7
ORPHA:67047	0	0	0	9	5
ORPHA:672	1	1	0	100	16
ORPHA:676	0	0	0	9	8
ORPHA:678	0	0	0	29	9
ORPHA:681	0	0	0	22	8
ORPHA:682	0	0	0	29	8
ORPHA:684	0	0	0	19	7
ORPHA:685082	0	0	0	16	7
ORPHA:69063	0	1	1	5	2
ORPHA:69076	0	0	0	13	6
ORPHA:69085	0	0	0	32	10
ORPHA:69087	0	0	0	30	5
ORPHA:69126	0	0	0	15	11
ORPHA:693661	0	0	0	22	12
ORPHA:693681	0	0	0	21	12
ORPHA:69663	0	0	0	19	8
ORPHA:69665	0	0	0	27	10
ORPHA:697160	0	0	0	6	2
ORPHA:69735	0	0	0	16	10
ORPHA:7	1	1	0	64	17
ORPHA:701	0	0	0	13	6
ORPHA:703	0	0	0	15	8
ORPHA:70472	1	0	0	45	11
ORPHA:705	0	0	0	15	6
ORPHA:70567	0	0	0	8	5
ORPHA:70592	0	0	0	7	5
ORPHA:70594	0	0	0	26	8
ORPHA:70595	1	0	0	31	7
ORPHA:708	0	0	0	9	1
ORPHA:709	1	1	0	83	15
ORPHA:71	0	0	0	20	7
ORPHA:712	0	0	0	13	8
ORPHA:71212	1	0	0	36	11
ORPHA:71275	0	0	0	20	9
ORPHA:71277	0	0	0	33	8
ORPHA:71289	0	0	0	6	4
ORPHA:713	0	0	1	21	7
ORPHA:714652	0	0	0	29	1
ORPHA:71493	0	0	0	24	12
ORPHA:715	0	0	0	16	5
ORPHA:71517	0	0	0	20	4
ORPHA:71518	0	0	0	10	6
ORPHA:71526	0	0	0	18	7
ORPHA:71528	0	0	0	18	7
ORPHA:71529	0	0	0	10	7
ORPHA:718	1	0	0	21	9
ORPHA:721	0	0	0	8	8
ORPHA:722	0	1	0	16	12
ORPHA:725	0	0	0	30	2
ORPHA:726	0	0	0	19	4
ORPHA:729	0	0	0	35	13
ORPHA:730	1	1	1	26	9
ORPHA:731	0	1	1	51	16
ORPHA:73224	1	1	0	20	9
ORPHA:73229	0	1	1	5	5
ORPHA:73272	0	0	0	42	12
ORPHA:73273	0	0	0	16	6
ORPHA:735	0	0	0	5	1
ORPHA:740	1	0	0	93	16
ORPHA:742	0	0	0	39	12
ORPHA:743	0	0	0	14	7
ORPHA:744	0	1	0	115	18
ORPHA:745	0	0	0	10	6
ORPHA:746	1	0	0	46	11
ORPHA:747	0	0	0	20	9
ORPHA:750	0	0	0	45	5
ORPHA:752	0	0	0	12	5
ORPHA:75233	0	0	0	17	9
ORPHA:75234	0	0	0	13	7
ORPHA:75249	1	0	0	20	8
ORPHA:753	0	0	0	10	2
ORPHA:75374	0	0	0	2	2
ORPHA:75376	0	0	0	20	4
ORPHA:75377	0	0	0	17	1
ORPHA:75382	0	0	0	13	1
ORPHA:75392	0	0	0	12	5
ORPHA:75496	0	0	0	37	9
ORPHA:75497	0	0	0	10	6
ORPHA:75563	0	0	0	10	9
ORPHA:75564	0	0	0	28	6
ORPHA:758	1	1	0	41	12
ORPHA:75840	0	0	0	31	8
ORPHA:75857	0	0	0	49	10
ORPHA:75858	0	0	0	18	5
ORPHA:760	0	0	0	29	11
ORPHA:763	0	0	0	66	14
ORPHA:766	0	0	0	15	7
ORPHA:769	1	1	0	56	13
ORPHA:772	1	0	0	27	10
ORPHA:77258	0	0	0	29	6
ORPHA:77259	0	0	0	49	17
ORPHA:77260	0	0	0	33	12
ORPHA:77261	1	0	0	40	16
ORPHA:77293	1	0	0	47	13
ORPHA:77297	0	1	0	32	13
ORPHA:77298	1	0	0	22	9
ORPHA:773	1	0	1	38	13
ORPHA:77301	1	0	0	46	12
ORPHA:774	0	0	0	36	9
ORPHA:776	1	0	0	34	9
ORPHA:778	0	0	0	35	11
ORPHA:779	0	0	0	24	11
ORPHA:782	0	0	0	21	10
ORPHA:785	0	0	0	24	12
ORPHA:786	0	0	0	21	8
ORPHA:79	0	0	0	12	10
ORPHA:79076	1	0	0	43	15
ORPHA:79083	1	0	0	36	11
ORPHA:79084	0	0	0	12	8
ORPHA:79085	0	0	0	12	6
ORPHA:79087	0	1	0	17	10
ORPHA:79094	1	0	0	10	4
ORPHA:79095	0	0	0	27	10
ORPHA:79096	0	0	0	29	10
ORPHA:791	0	0	0	31	6
ORPHA:79100	0	0	0	17	7
ORPHA:79101	0	0	1	51	8
ORPHA:79102	0	0	0	42	12
ORPHA:79106	0	0	0	23	4
ORPHA:79107	0	0	0	21	9
ORPHA:79113	1	0	0	30	9
ORPHA:79124	0	0	0	39	14
ORPHA:79134	0	0	0	19	10
ORPHA:79137	0	0	0	11	3
ORPHA:79145	0	0	0	25	9
ORPHA:79151	0	0	0	12	3
ORPHA:79152	0	0	0	4	2
ORPHA:79154	0	0	0	11	5
ORPHA:79155	0	0	0	17	10
ORPHA:79157	0	0	0	9	6
ORPHA:79159	1	0	0	11	7
ORPHA:792	0	0	0	16	3
ORPHA:79230	1	0	0	15	8
ORPHA:79233	0	1	1	18	4
ORPHA:79234	0	0	0	14	7
ORPHA:79235	0	0	0	3	3
ORPHA:79237	0	0	0	26	14
ORPHA:79239	0	0	0	54	12
ORPHA:79240	0	0	0	43	12
ORPHA:79241	0	0	0	38	12
ORPHA:79242	0	0	0	20	14
ORPHA:79243	1	1	0	55	14
ORPHA:79244	0	0	0	31	6
ORPHA:79246	0	0	0	11	5
ORPHA:79255	1	0	0	53	15
ORPHA:79259	0	1	1	61	14
ORPHA:79273	0	0	0	33	14
ORPHA:79276	0	0	1	51	12
ORPHA:79277	0	0	0	50	13
ORPHA:79278	0	0	0	10	6
ORPHA:79279	1	0	0	30	8
ORPHA:79280	1	0	0	18	7
ORPHA:79281	1	0	0	8	4
ORPHA:79282	1	1	1	76	15
ORPHA:79283	0	0	0	12	6
ORPHA:79284	1	1	0	28	11
ORPHA:79292	0	0	0	8	5
ORPHA:79299	0	0	0	13	5
ORPHA:79301	0	0	0	16	10
ORPHA:79302	0	0	0	12	5
ORPHA:79303	0	1	0	27	8
ORPHA:79312	1	0	1	29	12
ORPHA:79314	0	0	0	12	5
ORPHA:79315	1	0	0	13	7
ORPHA:79318	1	1	0	86	17
ORPHA:79319	0	0	0	22	7
ORPHA:79320	0	0	0	35	12
ORPHA:79321	1	0	0	45	16
ORPHA:79322	0	0	0	59	14
ORPHA:79323	0	1	0	26	12
ORPHA:79324	1	0	0	93	19
ORPHA:79325	0	0	0	48	13
ORPHA:79326	0	0	0	25	7
ORPHA:79327	1	0	1	33	11
ORPHA:79328	1	1	0	86	16
ORPHA:79329	1	0	0	56	18
ORPHA:79330	1	0	0	44	17
ORPHA:79332	0	0	0	34	15
ORPHA:79333	1	0	0	33	11
ORPHA:79345	1	0	0	56	13
ORPHA:79350	0	0	0	18	8
ORPHA:79351	0	0	0	45	13
ORPHA:79394	0	0	0	13	7
ORPHA:79395	0	0	0	18	5
ORPHA:79396	0	0	0	44	16
ORPHA:79397	0	0	0	19	3
ORPHA:79399	0	0	0	17	3
ORPHA:794	1	0	0	61	10
ORPHA:79400	0	0	0	23	7
ORPHA:79401	1	0	0	12	6
ORPHA:79402	0	0	0	14	6
ORPHA:79403	0	1	0	21	8
ORPHA:79404	1	1	0	61	16
ORPHA:79406	0	0	0	27	12
ORPHA:79408	1	1	1	58	18
ORPHA:79409	0	0	0	28	13
ORPHA:79410	0	0	0	35	12
ORPHA:79411	0	0	0	27	12
ORPHA:79414	0	0	0	12	7
ORPHA:79431	0	0	0	16	4
ORPHA:79432	0	0	0	24	5
ORPHA:79433	0	0	0	13	3
ORPHA:79434	0	0	0	17	4
ORPHA:79435	0	0	0	15	4
ORPHA:79443	0	0	0	68	18
ORPHA:79444	0	0	0	55	16
ORPHA:79445	0	0	0	18	8
ORPHA:79452	0	0	0	18	10
ORPHA:79455	0	0	0	31	8
ORPHA:79473	0	0	1	48	13
ORPHA:79474	1	0	0	90	17
ORPHA:79476	0	0	0	16	5
ORPHA:79477	0	0	0	19	10
ORPHA:79478	0	0	0	3	2
ORPHA:79499	0	0	0	20	6
ORPHA:79500	1	1	0	89	17
ORPHA:79501	0	0	0	25	11
ORPHA:79503	0	0	0	8	5
ORPHA:79644	0	0	0	20	9
ORPHA:797	0	1	1	77	15
ORPHA:798	1	1	0	92	17
ORPHA:800	0	1	0	112	18
ORPHA:803	0	0	0	47	9
ORPHA:805	1	1	1	62	13
ORPHA:806	0	0	0	7	5
ORPHA:808	0	0	0	26	8
ORPHA:811	1	0	0	69	16
ORPHA:812	0	0	0	42	12
ORPHA:816	0	0	0	28	8
ORPHA:818	1	1	0	106	17
ORPHA:819	1	1	0	95	19
ORPHA:82	0	0	0	15	5
ORPHA:820	1	0	0	54	11
ORPHA:821	1	1	1	107	17
ORPHA:822	1	0	0	27	10
ORPHA:824	0	0	0	36	11
ORPHA:827	0	0	0	16	2
ORPHA:828	1	0	0	77	12
ORPHA:832	1	0	0	14	8
ORPHA:83454	0	1	0	16	9
ORPHA:83461	0	0	0	13	1
ORPHA:83463	0	0	0	9	2
ORPHA:83465	0	0	0	5	1
ORPHA:83469	0	0	0	18	11
ORPHA:83471	0	0	0	36	15
ORPHA:83472	0	0	1	15	6
ORPHA:83473	1	1	0	16	7
ORPHA:83620	0	0	0	9	5
ORPHA:83629	0	0	0	23	5
ORPHA:839	0	1	0	5	4
ORPHA:84	1	1	1	106	19
ORPHA:840	0	0	0	5	2
ORPHA:84064	1	1	0	52	16
ORPHA:84081	0	1	1	34	7
ORPHA:84090	0	1	1	10	6
ORPHA:841	0	1	0	3	4
ORPHA:847	1	1	0	66	12
ORPHA:849	0	0	0	20	7
ORPHA:851	0	0	0	2	2
ORPHA:85112	0	0	0	3	4
ORPHA:85128	0	0	0	23	1
ORPHA:85163	0	0	0	6	2
ORPHA:85164	0	0	0	4	3
ORPHA:85165	0	0	0	14	5
ORPHA:85166	0	0	0	25	9
ORPHA:85167	0	0	0	39	6
ORPHA:85169	0	0	0	6	2
ORPHA:85172	0	0	0	16	6
ORPHA:85173	0	1	0	13	7
ORPHA:85179	0	0	0	15	7
ORPHA:85193	0	0	0	6	3
ORPHA:85194	1	0	0	31	9
ORPHA:85198	0	0	0	23	6
ORPHA:85199	0	0	0	35	10
ORPHA:85201	1	1	0	38	12
ORPHA:85202	1	0	0	24	11
ORPHA:85212	0	0	0	31	13
ORPHA:85277	0	0	0	18	6
ORPHA:85278	0	0	0	49	9
ORPHA:85279	0	0	0	25	9
ORPHA:85282	0	0	0	25	10
ORPHA:85284	0	1	0	29	10
ORPHA:85286	0	0	0	12	6
ORPHA:85287	0	0	0	12	6
ORPHA:85288	0	0	0	17	10
ORPHA:85293	0	0	0	49	11
ORPHA:85294	0	0	0	4	3
ORPHA:85295	0	0	0	3	1
ORPHA:853	0	0	0	17	10
ORPHA:85329	0	0	0	19	6
ORPHA:85335	0	0	0	21	5
ORPHA:85408	0	0	0	31	11
ORPHA:85410	0	0	0	20	6
ORPHA:85414	1	1	0	22	11
ORPHA:85445	1	1	1	32	11
ORPHA:85447	1	0	0	14	6
ORPHA:85448	1	0	1	45	13
ORPHA:85451	1	0	0	25	6
ORPHA:857	1	1	1	66	13
ORPHA:859	0	0	1	12	5
ORPHA:861	0	0	0	68	14
ORPHA:86309	0	0	0	69	15
ORPHA:867	0	0	0	4	3
ORPHA:86788	0	0	0	3	2
ORPHA:868	1	0	0	7	4
ORPHA:86812	1	0	0	32	9
ORPHA:86814	0	0	0	8	2
ORPHA:86816	0	0	0	19	13
ORPHA:86818	1	1	1	22	11
ORPHA:86820	0	0	0	9	5
ORPHA:86841	0	0	0	18	4
ORPHA:86884	0	0	0	11	9
ORPHA:869	0	0	0	35	15
ORPHA:87	0	0	0	59	12
ORPHA:871	0	0	0	8	6
ORPHA:873	0	1	0	20	10
ORPHA:87503	0	0	0	15	5
ORPHA:88	0	0	0	12	6
ORPHA:882	0	0	0	6	8
ORPHA:88618	1	0	0	44	14
ORPHA:88619	0	0	0	24	8
ORPHA:88621	0	0	0	5	5
ORPHA:88628	0	0	0	31	7
ORPHA:88629	0	0	0	6	2
ORPHA:88630	1	0	0	23	8
ORPHA:88635	0	0	0	2	2
ORPHA:88637	0	0	0	4	4
ORPHA:88639	1	0	0	31	11
ORPHA:88644	0	0	0	41	8
ORPHA:887	1	1	0	41	12
ORPHA:888	0	0	0	8	2
ORPHA:891	0	0	0	27	9
ORPHA:892	1	1	0	41	15
ORPHA:893	0	0	0	18	7
ORPHA:894	0	0	0	32	8
ORPHA:895	0	0	0	12	9
ORPHA:896	1	0	0	22	8
ORPHA:897	0	0	0	23	7
ORPHA:898	0	0	0	13	2
ORPHA:89838	0	0	0	20	5
ORPHA:89842	1	0	0	46	15
ORPHA:89843	0	0	0	20	8
ORPHA:89844	1	0	0	35	11
ORPHA:899	0	0	0	50	8
ORPHA:89936	0	1	0	52	12
ORPHA:89937	0	0	0	15	9
ORPHA:89938	0	1	1	36	11
ORPHA:90	0	0	0	10	4
ORPHA:900	1	1	1	80	16
ORPHA:90023	0	0	0	7	6
ORPHA:90024	0	0	0	23	7
ORPHA:90026	0	0	0	14	10
ORPHA:90039	0	0	0	14	6
ORPHA:90042	0	0	0	15	8
ORPHA:90044	0	0	0	6	3
ORPHA:90045	0	0	0	25	12
ORPHA:90050	0	0	0	15	6
ORPHA:90117	0	0	0	28	8
ORPHA:90153	0	0	0	30	10
ORPHA:90154	0	0	0	28	8
ORPHA:90186	0	0	0	21	9
ORPHA:902	0	0	0	59	16
ORPHA:90307	0	0	0	44	12
ORPHA:90308	1	0	0	31	13
ORPHA:90321	0	0	1	57	15
ORPHA:90322	0	0	0	40	13
ORPHA:90324	1	1	1	74	13
ORPHA:90340	1	0	1	46	15
ORPHA:90342	0	0	0	13	6
ORPHA:90348	1	1	0	59	14
ORPHA:90349	1	0	0	37	12
ORPHA:90354	1	0	0	34	10
ORPHA:90368	0	0	0	21	6
ORPHA:904	1	1	1	186	18
ORPHA:905	0	1	0	56	15
ORPHA:906	0	1	0	57	16
ORPHA:90647	0	0	0	11	5
ORPHA:90650	0	0	0	27	7
ORPHA:90652	1	1	0	55	11
ORPHA:90653	1	0	0	21	7
ORPHA:90654	0	0	0	9	3
ORPHA:90658	0	0	0	39	6
ORPHA:90673	0	0	0	28	11
ORPHA:90674	0	0	0	42	14
ORPHA:90695	0	0	0	27	12
ORPHA:90791	0	0	0	36	10
ORPHA:90793	0	0	0	41	9
ORPHA:90795	0	0	0	32	12
ORPHA:90796	0	0	0	36	8
ORPHA:90797	0	0	0	26	7
ORPHA:908	1	0	0	33	13
ORPHA:909	1	0	0	91	12
ORPHA:91	0	0	0	26	9
ORPHA:910	0	0	0	59	14
ORPHA:911	0	0	0	30	13
ORPHA:91130	1	0	0	11	7
ORPHA:91131	1	0	0	32	9
ORPHA:91132	0	0	0	2	1
ORPHA:91135	0	0	0	8	5
ORPHA:912	1	1	0	55	15
ORPHA:91347	1	0	0	66	13
ORPHA:91387	1	0	0	42	12
ORPHA:91414	0	0	0	6	4
ORPHA:91495	0	0	0	24	4
ORPHA:915	0	0	0	49	11
ORPHA:920	0	0	0	39	11
ORPHA:92050	0	0	0	26	9
ORPHA:921	1	1	0	24	8
ORPHA:926	0	0	0	17	12
ORPHA:927	0	0	0	42	11
ORPHA:93	0	0	0	43	13
ORPHA:930	0	0	0	10	7
ORPHA:931	0	0	0	8	2
ORPHA:93110	0	1	1	27	11
ORPHA:93111	0	1	1	29	10
ORPHA:93160	0	1	0	28	10
ORPHA:93256	0	0	0	37	8
ORPHA:93258	0	0	0	21	6
ORPHA:93259	0	0	0	35	8
ORPHA:93260	0	1	0	36	9
ORPHA:93262	0	0	0	28	9
ORPHA:93271	0	1	0	47	12
ORPHA:93274	1	0	0	35	13
ORPHA:93283	0	0	0	7	3
ORPHA:93284	0	0	0	54	9
ORPHA:93296	0	0	0	25	8
ORPHA:93298	0	0	0	26	9
ORPHA:93299	0	0	0	27	9
ORPHA:93304	0	0	0	6	3
ORPHA:93307	0	0	0	58	7
ORPHA:93308	0	0	0	21	5
ORPHA:93311	0	0	0	22	5
ORPHA:93314	0	0	0	44	4
ORPHA:93315	0	0	0	54	12
ORPHA:93316	0	0	0	30	8
ORPHA:93317	1	0	0	25	7
ORPHA:93321	0	0	0	6	2
ORPHA:93322	0	0	0	33	6
ORPHA:93324	0	0	0	22	8
ORPHA:93325	0	0	0	30	10
ORPHA:93328	0	0	0	17	6
ORPHA:93329	0	0	0	24	11
ORPHA:93333	0	0	0	24	7
ORPHA:93346	0	0	0	24	7
ORPHA:93352	0	0	0	33	10
ORPHA:93356	0	0	0	12	3
ORPHA:93357	0	0	0	79	16
ORPHA:93360	0	0	0	41	7
ORPHA:93384	0	0	0	14	4
ORPHA:93387	0	0	0	10	4
ORPHA:93388	0	0	0	12	3
ORPHA:93396	0	0	0	7	2
ORPHA:93399	1	0	0	38	12
ORPHA:93400	1	0	0	42	14
ORPHA:93404	0	0	0	3	2
ORPHA:93405	0	0	0	9	2
ORPHA:93406	0	0	0	8	2
ORPHA:93409	0	0	0	7	2
ORPHA:93473	1	0	0	59	14
ORPHA:93474	0	0	0	18	10
ORPHA:93476	1	0	0	18	10
ORPHA:93552	1	0	1	53	12
ORPHA:93598	0	1	1	19	9
ORPHA:93599	0	1	1	6	3
ORPHA:93600	0	1	0	9	3
ORPHA:93921	0	0	0	21	11
ORPHA:93924	1	0	0	72	14
ORPHA:93925	1	0	0	72	14
ORPHA:93926	1	0	0	72	14
ORPHA:93930	0	0	0	13	5
ORPHA:93932	1	0	0	72	14
ORPHA:93945	0	0	0	14	7
ORPHA:93946	1	0	0	14	7
ORPHA:93947	1	0	0	19	7
ORPHA:93950	0	0	0	18	8
ORPHA:93952	1	0	0	31	7
ORPHA:94063	0	1	0	37	13
ORPHA:94064	0	0	0	3	2
ORPHA:94065	1	0	0	52	13
ORPHA:94068	0	0	0	42	9
ORPHA:94083	0	0	0	13	6
ORPHA:94088	0	1	1	16	5
ORPHA:94089	0	0	0	39	15
ORPHA:941	0	0	0	26	7
ORPHA:94122	0	0	0	11	3
ORPHA:94124	0	0	0	20	5
ORPHA:94125	0	0	0	22	8
ORPHA:94147	0	0	0	32	6
ORPHA:943	1	0	0	19	8
ORPHA:95	1	0	0	53	13
ORPHA:950	0	0	0	53	11
ORPHA:95159	0	0	0	37	12
ORPHA:952	0	0	0	19	6
ORPHA:95232	0	0	0	44	10
ORPHA:95428	0	0	0	24	10
ORPHA:95433	0	0	0	19	8
ORPHA:95434	0	0	0	20	3
ORPHA:95494	0	0	0	39	14
ORPHA:95496	0	0	0	17	6
ORPHA:955	1	1	0	86	16
ORPHA:95699	0	1	0	108	13
ORPHA:95702	0	0	0	24	9
ORPHA:95706	0	0	0	16	7
ORPHA:95712	0	0	0	26	10
ORPHA:95713	0	0	0	25	10
ORPHA:95716	0	0	0	30	10
ORPHA:95720	0	0	0	15	8
ORPHA:959	1	1	0	44	10
ORPHA:96	1	0	0	37	8
ORPHA:96147	1	0	1	55	10
ORPHA:96148	1	1	1	92	13
ORPHA:96182	1	1	0	59	14
ORPHA:96184	0	0	0	35	12
ORPHA:96191	1	0	0	30	14
ORPHA:96253	0	0	0	64	15
ORPHA:963	1	0	0	92	18
ORPHA:96334	1	0	0	120	17
ORPHA:968	0	0	0	18	5
ORPHA:969	0	0	0	22	7
ORPHA:97	0	0	0	14	6
ORPHA:970	0	0	0	15	4
ORPHA:972	0	0	0	10	3
ORPHA:97240	0	0	0	22	7
ORPHA:97244	0	0	0	20	6
ORPHA:97279	0	0	0	34	12
ORPHA:97286	0	0	0	10	9
ORPHA:97297	1	0	0	65	15
ORPHA:97362	0	1	1	31	11
ORPHA:974	1	0	0	46	13
ORPHA:976	0	1	1	18	6
ORPHA:97685	1	1	0	94	19
ORPHA:978	0	0	0	24	5
ORPHA:98	1	0	0	38	8
ORPHA:983	0	0	0	11	2
ORPHA:98434	1	0	0	31	12
ORPHA:98673	0	0	0	44	12
ORPHA:98754	0	0	0	67	14
ORPHA:98755	0	0	0	40	6
ORPHA:98756	0	0	0	27	4
ORPHA:98758	0	0	0	19	4
ORPHA:98759	0	0	0	19	3
ORPHA:98760	0	0	0	23	8
ORPHA:98761	0	0	0	30	4
ORPHA:98762	0	0	0	21	1
ORPHA:98763	0	0	0	15	4
ORPHA:98764	0	0	0	19	3
ORPHA:98765	0	0	0	12	2
ORPHA:98766	0	0	0	4	1
ORPHA:98767	0	0	0	11	3
ORPHA:98768	0	0	0	32	9
ORPHA:98769	0	0	0	8	1
ORPHA:98771	0	0	0	18	5
ORPHA:98772	0	0	0	19	5
ORPHA:98773	0	0	0	15	3
ORPHA:98784	0	0	0	21	4
ORPHA:98791	0	0	0	32	12
ORPHA:98794	0	0	0	50	9
ORPHA:98795	0	0	0	28	7
ORPHA:988	0	0	0	6	3
ORPHA:98805	0	0	0	17	7
ORPHA:98806	0	0	0	9	4
ORPHA:98808	0	0	0	34	10
ORPHA:98809	0	0	0	9	1
ORPHA:98810	0	0	0	15	5
ORPHA:98811	0	0	0	17	2
ORPHA:98813	0	0	0	34	15
ORPHA:98818	0	0	0	44	4
ORPHA:98820	0	0	0	26	3
ORPHA:98826	0	0	0	14	6
ORPHA:98849	0	0	0	45	12
ORPHA:98850	0	0	0	39	10
ORPHA:98853	1	0	0	44	11
ORPHA:98855	1	0	0	40	8
ORPHA:98856	0	0	0	33	3
ORPHA:98863	1	0	0	44	12
ORPHA:98868	0	0	0	16	8
ORPHA:98870	0	0	0	20	10
ORPHA:98880	0	0	0	7	7
ORPHA:98881	0	0	0	5	4
ORPHA:98889	0	0	0	49	11
ORPHA:98892	1	0	0	16	7
ORPHA:98895	0	0	0	16	6
ORPHA:98896	1	0	0	15	6
ORPHA:98897	0	0	0	36	11
ORPHA:98902	0	0	0	12	4
ORPHA:98905	0	0	0	44	13
ORPHA:98907	1	0	0	32	13
ORPHA:98908	1	0	0	39	12
ORPHA:98909	1	0	0	18	7
ORPHA:98911	1	0	0	37	9
ORPHA:98912	1	0	0	21	4
ORPHA:98913	0	0	0	37	7
ORPHA:98914	0	0	0	68	12
ORPHA:98915	1	0	0	54	11
ORPHA:98916	0	0	0	13	6
ORPHA:98933	0	0	0	30	7
ORPHA:98934	0	0	0	18	3
ORPHA:98957	0	0	0	11	5
ORPHA:98960	0	0	0	9	3
ORPHA:98962	0	0	0	10	3
ORPHA:98963	0	0	0	9	1
ORPHA:98964	0	0	0	17	6
ORPHA:98969	0	0	0	11	4
ORPHA:98973	0	0	0	20	4
ORPHA:98974	0	0	0	9	3
ORPHA:98976	0	0	0	19	4
ORPHA:98977	0	0	0	15	3
ORPHA:990	1	0	0	19	10
ORPHA:99000	0	0	0	9	1
ORPHA:99013	0	0	0	30	10
ORPHA:99014	0	0	0	19	5
ORPHA:99015	0	0	0	17	9
ORPHA:99027	0	0	0	61	12
ORPHA:99103	1	0	0	35	8
ORPHA:99105	1	0	0	27	5
ORPHA:99106	1	0	0	38	11
ORPHA:994	0	0	0	24	12
ORPHA:99429	0	0	0	25	7
ORPHA:99646	1	1	0	71	17
ORPHA:99657	0	0	0	10	4
ORPHA:99725	1	0	0	20	12
ORPHA:99734	0	0	0	22	6
ORPHA:99735	0	0	0	21	10
ORPHA:99736	0	0	0	12	6
ORPHA:99742	0	0	0	25	9
ORPHA:99771	0	0	0	4	2
ORPHA:99772	0	0	0	13	8
ORPHA:99798	0	0	0	23	2
ORPHA:99802	0	0	0	33	4
ORPHA:99803	0	0	0	19	9
ORPHA:99811	1	0	0	7	8
ORPHA:99812	0	0	0	35	15
ORPHA:99819	0	0	0	15	6
ORPHA:99832	0	0	0	23	10
ORPHA:99843	0	0	0	58	14
ORPHA:99845	0	0	1	32	10
ORPHA:99879	0	1	1	13	6
ORPHA:99880	0	1	1	34	11
ORPHA:99885	1	0	0	35	12
ORPHA:99886	1	0	0	23	12
ORPHA:99901	1	0	0	29	10
ORPHA:99939	0	0	0	24	4
ORPHA:99940	0	0	0	12	3
ORPHA:99944	0	0	0	10	4
ORPHA:99947	0	0	0	45	7
ORPHA:99948	0	0	0	40	6
ORPHA:99949	0	0	0	51	10
ORPHA:99950	0	0	0	22	4
ORPHA:99953	0	0	0	27	3
ORPHA:99956	0	0	0	40	9
ORPHA:99966	0	0	0	16	5
ORPHA:99967	0	0	0	3	3
ORPHA:99971	0	0	0	3	3
ORPHA:99976	0	0	0	10	9
ORPHA:99977	0	0	0	8	9
