gene	ensembl_id	phenotype	trait_type	n_cases	burden_set	P_SKATO	P_Burden	P_SKAT	BETA	n_variants
PKD2	ENSG00000118762	Q61 cystic kidney disease	icd_first_occurrence	735	pLoF	1.3413131580048e-95	4.92899850746344e-87	4.98166947965368e-47	0.39262389143288	39
PKD1	ENSG00000008710	Cystatin C	continuous	376784	pLoF	8.55761214151972e-34	1.2225160202171e-34	9.13861467166655e-06	0.0220064902363238	92
PKD1	ENSG00000008710	Creatinine	continuous	376624	pLoF	1.84691417692802e-30	2.63844882418289e-31	1.28996535027071e-05	0.0185395198539395	92
PKD1	ENSG00000008710	Urea	continuous	376551	pLoF	8.50833849518454e-26	1.21547692788351e-26	0.00016009603055589	0.0203996142366695	92
IFT140	ENSG00000187535	Q61 cystic kidney disease	icd_first_occurrence	735	pLoF	7.39777006966786e-22	1.05682429566684e-22	2.44466017607354e-15	0.159513651698214	82
PKD2	ENSG00000118762	Creatinine	continuous	376624	pLoF	1.00165687090144e-16	7.17228512364885e-13	3.50289339139041e-12	0.0252235275282667	39
IFT140	ENSG00000187535	N28 other disorders of kidney and ureter	icd_first_occurrence	5275	pLoF	4.28784725590098e-14	6.12549607985854e-15	1.96440395736034e-09	0.0703629846699237	82
PKD2	ENSG00000118762	Cystatin C	continuous	376784	pLoF	5.06652038977344e-14	6.72619780667163e-14	1.24347766272681e-06	0.0296788377307193	39
PKD2	ENSG00000118762	N18 chronic renal failure	icd_first_occurrence	14086	pLoF	5.69648169148428e-10	6.08720340800062e-08	6.63688179081134e-07	0.097796685045822	39
PKD2	ENSG00000118762	Urea	continuous	376551	pLoF	3.10909031853157e-09	9.65797064544915e-09	2.66016137151492e-05	0.024706912350503	39
IFT140	ENSG00000187535	Cystatin C	continuous	376784	pLoF	1.85695226306848e-07	9.15298290493638e-08	5.82356337057721e-05	0.00636332098224926	82
PKD1	ENSG00000008710	Microalbumin in urine	continuous	119013	pLoF	2.52323791416487e-07	7.85342653131238e-08	0.0177062202228873	0.0174381408911812	92
PKD2	ENSG00000118762	N28 other disorders of kidney and ureter	icd_first_occurrence	5275	pLoF	3.54781363509638e-07	6.45920628983276e-07	6.83052455996425e-06	0.12559612543241	39
IFT140	ENSG00000187535	Creatinine	continuous	376624	pLoF	3.88595860489893e-07	2.65431323809295e-07	5.69349684551579e-05	0.00542964088685518	82
ALG9	ENSG00000086848	Q61 cystic kidney disease	icd_first_occurrence	735	pLoF	2.00617158285787e-06	1.92306075574855e-06	3.65978505999509e-05	0.19099524546263	46
BRCA2	ENSG00000139618	I12 hypertensive renal disease	icd_first_occurrence	1513	pLoF	3.3820871756518e-06	0.000233729270212479	5.46805107937143e-06	0.0578273137079306	280
ALG9	ENSG00000086848	N19 unspecified renal failure	icd_first_occurrence	2345	pLoF	1.23481456197894e-05	0.000690919937443524	1.07859021237777e-05	0.110683463414829	46
IFT140	ENSG00000187535	Urea	continuous	376551	pLoF	4.28185738443609e-05	3.14979658826431e-05	0.0155594245310187	0.00528455679957994	82
SH2B1	ENSG00000178188	Cystatin C	continuous	376784	pLoF	0.000104364278097679	0.00307493995983765	7.15865378803082e-05	0.0192233855118594	17
IFT172	ENSG00000138002	Q63 other congenital malformations of kidney	icd_first_occurrence	452	pLoF	0.000120015242698779	0.0134533703209507	6.10090294964616e-05	0.103228166810464	123
DNAJB11	ENSG00000090520	Q61 cystic kidney disease	icd_first_occurrence	735	pLoF	0.000129828170954416	0.000860568368933778	0.000120831157482071	0.231644851971283	25
KCTD1	ENSG00000134504	Q60 renal agenesis / reduction defects	icd_first_occurrence	199	pLoF	0.000236004712880433	0.000265036705200505	0.000228885820340974	0.533078353587683	4
BBS9	ENSG00000122507	Q63 other congenital malformations of kidney	icd_first_occurrence	452	pLoF	0.000281541351284775	0.00463944102120228	0.000181680488181346	0.126126872159116	61
PKD2	ENSG00000118762	Microalbumin in urine	continuous	119013	pLoF	0.000298742155449117	0.000120966667858546	0.0286251980206719	0.0233921676607149	39
INVS	ENSG00000119509	Cystatin C	continuous	376784	pLoF	0.000327797015135078	0.000145564572035184	0.0308750666470672	0.00615860991369343	84
SH2B1	ENSG00000178188	N18 chronic renal failure	icd_first_occurrence	14086	pLoF	0.000413390463615881	0.000284593196262284	0.00180174997366622	0.0942861462183806	17
IFT172	ENSG00000138002	N28 other disorders of kidney and ureter	icd_first_occurrence	5275	pLoF	0.000526393238972855	0.000380567933086828	0.00802469631683789	0.0475602070566138	123
GATA3	ENSG00000107485	N20 calculus of kidney and ureter	icd_first_occurrence	5879	pLoF	0.000600507518494275	0.000340286337400242	0.00130240194074593	0.263225807809439	3
IFT172	ENSG00000138002	Q61 cystic kidney disease	icd_first_occurrence	735	pLoF	0.000630211367666833	0.0113950982032753	0.000422886903772568	0.0856387841816476	123
INVS	ENSG00000119509	Creatinine	continuous	376624	pLoF	0.000727951538129767	0.000332361413555304	0.0610109301583652	0.0051635655315173	84
BRCA2	ENSG00000139618	N17 acute renal failure	icd_first_occurrence	7312	pLoF	0.000841550522289736	0.0250806044832586	0.000550406615927979	0.0177609115970497	280
IFT140	ENSG00000187535	N26 unspecified contracted kidney	icd_first_occurrence	176	pLoF	0.000854059362648818	0.00275550091915022	0.000802395853163773	0.137277542577588	82
CHRM3	ENSG00000133019	Microalbumin in urine	continuous	119013	pLoF	0.00108009940304887	0.0402039325454948	0.00083368140865514	0.0243832134391413	13
MKS1	ENSG00000011143	Q60 renal agenesis / reduction defects	icd_first_occurrence	199	pLoF	0.00112887304514464	0.00294268572339096	0.000795388124006702	0.190541939115245	48
GTF2IRD2	ENSG00000196275	I12 hypertensive renal disease	icd_first_occurrence	1513	pLoF	0.0013488530075878	0.0056763311011554	0.000871067211309473	0.169651887182119	19
ERCC4	ENSG00000175595	Q63 other congenital malformations of kidney	icd_first_occurrence	452	pLoF	0.00135089354053952	0.010035812070581	0.000795266423742169	0.151699439475048	49
TSC1	ENSG00000165699	N19 unspecified renal failure	icd_first_occurrence	2345	pLoF	0.00140626310196645	0.00269269931140226	0.000996478073357676	0.193836328841462	17
INVS	ENSG00000119509	N19 unspecified renal failure	icd_first_occurrence	2345	pLoF	0.00144332062564245	0.00144222013403061	0.00525130700565257	0.0660573339413583	84
ERCC6	ENSG00000225830	N04 nephrotic syndrome	icd_first_occurrence	242	pLoF	0.00151217361066003	0.189526551818582	0.000731065331460612	0.0538574923517032	116
STX1A	ENSG00000106089	C64 Malignant neoplasm of kidney	icd10	985	pLoF	0.00154369205924521	0.00288358344703621	0.00143419291777236	0.360328459081424	6
DYNC2I1	ENSG00000126870	Q63 other congenital malformations of kidney	icd_first_occurrence	452	pLoF	0.00159917568800361	0.0399923262335117	0.00081474588714725	0.105641173354137	87
PKD2	ENSG00000118762	I12 hypertensive renal disease	icd_first_occurrence	1513	pLoF	0.00162979104970851	0.0189122638610645	0.000887892389011657	0.13004571553881	39
MEN1	ENSG00000133895	N20 calculus of kidney and ureter	icd_first_occurrence	5879	pLoF	0.0016332996166325	0.00436713508211195	0.00114559539919046	0.178193417217836	10
DNAJC30	ENSG00000176410	N08 glomerular disorders in dis. class. elsewhere	icd_first_occurrence	531	pLoF	0.00193095354721373	0.0212712492038698	0.00142410675232107	0.225453637253656	18
LAMA5	ENSG00000130702	Cystatin C	continuous	376784	pLoF	0.00205909821984818	0.00117032459531263	0.598606527018813	0.00422892460559523	267
CEP19	ENSG00000174007	Q63 other congenital malformations of kidney	icd_first_occurrence	452	pLoF	0.00209342727970319	0.0231223376573226	0.00142259409649514	0.223611855267741	17
IFT140	ENSG00000187535	N25 impaired renal tubular function	icd_first_occurrence	160	pLoF	0.00216492440549887	0.00222305641874465	0.00399529742368465	0.142283775034962	82
PBX1	ENSG00000185630	Urea	continuous	376551	pLoF	0.00228061537190227	0.00696208339207749	0.00138134366889386	0.0580322367332533	3
ERCC4	ENSG00000175595	N04 nephrotic syndrome	icd_first_occurrence	242	pLoF	0.00247369487959981	0.0606131336986639	0.00157542596047422	0.161778438346892	49
BBS5	ENSG00000163093	Q63 other congenital malformations of kidney	icd_first_occurrence	452	pLoF	0.00248412844627033	0.0535943547224246	0.00162026382627289	0.169101032523957	28
MKKS	ENSG00000125863	N04 nephrotic syndrome	icd_first_occurrence	242	pLoF	0.00248683604389321	0.0265128824729862	0.00174230590556457	0.211127489882994	37
IFT140	ENSG00000187535	Microalbumin in urine	continuous	119013	pLoF	0.00249629598325429	0.0016391177046764	0.368732417314633	0.00736635580452799	82
CEP19	ENSG00000174007	Q61 cystic kidney disease	icd_first_occurrence	735	pLoF	0.00263768264057795	0.00225050796500526	0.00313310812850665	0.199423564357836	17
DNAJB11	ENSG00000090520	N08 glomerular disorders in dis. class. elsewhere	icd_first_occurrence	531	pLoF	0.00276015090033443	0.0149028929608106	0.00215342996779655	0.250603772735212	25
FANCM	ENSG00000187790	N25 impaired renal tubular function	icd_first_occurrence	160	pLoF	0.00290687511295806	0.00438611586458482	0.00269976132002159	0.103352158916566	124
PBX1	ENSG00000185630	I12 hypertensive renal disease	icd_first_occurrence	1513	pLoF	0.00297821747092841	0.00353664768454254	0.0028158606353097	0.343847171101537	3
TMEM270	ENSG00000175877	N23 unspecified renal colic	icd_first_occurrence	4304	pLoF	0.00299499685917737	0.0021374516744983	0.0105997560115718	0.0587355488321578	23
FANCM	ENSG00000187790	N26 unspecified contracted kidney	icd_first_occurrence	176	pLoF	0.00301338234947679	0.00688855525434184	0.00237671076575796	0.0950508586346573	124
NUP107	ENSG00000111581	N25 impaired renal tubular function	icd_first_occurrence	160	pLoF	0.00309193582922018	0.0481935731106921	0.00200248145847381	0.176209642776501	69
KMT2D	ENSG00000167548	N25 impaired renal tubular function	icd_first_occurrence	160	pLoF	0.00309256436345473	0.0112684516799529	0.00250595053424985	0.263852985132234	28
MEN1	ENSG00000133895	Q61 cystic kidney disease	icd_first_occurrence	735	pLoF	0.00310981659071574	0.00505565769315086	0.00286775656509575	0.320180982131254	10
WDR35	ENSG00000118965	N08 glomerular disorders in dis. class. elsewhere	icd_first_occurrence	531	pLoF	0.00325637429976955	0.0876649767581352	0.00156735357554294	0.0795160914539094	90
NPHP3	ENSG00000113971	Creatinine	continuous	376624	pLoF	0.00338555191410339	0.00165925921230969	0.125909279614059	0.00319551981441081	115
GATA3	ENSG00000107485	Cystatin C	continuous	376784	pLoF	0.00341568152695115	0.764150564483235	0.00218555250803254	-0.00510561743919107	3
ALG9	ENSG00000086848	N25 impaired renal tubular function	icd_first_occurrence	160	pLoF	0.00357077547267759	0.0139124252978341	0.00285656983819749	0.255307778234054	46
ELN	ENSG00000049540	Urea	continuous	376551	pLoF	0.00375371901163768	0.00354992223585771	0.00665120239456862	-0.00595838813648101	39
FAAP100	ENSG00000185504	N26 unspecified contracted kidney	icd_first_occurrence	176	pLoF	0.00375757973673274	0.00777296305965014	0.00337925076472989	0.149318106561495	61
ALG9	ENSG00000086848	N18 chronic renal failure	icd_first_occurrence	14086	pLoF	0.00380918954107956	0.00588980027422492	0.00484795637345548	0.0488537253598738	46
RPGRIP1L	ENSG00000103494	Q63 other congenital malformations of kidney	icd_first_occurrence	452	pLoF	0.00390627259306298	0.0845216915477313	0.00189903709390737	0.0805028123623204	96
TMEM237	ENSG00000155755	N08 glomerular disorders in dis. class. elsewhere	icd_first_occurrence	531	pLoF	0.00399982882189454	0.00855424448007813	0.00345016143761367	0.113657711162762	44
CTLA4	ENSG00000163599	N17 acute renal failure	icd_first_occurrence	7312	pLoF	0.0040150170097808	0.00773587631980122	0.00358363267052475	0.29138030236869	3
SDCCAG8	ENSG00000054282	N28 other disorders of kidney and ureter	icd_first_occurrence	5275	pLoF	0.00410696838672397	0.00222997792071222	0.0317380193108965	0.0540728809218112	59
CSPP1	ENSG00000104218	N26 unspecified contracted kidney	icd_first_occurrence	176	pLoF	0.00420777897121649	0.0335982895244573	0.00231050806368827	0.111879018469176	113
TSC1	ENSG00000165699	Cystatin C	continuous	376784	pLoF	0.00427110927521923	0.00314669236602305	0.0161370782260422	0.0230939233262679	17
TMEM231	ENSG00000205084	Q63 other congenital malformations of kidney	icd_first_occurrence	452	pLoF	0.00447571542210634	0.0706951921171964	0.00282088509754719	0.150233674472176	31
PKD2	ENSG00000118762	N19 unspecified renal failure	icd_first_occurrence	2345	pLoF	0.00449356537900703	0.0667021100291735	0.00220976848807863	0.0882344369303242	39
VPS37D	ENSG00000176428	N17 acute renal failure	icd_first_occurrence	7312	pLoF	0.00458992654382218	0.00978894351329629	0.00333643326728428	0.149152253966475	10
CLIP2	ENSG00000106665	N28 other disorders of kidney and ureter	icd_first_occurrence	5275	pLoF	0.00490660307524426	0.00890357943480047	0.00533045505080376	0.090403428708151	36
MKKS	ENSG00000125863	Q60 renal agenesis / reduction defects	icd_first_occurrence	199	pLoF	0.0049961076256485	0.0214929537963567	0.00369919394194407	0.223302213485186	37
MKKS	ENSG00000125863	N08 glomerular disorders in dis. class. elsewhere	icd_first_occurrence	531	pLoF	0.00504173355403437	0.091902573276589	0.00307004397804977	0.133227168771815	37
NOTCH2	ENSG00000134250	Q61 cystic kidney disease	icd_first_occurrence	735	pLoF	0.00513710191841987	0.0537001766381713	0.00326548838901519	0.166021445027946	39
IFT140	ENSG00000187535	N18 chronic renal failure	icd_first_occurrence	14086	pLoF	0.0053819367712048	0.00345438496053851	0.092695914263617	0.0210957535209915	82
PAN2	ENSG00000135473	N18 chronic renal failure	icd_first_occurrence	14086	pLoF	0.00554290112820532	0.0663579192886716	0.00284856697584823	0.0340594131049031	65
LZTFL1	ENSG00000163818	N19 unspecified renal failure	icd_first_occurrence	2345	pLoF	0.00555755051590945	0.0136895828595902	0.00379112610320309	0.139717320255329	17
BICC1	ENSG00000122870	I12 hypertensive renal disease	icd_first_occurrence	1513	pLoF	0.00556228395740554	0.113144690180681	0.00334525274227693	0.121482504677019	31
DACT1	ENSG00000165617	N19 unspecified renal failure	icd_first_occurrence	2345	pLoF	0.0055818476819034	0.00683531523767134	0.00491175164803592	0.10741998117172	22
FANCG	ENSG00000221829	N17 acute renal failure	icd_first_occurrence	7312	pLoF	0.00558778927835213	0.367546156308064	0.00291857161799625	0.0134514422768374	55
NCF1	ENSG00000158517	N20 calculus of kidney and ureter	icd_first_occurrence	5879	pLoF	0.00563053766725863	0.183020699501449	0.00303118680522074	0.0418352116513285	15
DYNC2I1	ENSG00000126870	Creatinine	continuous	376624	pLoF	0.00579255842912318	0.00284878683687362	0.0850843160848804	0.00504119354086305	87
EBF3	ENSG00000108001	Cystatin C	continuous	376784	pLoF	0.00591628662070176	0.0042501499148504	0.00915976685543274	0.0447159671002195	4
BRCA2	ENSG00000139618	N18 chronic renal failure	icd_first_occurrence	14086	pLoF	0.00600536325847278	0.025557309273006	0.0062907876795093	0.0135023772757346	280
SLX4	ENSG00000188827	N26 unspecified contracted kidney	icd_first_occurrence	176	pLoF	0.00611194537142057	0.197586683840545	0.0033939029541934	0.0880203989875923	100
GTF2IRD2	ENSG00000196275	Q61 cystic kidney disease	icd_first_occurrence	735	pLoF	0.0061198259834595	0.0488259526665272	0.00400633280206575	0.173335245520847	19
COG1	ENSG00000166685	N25 impaired renal tubular function	icd_first_occurrence	160	pLoF	0.00613743036855774	0.00493047295494708	0.00707664555262399	0.170751514955849	64
COL7A1	ENSG00000114270	N08 glomerular disorders in dis. class. elsewhere	icd_first_occurrence	531	pLoF	0.0063709672616078	0.0626735054280417	0.00365281306875631	0.0466478823385396	229
NOTCH2	ENSG00000134250	Cystatin C	continuous	376784	pLoF	0.00640207045301722	0.16962919010162	0.00342371806382347	0.00630603935079966	39
BBS1	ENSG00000174483	I12 hypertensive renal disease	icd_first_occurrence	1513	pLoF	0.00644930820333778	0.0855776552633106	0.00325185467242339	0.0797257924993338	48
PALB2	ENSG00000083093	N08 glomerular disorders in dis. class. elsewhere	icd_first_occurrence	531	pLoF	0.00661888215540829	0.101575885695823	0.00435132206488731	0.0548213821168988	94
ERCC8	ENSG00000049167	Q60 renal agenesis / reduction defects	icd_first_occurrence	199	pLoF	0.00684188363393012	0.0447678646877165	0.00453359618366622	0.179913869089745	32
CLCNKB	ENSG00000184908	N26 unspecified contracted kidney	icd_first_occurrence	176	pLoF	0.00699602539845512	0.13489912302786	0.00400738812019885	0.109592944595296	67
ERCC8	ENSG00000049167	N19 unspecified renal failure	icd_first_occurrence	2345	pLoF	0.00751939910556743	0.0323721869641604	0.00427926767108588	0.0666399422578175	32
PBX1	ENSG00000185630	N19 unspecified renal failure	icd_first_occurrence	2345	pLoF	0.0076210605382373	0.0098970482418993	0.00699023056548875	0.272719969730956	3
SRCAP	ENSG00000080603	N17 acute renal failure	icd_first_occurrence	7312	pLoF	0.00767155831586663	0.113267279012076	0.00390115839047311	0.071133673283046	31
BICC1	ENSG00000122870	N18 chronic renal failure	icd_first_occurrence	14086	pLoF	0.00783806007069698	0.0123707505995684	0.00939286494664648	0.0714314175007579	31
C4A	ENSG00000244731	Urea	continuous	376551	pLoF	0.00784799448293116	0.00483821098093773	0.0299518138520261	-0.0139043002198729	19
RFC2	ENSG00000049541	N04 nephrotic syndrome	icd_first_occurrence	242	pLoF	0.0079756992343718	0.0735349369133247	0.00439345610306208	0.149260451554765	25
IFNGR1	ENSG00000027697	Q61 cystic kidney disease	icd_first_occurrence	735	pLoF	0.00821298412823579	0.0179924548417947	0.00682094690494295	0.23791968201081	13
SDCCAG8	ENSG00000054282	Q63 other congenital malformations of kidney	icd_first_occurrence	452	pLoF	0.00841513272887673	0.0580255427824022	0.00523400947575736	0.0874460959842373	59
LIMK1	ENSG00000106683	I12 hypertensive renal disease	icd_first_occurrence	1513	pLoF	0.00846014350789404	0.0168623233304741	0.0073969972169744	0.121769331339256	22
GSN	ENSG00000148180	N08 glomerular disorders in dis. class. elsewhere	icd_first_occurrence	531	pLoF	0.00848697413703292	0.232904835034694	0.00469091962689994	0.0787599250725157	44
BICC1	ENSG00000122870	Creatinine	continuous	376624	pLoF	0.00859979382058729	0.00594025608058257	0.0301117995618899	0.0117295655135338	31
IFT74	ENSG00000096872	N26 unspecified contracted kidney	icd_first_occurrence	176	pLoF	0.00871867154723571	0.00814260419946666	0.00696854899658139	0.116327236493127	24
BAZ1B	ENSG00000009954	C64 Malignant neoplasm of kidney	icd10	985	pLoF	0.00881760992777414	0.0771618892100697	0.00525633377072343	0.144427882920014	18
INVS	ENSG00000119509	N28 other disorders of kidney and ureter	icd_first_occurrence	5275	pLoF	0.00888128563103641	0.0050165925293979	0.0423995834398003	0.0415978828679687	84
MKS1	ENSG00000011143	N04 nephrotic syndrome	icd_first_occurrence	242	pLoF	0.00893398452237859	0.107265961213505	0.00548935169749631	0.125259746722439	48
TMEM237	ENSG00000155755	N25 impaired renal tubular function	icd_first_occurrence	160	pLoF	0.00903477882052817	0.104988952408528	0.00534368025767962	0.126729358473469	44
NOD2	ENSG00000167207	N26 unspecified contracted kidney	icd_first_occurrence	176	pLoF	0.00907143387847642	0.132406335980951	0.00476163072639435	0.112817209053724	53
AHI1	ENSG00000135541	I12 hypertensive renal disease	icd_first_occurrence	1513	pLoF	0.00918400367650785	0.0459545551237318	0.0052662536521767	0.0418678171303336	99
DNAJC30	ENSG00000176410	N19 unspecified renal failure	icd_first_occurrence	2345	pLoF	0.00942646180029638	0.0251356987361192	0.00585048812339539	0.117989388425834	18
DYNC2I1	ENSG00000126870	N04 nephrotic syndrome	icd_first_occurrence	242	pLoF	0.00973953955322437	0.160688033018137	0.00559050997337451	0.100323652039205	87
STX1A	ENSG00000106089	N28 other disorders of kidney and ureter	icd_first_occurrence	5275	pLoF	0.00975087032481947	0.0339579448001847	0.00733085849803761	0.19441782489486	6
PKD2	ENSG00000118762	N17 acute renal failure	icd_first_occurrence	7312	pLoF	0.00992109418779352	0.0756612478137262	0.0053117733015221	0.050960790625528	39
AMOTL1	ENSG00000166025	Q61 cystic kidney disease	icd_first_occurrence	735	pLoF	0.0100063695027961	0.154967901881782	0.00567633919701871	0.102591444505764	38
CLCNKB	ENSG00000184908	N08 glomerular disorders in dis. class. elsewhere	icd_first_occurrence	531	pLoF	0.0101770687146649	0.1179567505753	0.00497144511568881	0.0685123952896199	67
BRIP1	ENSG00000136492	Urea	continuous	376551	pLoF	0.0108053273998433	0.024720334376279	0.00744542946802418	-0.00317400690707752	88
SH2B1	ENSG00000178188	Creatinine	continuous	376624	pLoF	0.0108125916429109	0.265690535157769	0.00571938285637108	0.00641143072603597	17
ZNF699	ENSG00000196110	N04 nephrotic syndrome	icd_first_occurrence	242	pLoF	0.0108813639493776	0.016002374159958	0.00959639972185555	0.245875093405207	18
LZTFL1	ENSG00000163818	I12 hypertensive renal disease	icd_first_occurrence	1513	pLoF	0.0109121729459146	0.115514735058419	0.00665126934132743	0.119773711527353	17
BRCA1	ENSG00000012048	N26 unspecified contracted kidney	icd_first_occurrence	176	pLoF	0.0109204905240169	0.169700512301499	0.00615714464703321	0.0974988994525847	141
NPHP3	ENSG00000113971	Cystatin C	continuous	376784	pLoF	0.0113297314444833	0.00572681133175423	0.223491162857776	0.00316152787896692	115
MKKS	ENSG00000125863	Q63 other congenital malformations of kidney	icd_first_occurrence	452	pLoF	0.0113806580292778	0.0670800211642668	0.00732415307207812	0.150796469630889	37
STX1A	ENSG00000106089	N17 acute renal failure	icd_first_occurrence	7312	pLoF	0.0114292464112081	0.0466283866170152	0.00820801478943989	0.174512876297385	6
PBX1	ENSG00000185630	Cystatin C	continuous	376784	pLoF	0.0114680168281083	0.0139206369497473	0.00802636484737029	0.049653321412053	3
FKBP6	ENSG00000077800	C64 Malignant neoplasm of kidney	icd10	985	pLoF	0.0114917130085351	0.0364053758286805	0.00918536853580898	0.0800942288174219	26
SLX4	ENSG00000188827	N25 impaired renal tubular function	icd_first_occurrence	160	pLoF	0.0117958258224379	0.183190934570347	0.0066884401469729	0.0920624594386914	100
TMEM270	ENSG00000175877	Q60 renal agenesis / reduction defects	icd_first_occurrence	199	pLoF	0.0124143289935741	0.102240053248146	0.00709761133440789	0.128058186783106	23
LZTFL1	ENSG00000163818	Microalbumin in urine	continuous	119013	pLoF	0.0124777917077246	0.220365074548728	0.00700983042006609	0.0152703887428486	17
CLCNKB	ENSG00000184908	N23 unspecified renal colic	icd_first_occurrence	4304	pLoF	0.012516885893983	0.0469877632778903	0.00764015123690043	0.0327053377011305	67
CSPP1	ENSG00000104218	N04 nephrotic syndrome	icd_first_occurrence	242	pLoF	0.0125513742262789	0.0772572106746564	0.0064831950677553	0.0843595271293604	113
BUD23	ENSG00000071462	N26 unspecified contracted kidney	icd_first_occurrence	176	pLoF	0.0126149790130878	0.0270880377248761	0.00991391449947177	0.211675646358689	39
FANCD2	ENSG00000144554	N20 calculus of kidney and ureter	icd_first_occurrence	5879	pLoF	0.0128581680873961	0.00763095981940776	0.0905314454564482	0.0276628520480186	106
FANCI	ENSG00000140525	Q60 renal agenesis / reduction defects	icd_first_occurrence	199	pLoF	0.0129153221793492	0.245551983808348	0.00713360566834842	0.0754848503497816	124
PRTN3	ENSG00000196415	N20 calculus of kidney and ureter	icd_first_occurrence	5879	pLoF	0.013084055012291	0.0110991962431446	0.026765213574147	-0.0327943148776579	28
COG1	ENSG00000166685	Q63 other congenital malformations of kidney	icd_first_occurrence	452	pLoF	0.0131215470323736	0.0492577060647055	0.00946850204817529	0.0981504326740352	64
MAD2L2	ENSG00000116670	N23 unspecified renal colic	icd_first_occurrence	4304	pLoF	0.0133745719165902	0.0523172387536641	0.00813427742740824	0.070978818985507	14
CCND1	ENSG00000110092	N23 unspecified renal colic	icd_first_occurrence	4304	pLoF	0.013570211280004	0.0247818246913492	0.0112550867846452	0.212950260193703	4
FANCA	ENSG00000187741	N25 impaired renal tubular function	icd_first_occurrence	160	pLoF	0.0136785257153704	0.295261902758724	0.00717314886493503	0.0651781479292416	172
CC2D2A	ENSG00000048342	Q63 other congenital malformations of kidney	icd_first_occurrence	452	pLoF	0.0137258889561587	0.0365653052328802	0.00911688794793619	0.0648430917302628	136
MMP1	ENSG00000196611	Q61 cystic kidney disease	icd_first_occurrence	735	pLoF	0.014031633352196	0.020761297295015	0.0101859267049376	0.0382505030507595	34
SCAPER	ENSG00000140386	C64 Malignant neoplasm of kidney	icd10	985	pLoF	0.014090395773498	0.155247861092848	0.007207010364782	0.0605149094236917	80
SALL1	ENSG00000103449	N18 chronic renal failure	icd_first_occurrence	14086	pLoF	0.0143421142603476	0.0183570835957428	0.0138769303728337	-0.00783595431953716	12
ALMS1	ENSG00000116127	N19 unspecified renal failure	icd_first_occurrence	2345	pLoF	0.0154116425818285	0.00841959641434187	0.999818424789073	-0.0323406954208267	271
MMP1	ENSG00000196611	Creatinine (enzymatic) in urine	continuous	383774	pLoF	0.0155364271733461	0.014013763594129	0.0141331426449394	0.00170890124036988	34
ALG5	ENSG00000120697	Urea	continuous	376551	pLoF	0.0155510320430376	0.0670951532813577	0.00871897866241267	0.0115291489080335	21
IFT122	ENSG00000163913	N25 impaired renal tubular function	icd_first_occurrence	160	pLoF	0.015556867258579	0.235424654426454	0.00820562324798446	0.0735037154195882	101
BBS9	ENSG00000122507	N26 unspecified contracted kidney	icd_first_occurrence	176	pLoF	0.0156348970289146	0.129791848972517	0.0092521404283793	0.113282502562115	61
DNAJC30	ENSG00000176410	Creatinine	continuous	376624	pLoF	0.0157107393106963	0.901012827676021	0.00795438855254504	-0.00054852000885999	18
CLCNKB	ENSG00000184908	N04 nephrotic syndrome	icd_first_occurrence	242	pLoF	0.0160448569317942	0.226225405826279	0.0088463974173808	0.0781140184740839	67
PBX1	ENSG00000185630	Creatinine	continuous	376624	pLoF	0.0163557925681055	0.292161689826054	0.00928139084423707	0.0188523483176338	3
RAD21	ENSG00000164754	Microalbumin in urine	continuous	119013	pLoF	0.0165333486140153				5
GTF2IRD2	ENSG00000196275	N28 other disorders of kidney and ureter	icd_first_occurrence	5275	pLoF	0.0167850830587659	0.0158459917227194	0.018150566623173	0.100818525864462	19
AMOTL1	ENSG00000166025	N23 unspecified renal colic	icd_first_occurrence	4304	pLoF	0.0168487194488793	0.0221355375257686	0.015746860748197	0.0758366658687152	38
ANKS6	ENSG00000165138	Q63 other congenital malformations of kidney	icd_first_occurrence	452	pLoF	0.0169772423562623	0.158447215368485	0.0100233352088194	0.10105294290672	50
IFT172	ENSG00000138002	N26 unspecified contracted kidney	icd_first_occurrence	176	pLoF	0.0169882034141076	0.205117242644676	0.00954990909965858	0.0853715174732248	123
MMACHC	ENSG00000132763	Urea	continuous	376551	pLoF	0.0171897447324546	0.0664646785876195	0.0153076129788305	-0.00255968598850686	15
PAN2	ENSG00000135473	Q61 cystic kidney disease	icd_first_occurrence	735	pLoF	0.0173127175908759	0.188444939800214	0.00979871334939153	0.0899623888028178	65
NPHP1	ENSG00000144061	N26 unspecified contracted kidney	icd_first_occurrence	176	pLoF	0.0175502980520638	0.0402247936225897	0.0130699801077003	0.186397765024487	37
FANCC	ENSG00000158169	Q63 other congenital malformations of kidney	icd_first_occurrence	452	pLoF	0.0177152788512661	0.0357275688695148	0.011152847030682	0.0823882492256442	46
LIMK1	ENSG00000106683	Cystatin C	continuous	376784	pLoF	0.017790304966489	0.238684422067689	0.00882469603228819	0.00765008211438102	22
CLIP2	ENSG00000106665	C64 Malignant neoplasm of kidney	icd10	985	pLoF	0.0178537189805719	0.135518262408678	0.0106313688723781	0.109380182257477	36
CC2D2A	ENSG00000048342	Urea	continuous	376551	pLoF	0.0178988532423532	0.0406458296530017	0.0109725889108766	0.0023126640328357	136
HOXA13	ENSG00000106031	N28 other disorders of kidney and ureter	icd_first_occurrence	5275	pLoF	0.0179544586654137	0.101110286156042	0.0113056975411194	0.123198353694296	10
KIAA0586	ENSG00000100578	Urea	continuous	376551	pLoF	0.0179780613202983	0.0125764936319627	0.0496773679782917	0.00153213331248824	111
HLA-DPA1	ENSG00000231389	N19 unspecified renal failure	icd_first_occurrence	2345	pLoF	0.0183649181784841	0.00995115655618928	0.0693761757934507	0.0611015581198598	22
AHI1	ENSG00000135541	N20 calculus of kidney and ureter	icd_first_occurrence	5879	pLoF	0.0187000721819196	0.248184175041696	0.00961233540077178	0.0129470348534935	99
FKBP6	ENSG00000077800	I12 hypertensive renal disease	icd_first_occurrence	1513	pLoF	0.0187054601311523	0.0172572408213029	0.016732542583943	0.0804887817505116	26
KIAA0586	ENSG00000100578	Cystatin C	continuous	376784	pLoF	0.0187294382520679	0.0130915620497356	0.196656239301711	0.0014303794347423	111
TTC8	ENSG00000165533	Cystatin C	continuous	376784	pLoF	0.0188273348912721	0.119912391620397	0.00988717508547887	0.00505130554881289	28
FANCD2	ENSG00000144554	N26 unspecified contracted kidney	icd_first_occurrence	176	pLoF	0.0188808686072699	0.0329618712159669	0.0124908538676327	0.117344867111588	106
ANKS6	ENSG00000165138	Creatinine	continuous	376624	pLoF	0.0190844966724427	0.00927107415924244	0.227338401127458	0.00595647386591017	50
MYOCD	ENSG00000141052	N17 acute renal failure	icd_first_occurrence	7312	pLoF	0.0193692999406364	0.0337187153775356	0.0134878421464308	0.0578365810002243	24
NEK8	ENSG00000160602	N26 unspecified contracted kidney	icd_first_occurrence	176	pLoF	0.0197630510259041	0.092130869995968	0.0121222445529805	0.134190959888415	39
COG1	ENSG00000166685	N08 glomerular disorders in dis. class. elsewhere	icd_first_occurrence	531	pLoF	0.0198736468654469	0.0704682319585501	0.0137713693215362	0.0869775826676327	64
KIAA0753	ENSG00000198920	N08 glomerular disorders in dis. class. elsewhere	icd_first_occurrence	531	pLoF	0.0200228747922634	0.0870838818903845	0.0113418134122341	0.0488892400940158	82
BICC1	ENSG00000122870	N19 unspecified renal failure	icd_first_occurrence	2345	pLoF	0.0200357068370559	0.264347370489628	0.0112185517657264	0.0703160337691858	31
PBX1	ENSG00000185630	Creatinine (enzymatic) in urine	continuous	383774	pLoF	0.0203284913582211	0.0730451153006411	0.0128370664017324	0.0468345231827221	3
SRCAP	ENSG00000080603	Cystatin C	continuous	376784	pLoF	0.0203786210312268	0.973792147323233	0.00971330881337773	-0.000110117414008756	31
APOA1	ENSG00000118137	Creatinine (enzymatic) in urine	continuous	383774	pLoF	0.0205180988641238	0.0117310773542755	0.066912320864958	-0.0155275013185495	17
MKKS	ENSG00000125863	Cystatin C	continuous	376784	pLoF	0.0205359960560119	0.0103922215105068	0.152219723315788	0.00870741319397999	37
PBX1	ENSG00000185630	N18 chronic renal failure	icd_first_occurrence	14086	pLoF	0.0206920705210789	0.0329904830847813	0.0166903841208531	0.194373169383766	3
DNAJB11	ENSG00000090520	I12 hypertensive renal disease	icd_first_occurrence	1513	pLoF	0.0208591521560715	0.116929854804785	0.0127459033651129	0.117828867538851	25
PBX1	ENSG00000185630	N17 acute renal failure	icd_first_occurrence	7312	pLoF	0.0211224681278249	0.0306837438071044	0.0175495859659074	0.198773910893825	3
IFT74	ENSG00000096872	Urea	continuous	376551	pLoF	0.021491168366325	0.0153417431108991	0.108618487613642	0.00259424240018025	24
KMT2D	ENSG00000167548	N17 acute renal failure	icd_first_occurrence	7312	pLoF	0.0219985666312229	0.0157312794267406	0.0411888138911508	0.0684176141430614	28
MMUT	ENSG00000146085	Microalbumin in urine	continuous	119013	pLoF	0.0223427310858373	0.0291965292383205	0.0178189925324759	-0.00844258092401633	59
TMEM67	ENSG00000164953	Q60 renal agenesis / reduction defects	icd_first_occurrence	199	pLoF	0.0225319978693431	0.0571080927652496	0.0132559191911803	0.0947313597078249	86
SH2B1	ENSG00000178188	Creatinine (enzymatic) in urine	continuous	383774	pLoF	0.0235285817807899	0.0380378773717016	0.0174318444272004	-0.0137714821083849	17
KIAA0753	ENSG00000198920	C64 Malignant neoplasm of kidney	icd10	985	pLoF	0.0235784626937258	0.0889777497972255	0.0125220120045333	0.0372577104114234	82
IFT122	ENSG00000163913	Creatinine	continuous	376624	pLoF	0.0235920620932325	0.0263934912813499	0.018633198163051	0.00243473648075938	101
FANCC	ENSG00000158169	Q60 renal agenesis / reduction defects	icd_first_occurrence	199	pLoF	0.0238384640164874	0.0251994179309387	0.0179200162580601	0.124561117969956	46
UBE2T	ENSG00000077152	C64 Malignant neoplasm of kidney	icd10	985	pLoF	0.0239792216509774	0.0741490681316295	0.0158893782824412	0.141192523617554	14
ZNF423	ENSG00000102935	N23 unspecified renal colic	icd_first_occurrence	4304	pLoF	0.0241275932493465	0.110214525021783	0.01519573908829	0.11864564838076	11
GTF2IRD2	ENSG00000196275	C64 Malignant neoplasm of kidney	icd10	985	pLoF	0.0241763406294081	0.0802687474228918	0.0159119487263496	0.139880656323257	19
DYNC2I1	ENSG00000126870	Cystatin C	continuous	376784	pLoF	0.0242869801357539	0.012143387304811	0.32382545306685	0.00477500546530905	87
ELN	ENSG00000049540	N04 nephrotic syndrome	icd_first_occurrence	242	pLoF	0.0246399862249306	0.160650747192022	0.0136613268102763	0.100400347097211	39
HLA-DPA1	ENSG00000231389	Microalbumin in urine	continuous	119013	pLoF	0.0247124497120901	0.0768842562811691	0.0137097688869652	0.00669144809362716	22
RFC2	ENSG00000049541	Microalbumin in urine	continuous	119013	pLoF	0.0250739275446699	0.123936681096445	0.0167865718736209	0.00771831191630302	25
BRIP1	ENSG00000136492	Creatinine	continuous	376624	pLoF	0.0260324271689065	0.0155167078028036	0.303631680807036	-0.00284858620508275	88
COL7A1	ENSG00000114270	N04 nephrotic syndrome	icd_first_occurrence	242	pLoF	0.0260747646248073	0.314204337063028	0.0150364993201966	0.0377837958016579	229
NPHP1	ENSG00000144061	Q63 other congenital malformations of kidney	icd_first_occurrence	452	pLoF	0.0267499847185733	0.161529961609681	0.0147448094060894	0.100112621677623	37
TTC8	ENSG00000165533	Q61 cystic kidney disease	icd_first_occurrence	735	pLoF	0.0269190982639202	0.189894170143468	0.0157379167612196	0.0903006258566688	28
NUP107	ENSG00000111581	Q63 other congenital malformations of kidney	icd_first_occurrence	452	pLoF	0.0272276837138209	0.298289583540287	0.0149600519844374	0.0638219196137606	69
HRAS	ENSG00000174775	N04 nephrotic syndrome	icd_first_occurrence	242	pLoF	0.0273844501411457	0.0301078514641904	0.0249154127190733	0.207882450147277	10
BBS1	ENSG00000174483	N17 acute renal failure	icd_first_occurrence	7312	pLoF	0.0275292626518507	0.0424909538587873	0.0239883767014413	0.0468949344707343	48
IL12A	ENSG00000168811	N17 acute renal failure	icd_first_occurrence	7312	pLoF	0.0275314520181233	0.0728652380637604	0.0158394852376442	0.084918256691631	13
TMEM231	ENSG00000205084	Q61 cystic kidney disease	icd_first_occurrence	735	pLoF	0.0277484099589654	0.146560758083828	0.0166469283624473	0.104975295028959	31
ERCC8	ENSG00000049167	Q63 other congenital malformations of kidney	icd_first_occurrence	452	pLoF	0.028287204600296	0.185114883319107	0.0158122949925719	0.0919703075417037	32
KLRC4	ENSG00000183542	Urea	continuous	376551	pLoF	0.0292822442492173	0.0244433105997821	0.0774432950019753	-0.0178817838797285	3
AMOTL1	ENSG00000166025	Urea	continuous	376551	pLoF	0.0296886118057185	0.01570356179356	0.217622670844892	-0.00846940338180104	38
CC2D2A	ENSG00000048342	I12 hypertensive renal disease	icd_first_occurrence	1513	pLoF	0.0298082400732466	0.0418927510669463	0.01964879961709	0.0363514080792111	136
BICC1	ENSG00000122870	Urea	continuous	376551	pLoF	0.0298454309331486	0.283930773938623	0.0153265938481986	0.00548155748774101	31
CLPB	ENSG00000162129	I12 hypertensive renal disease	icd_first_occurrence	1513	pLoF	0.0305708634924597	0.236042755685007	0.0183826261892257	0.036394008826555	48
COG1	ENSG00000166685	N17 acute renal failure	icd_first_occurrence	7312	pLoF	0.0306741725966921	0.0496595489984996	0.0194606910436306	0.0299465885372144	64
MMP1	ENSG00000196611	Urea	continuous	376551	pLoF	0.03070329080898	0.162206055871584	0.0203934702728048	0.000992213083660089	34
METTL27	ENSG00000165171	N08 glomerular disorders in dis. class. elsewhere	icd_first_occurrence	531	pLoF	0.0310974257120319	0.376323050605436	0.0181452340221817	0.0247686826142605	21
TMEM237	ENSG00000155755	Creatinine (enzymatic) in urine	continuous	383774	pLoF	0.0318705560332743	0.0178934461637563	0.211122244962455	-0.00422547882141808	44
DYNC2LI1	ENSG00000138036	N18 chronic renal failure	icd_first_occurrence	14086	pLoF	0.0319564902034148	0.14568300094245	0.0192633637237183	0.0202166946627428	26
INPP5E	ENSG00000148384	Microalbumin in urine	continuous	119013	pLoF	0.0327583241670028	0.217317744613814	0.0179092776632818	0.00585857684956199	48
NOTCH2	ENSG00000134250	N17 acute renal failure	icd_first_occurrence	7312	pLoF	0.0332649579896843	0.109479183472828	0.0179433593005963	0.0526909314811571	39
ALG5	ENSG00000120697	N23 unspecified renal colic	icd_first_occurrence	4304	pLoF	0.0338164663521858	0.0428599063836789	0.0215590492027575	0.101983502102554	21
INVS	ENSG00000119509	N25 impaired renal tubular function	icd_first_occurrence	160	pLoF	0.0338708107820045	0.1455842473854	0.0201859183467464	0.106323527866985	84
ELN	ENSG00000049540	I12 hypertensive renal disease	icd_first_occurrence	1513	pLoF	0.0350877217834372	0.0325914416132997	0.0314030567550001	0.0689612147968308	39
IFNGR1	ENSG00000027697	N28 other disorders of kidney and ureter	icd_first_occurrence	5275	pLoF	0.0358607552645011	0.0508100581000721	0.023056975108108	0.100997108688711	13
BUD23	ENSG00000071462	Creatinine	continuous	376624	pLoF	0.0360731168110087	0.522660547785082	0.0212158587862454	0.0015817814842343	39
DYNC2I1	ENSG00000126870	Urea	continuous	376551	pLoF	0.0362683255749502	0.028650456467513	0.0507194395831907	0.0044375007987821	87
CRB2	ENSG00000148204	N25 impaired renal tubular function	icd_first_occurrence	160	pLoF	0.0366598470965864	0.0684312621736889	0.0281905192188541	0.0715142273204839	98
BBS1	ENSG00000174483	N19 unspecified renal failure	icd_first_occurrence	2345	pLoF	0.0368785679281116	0.227251250282764	0.0191853217741049	0.0477525449457341	48
KLRC4	ENSG00000183542	Creatinine	continuous	376624	pLoF	0.0377521645665586	0.031969394838959	0.0350511750648727	-0.0141994398747383	3
FANCC	ENSG00000158169	Q61 cystic kidney disease	icd_first_occurrence	735	pLoF	0.039806676524039	0.0391405042420132	0.0310252700544646	0.0652951524176435	46
INPP5E	ENSG00000148384	N18 chronic renal failure	icd_first_occurrence	14086	pLoF	0.0408993483285426	0.0412299051004624	0.0341162286565168	0.0294940803650139	48
AHI1	ENSG00000135541	N23 unspecified renal colic	icd_first_occurrence	4304	pLoF	0.0411236298468148	0.127523460818482	0.0225316577015138	0.0198600851265008	99
MMUT	ENSG00000146085	C64 Malignant neoplasm of kidney	icd10	985	pLoF	0.0413613586695181	0.279365484563372	0.0245016797173316	0.0417087570734172	59
RFC2	ENSG00000049541	Urea	continuous	376551	pLoF	0.0414695778137734	0.0256873417871571	0.456245264403299	-0.0055784848884271	25
FKBP6	ENSG00000077800	N08 glomerular disorders in dis. class. elsewhere	icd_first_occurrence	531	pLoF	0.041638905004511	0.0286219810477398	0.0420951141402927	0.12127837887593	26
FANCA	ENSG00000187741	N17 acute renal failure	icd_first_occurrence	7312	pLoF	0.0420893058217854	0.0223494537732721	0.715884979995074	-0.0241047414180361	172
DNAJB11	ENSG00000090520	Cystatin C	continuous	376784	pLoF	0.0438073326936694	0.355244576749268	0.023952869629229	0.00481776312676155	25
NPHP3	ENSG00000113971	N28 other disorders of kidney and ureter	icd_first_occurrence	5275	pLoF	0.0439650114776345	0.0488069758408208	0.0347386193490086	0.0210070290506645	115
HRAS	ENSG00000174775	Cystatin C	continuous	376784	pLoF	0.0445522349026209	0.0726261207024674	0.0373866720111282	0.00512878225752062	10
CHRM3	ENSG00000133019	I12 hypertensive renal disease	icd_first_occurrence	1513	pLoF	0.0450986008592424	0.0732019025271874	0.0328919739653173	0.150651021039699	13
KIAA0753	ENSG00000198920	N04 nephrotic syndrome	icd_first_occurrence	242	pLoF	0.0452495499785056	0.168959931093357	0.0247981521044975	0.0598638910094329	82
WDPCP	ENSG00000143951	Cystatin C	continuous	376784	pLoF	0.0455116350194379	0.605335469702044	0.0253012971880386	0.00110293803218893	56
MLXIPL	ENSG00000009950	Cystatin C	continuous	376784	pLoF	0.0458700962023786	0.0247187120238246	0.21209767312671	0.00639595815080638	41
CRB2	ENSG00000148204	N26 unspecified contracted kidney	icd_first_occurrence	176	pLoF	0.0460555962929097	0.0859075113105803	0.0344376793579737	0.0662974346266154	98
LAMB2	ENSG00000172037	I12 hypertensive renal disease	icd_first_occurrence	1513	pLoF	0.0460954709450988	0.326247098001551	0.0255414092827254	0.028399050298297	108
TMEM270	ENSG00000175877	N26 unspecified contracted kidney	icd_first_occurrence	176	pLoF	0.0462634602961113	0.0909954018452972	0.0317499746304202	0.135592860119734	23
FANCD2	ENSG00000144554	N28 other disorders of kidney and ureter	icd_first_occurrence	5275	pLoF	0.0462837223471765	0.145347246663869	0.027047066161759	0.0158076257350976	106
BRCA2	ENSG00000139618	N28 other disorders of kidney and ureter	icd_first_occurrence	5275	pLoF	0.0464619246428395	0.142261302325493	0.0246917787904657	0.0136729995754184	280
IFT172	ENSG00000138002	Microalbumin in urine	continuous	119013	pLoF	0.0478102693904249	0.455474999387608	0.0253072372322355	0.00223209414342659	123
BRIP1	ENSG00000136492	N20 calculus of kidney and ureter	icd_first_occurrence	5879	pLoF	0.0482533823180761	0.458730144515741	0.0282702624454521	0.0088681190254337	88
ZNF423	ENSG00000102935	N17 acute renal failure	icd_first_occurrence	7312	pLoF	0.0495554492043268	0.268299633753832	0.028618330984946	0.0656465764824414	11
MMACHC	ENSG00000132763	Microalbumin in urine	continuous	119013	pLoF	0.0496497708116196	0.04386891538566	0.0689632758885759	-0.00511378844297216	15
INVS	ENSG00000119509	Microalbumin in urine	continuous	119013	pLoF	0.0502062444467538	0.100216045559025	0.0283071321216859	0.00530036673226387	84
TSC1	ENSG00000165699	N28 other disorders of kidney and ureter	icd_first_occurrence	5275	pLoF	0.0504481731241987	0.297921925457747	0.0293778361567327	0.0633388857539728	17
RFWD3	ENSG00000168411	Q61 cystic kidney disease	icd_first_occurrence	735	pLoF	0.0507781831383387	0.325793677216728	0.0284139585700749	0.058964851188159	59
NOTCH2	ENSG00000134250	Creatinine	continuous	376624	pLoF	0.0519933559789066	0.625110987231872	0.0284832993199268	0.0019890680893403	39
SH2B1	ENSG00000178188	Urea	continuous	376551	pLoF	0.0521273346544228	0.627081953528941	0.0285541829081748	0.00335320856318687	17
CC2D2A	ENSG00000048342	N18 chronic renal failure	icd_first_occurrence	14086	pLoF	0.0524489899793902	0.684496282218955	0.0282579224505728	-0.00254694548217736	136
ELN	ENSG00000049540	N28 other disorders of kidney and ureter	icd_first_occurrence	5275	pLoF	0.0530762725137763	0.0631299175037601	0.0344591811382106	0.0321661529401291	39
DYNC2LI1	ENSG00000138036	N17 acute renal failure	icd_first_occurrence	7312	pLoF	0.0532878308304514	0.0667524676088487	0.0332330712958336	0.0358603019206515	26
GSN	ENSG00000148180	Q61 cystic kidney disease	icd_first_occurrence	735	pLoF	0.0541044198392069	0.362230768316912	0.0303518853444336	0.0527697674450102	44
BBS7	ENSG00000138686	Q63 other congenital malformations of kidney	icd_first_occurrence	452	pLoF	0.0544419468434211	0.276043297305526	0.0305767598018792	0.0676711650705298	39
IFT27	ENSG00000100360	N17 acute renal failure	icd_first_occurrence	7312	pLoF	0.0546477353585892	0.0739771371988995	0.0328219690677898	0.0318068307800871	20
FAH	ENSG00000103876	Q61 cystic kidney disease	icd_first_occurrence	735	pLoF	0.0551069993723312	0.366763929294361	0.0318536407678558	0.0328230315403208	33
MMP1	ENSG00000196611	C64 Malignant neoplasm of kidney	icd10	985	pLoF	0.0555363243079863	0.179655212385606	0.0359919208171769	0.0198106916140046	34
ZNF423	ENSG00000102935	N20 calculus of kidney and ureter	icd_first_occurrence	5879	pLoF	0.0560706552138915	0.193079556849008	0.0337039354159258	0.0844150529980767	11
KIAA0753	ENSG00000198920	Cystatin C	continuous	376784	pLoF	0.0562002375379714	0.304806944151279	0.0303386999986563	0.00108201413606091	82
ERCC8	ENSG00000049167	N18 chronic renal failure	icd_first_occurrence	14086	pLoF	0.0562192757793012	0.0327677044631356	0.102582631896671	0.0307750875757836	32
SLX4	ENSG00000188827	N08 glomerular disorders in dis. class. elsewhere	icd_first_occurrence	531	pLoF	0.0565808722389828	0.21965900899938	0.0301258304202427	0.0494094484110872	100
FAH	ENSG00000103876	N18 chronic renal failure	icd_first_occurrence	14086	pLoF	0.0569612022965303	0.0323329951477507	0.406541563786358	-0.0204160057851202	33
SLX4	ENSG00000188827	N28 other disorders of kidney and ureter	icd_first_occurrence	5275	pLoF	0.0569743041619578	0.407300635642115	0.0293807498943193	0.0114612025284779	100
MMP1	ENSG00000196611	N25 impaired renal tubular function	icd_first_occurrence	160	pLoF	0.0572055737258963	0.177870554697595	0.0380670138462247	0.0470524924373332	34
TMEM237	ENSG00000155755	Q60 renal agenesis / reduction defects	icd_first_occurrence	199	pLoF	0.0572187170828835	0.174140931046499	0.0347053700205924	0.0961844735493989	44
GATA3	ENSG00000107485	Creatinine	continuous	376624	pLoF	0.0573758227419322	0.334843835131515	0.0358338383974821	0.0149505361397702	3
GTF2IRD2	ENSG00000196275	N23 unspecified renal colic	icd_first_occurrence	4304	pLoF	0.0578512966361815	0.125087458170161	0.0317323064963194	0.0672447543806923	19
NEK8	ENSG00000160602	Microalbumin in urine	continuous	119013	pLoF	0.0580676328841752	0.0333116319476998	0.320420347867422	-0.00828781710952052	39
FANCG	ENSG00000221829	Q63 other congenital malformations of kidney	icd_first_occurrence	452	pLoF	0.0581620036719884	0.414314232306071	0.0310658432762316	0.0458526447518739	55
DYNC2LI1	ENSG00000138036	I12 hypertensive renal disease	icd_first_occurrence	1513	pLoF	0.0581676640085736	0.0398230229931775	0.0590499982381046	0.0799705764119833	26
BBS12	ENSG00000181004	N19 unspecified renal failure	icd_first_occurrence	2345	pLoF	0.0591475420359381	0.110763925968899	0.039894029220594	0.1248958944217	10
LAMB2	ENSG00000172037	Q61 cystic kidney disease	icd_first_occurrence	735	pLoF	0.0595549884220948	0.23686104911589	0.0324552338884823	0.047987566945878	108
KMT2D	ENSG00000167548	Cystatin C	continuous	376784	pLoF	0.0599124811200009	0.033403926103045	0.13100722841499	0.00985569438551397	28
NPHP3	ENSG00000113971	Creatinine (enzymatic) in urine	continuous	383774	pLoF	0.0604337331280329	0.182934650249476	0.0322550178688829	0.00158519325545929	115
PAN2	ENSG00000135473	I12 hypertensive renal disease	icd_first_occurrence	1513	pLoF	0.0606334618749598	0.47083060888711	0.0327855758799239	0.0385931578861776	65
HRAS	ENSG00000174775	Creatinine	continuous	376624	pLoF	0.0609371018457463	0.0503054113918662	0.0606406076157815	0.00498003661407096	10
LAMA5	ENSG00000130702	Creatinine	continuous	376624	pLoF	0.0612134651035678	0.0324745150094661	0.564171198223986	0.00247422082167552	267
BRCA1	ENSG00000012048	Creatinine (enzymatic) in urine	continuous	383774	pLoF	0.0618014453597118	0.104668306367635	0.0376529200184978	-0.00272060664796524	141
MMP1	ENSG00000196611	Cystatin C	continuous	376784	pLoF	0.0621183215364354	0.0404329164391409	0.0831316407172058	-0.00136533358566559	34
TMEM231	ENSG00000205084	Creatinine (enzymatic) in urine	continuous	383774	pLoF	0.0621413991762294	0.620808547488595	0.0333329193756218	0.00176527917289309	31
MKKS	ENSG00000125863	I12 hypertensive renal disease	icd_first_occurrence	1513	pLoF	0.0623289248306262	0.420569582584491	0.0341230758474027	0.0436281854171383	37
BBIP1	ENSG00000214413	I12 hypertensive renal disease	icd_first_occurrence	1513	pLoF	0.0624046515678671	0.201509142297937	0.0385126512426153	0.0819836085691258	8
AHI1	ENSG00000135541	N26 unspecified contracted kidney	icd_first_occurrence	176	pLoF	0.0638300233757294	0.370692780639422	0.035587776702969	0.051786235169006	99
TRIM32	ENSG00000119401	I12 hypertensive renal disease	icd_first_occurrence	1513	pLoF	0.0638912900704929	0.373688972854211	0.0346091120044643	0.0517775464107729	31
GATA3	ENSG00000107485	N18 chronic renal failure	icd_first_occurrence	14086	pLoF	0.0649308281686568	0.118126216023491	0.0434912499452444	0.116672991162269	3
FANCI	ENSG00000140525	N18 chronic renal failure	icd_first_occurrence	14086	pLoF	0.064983294159759	0.308395546774456	0.034276924435656	0.00901888605563518	124
WDPCP	ENSG00000143951	N08 glomerular disorders in dis. class. elsewhere	icd_first_occurrence	531	pLoF	0.065964543523002	0.371199862335898	0.036469878051737	0.0512151208988109	56
METTL27	ENSG00000165171	N26 unspecified contracted kidney	icd_first_occurrence	176	pLoF	0.0661660105350292	0.0580700932651548	0.0484532320653202	0.100147093526051	21
HOXA13	ENSG00000106031	Cystatin C	continuous	376784	pLoF	0.0664333931313419	0.0378079111155899	0.192433015193613	0.0194136589200983	10
INPP5E	ENSG00000148384	N17 acute renal failure	icd_first_occurrence	7312	pLoF	0.0668184809678037	0.325613747454038	0.0365552608652775	0.0189118692260145	48
TRIM32	ENSG00000119401	C64 Malignant neoplasm of kidney	icd10	985	pLoF	0.0669619475161689	0.201419094070115	0.0396901418019863	0.0872357251281105	31
RPGRIP1L	ENSG00000103494	Q61 cystic kidney disease	icd_first_occurrence	735	pLoF	0.0671181115570099	0.266446327568502	0.036055716792906	0.0432186493233299	96
BBS10	ENSG00000179941	Q63 other congenital malformations of kidney	icd_first_occurrence	452	pLoF	0.0674292386760452	0.205058277679619	0.0445376017517338	0.0864864509893059	14
INVS	ENSG00000119509	Q61 cystic kidney disease	icd_first_occurrence	735	pLoF	0.0676644046051125	0.293741465628179	0.0358431924469853	0.0399650303125795	84
MKKS	ENSG00000125863	Creatinine	continuous	376624	pLoF	0.0682372275558447	0.0361778181123528	0.272944209725368	0.00631741583375618	37
CCND1	ENSG00000110092	N18 chronic renal failure	icd_first_occurrence	14086	pLoF	0.0685174399689358	0.139233061132519	0.0446632983725304	0.107035781981502	4
TMEM231	ENSG00000205084	Cystatin C	continuous	376784	pLoF	0.0685527341449688	0.0365807305512631	0.358377026805319	-0.00710354079656547	31
BRD4	ENSG00000141867	Urea	continuous	376551	pLoF	0.0705968902862817	0.0416199115589577	0.31644818340897	-0.0169724464235361	9
STX1A	ENSG00000106089	Microalbumin in urine	continuous	119013	pLoF	0.0708477792513832	0.0467582553749193	0.116088797846588	0.0554341878581221	6
IFT74	ENSG00000096872	N25 impaired renal tubular function	icd_first_occurrence	160	pLoF	0.0710325618727672	0.0728144050786919	0.0464538700543794	0.0871997506225425	24
EHMT1	ENSG00000181090	Creatinine	continuous	376624	pLoF	0.0710668418992757	0.0420337529705592	0.0975497409686165	-0.00789066199846994	14
SMC3	ENSG00000108055	N28 other disorders of kidney and ureter	icd_first_occurrence	5275	pLoF	0.0714444424854678	0.386600164937373	0.0403473132503624	0.048903788702782	25
ERAP1	ENSG00000164307	N26 unspecified contracted kidney	icd_first_occurrence	176	pLoF	0.0720272804408946	0.74208502543979	0.0490746611508006	0.0100595872477472	74
BICC1	ENSG00000122870	Cystatin C	continuous	376784	pLoF	0.0724519804166643	0.0393561494840985	0.192351883172009	0.00989930396015006	31
INPP5E	ENSG00000148384	N28 other disorders of kidney and ureter	icd_first_occurrence	5275	pLoF	0.0727225749089719	0.065939867677599	0.0549112123705873	0.0428804497141162	48
BUD23	ENSG00000071462	Urea	continuous	376551	pLoF	0.0734843224617567	0.785987502506099	0.0427996235460099	0.000800159821956802	39
WDPCP	ENSG00000143951	Creatinine (enzymatic) in urine	continuous	383774	pLoF	0.0736735204656294	0.370205528642085	0.0410654543209981	-0.00203564578616143	56
NPHP3	ENSG00000113971	Urea	continuous	376551	pLoF	0.0743068476027445	0.0398189061567835	0.500775041526238	0.00250535328817043	115
FAH	ENSG00000103876	Q60 renal agenesis / reduction defects	icd_first_occurrence	199	pLoF	0.0745992815678114	0.225994100785606	0.0440903534141457	0.0803663982085912	33
BRCA2	ENSG00000139618	N25 impaired renal tubular function	icd_first_occurrence	160	pLoF	0.0753796743920615	0.540105927565592	0.0408806598270706	0.0309894594560963	280
AMOTL1	ENSG00000166025	I12 hypertensive renal disease	icd_first_occurrence	1513	pLoF	0.0777188397214702	0.412300626691091	0.0424310137979753	0.0457057861008202	38
DNAJB11	ENSG00000090520	Creatinine	continuous	376624	pLoF	0.077907486303146	0.360610369318626	0.0429677545080818	0.00422845396574128	25
IFT140	ENSG00000187535	N17 acute renal failure	icd_first_occurrence	7312	pLoF	0.0779556198634468	0.046048404844089	0.326725502347554	0.0194438051138975	82
JAG1	ENSG00000101384	Creatinine	continuous	376624	pLoF	0.0781852083530783	0.0463814604694304	0.274217356047607	0.0134931073657007	9
TMEM67	ENSG00000164953	Q63 other congenital malformations of kidney	icd_first_occurrence	452	pLoF	0.078207677430062	0.399620419734364	0.0449275152516886	0.0295608968936386	86
PLD4	ENSG00000166428	Microalbumin in urine	continuous	119013	pLoF	0.0791020778914897	0.0466915543347	0.413034681744832	-0.00336341891441602	40
LAMA5	ENSG00000130702	N20 calculus of kidney and ureter	icd_first_occurrence	5879	pLoF	0.0792603054366676	0.0422508581641599	1.0	-0.024887174880111	267
SRCAP	ENSG00000080603	Creatinine	continuous	376624	pLoF	0.0796732568691593	0.979360415661231	0.0407421966772559	-6.29962357354786e-05	31
CCND1	ENSG00000110092	Cystatin C	continuous	376784	pLoF	0.0801118751147769	0.046522008993848	0.215714286534252	0.0348107511827803	4
FANCC	ENSG00000158169	Cystatin C	continuous	376784	pLoF	0.0802813667313674	0.0534217528632015	0.0777622703587156	-0.00254785117589001	46
MMUT	ENSG00000146085	Urea	continuous	376551	pLoF	0.0810309970626647	0.0459422668691443	0.314169494362119	-0.00411263712979191	59
HOXA13	ENSG00000106031	N18 chronic renal failure	icd_first_occurrence	14086	pLoF	0.0816241373395191	0.284532515425073	0.0478357075626981	0.0637478671914122	10
WDPCP	ENSG00000143951	Creatinine	continuous	376624	pLoF	0.0818867825454904	0.669288949636376	0.0457335919705111	0.000808784534178761	56
PRTN3	ENSG00000196415	N19 unspecified renal failure	icd_first_occurrence	2345	pLoF	0.0826097659566606	0.151349197275168	0.0625100579866873	-0.0293821818718563	28
HRAS	ENSG00000174775	N20 calculus of kidney and ureter	icd_first_occurrence	5879	pLoF	0.0829640512374838	0.0634142588469494	0.115875670909162	0.0500741341257132	10
DYNC2LI1	ENSG00000138036	Q63 other congenital malformations of kidney	icd_first_occurrence	452	pLoF	0.0835303642891553	0.218855148847153	0.0502298258452072	0.0824039630082104	26
KCTD1	ENSG00000134504	Cystatin C	continuous	376784	pLoF	0.0840758510476738	0.350140133758666	0.052724859440016	0.016322468915558	4
BRCA2	ENSG00000139618	Q61 cystic kidney disease	icd_first_occurrence	735	pLoF	0.0843829762066696	0.339194696126485	0.0429990378255705	0.0226425967625162	280
KIAA0753	ENSG00000198920	N26 unspecified contracted kidney	icd_first_occurrence	176	pLoF	0.0862050634525082	0.524462878839591	0.0462541062417994	0.0333394427270807	82
LAMB2	ENSG00000172037	C64 Malignant neoplasm of kidney	icd10	985	pLoF	0.0863750763325188	0.422691516837308	0.0466548171528807	0.0282759088165696	108
LAMB2	ENSG00000172037	Creatinine (enzymatic) in urine	continuous	383774	pLoF	0.0868823557037756	0.0791303162788001	0.0691969007879009	-0.00311115571030356	108
EHMT1	ENSG00000181090	Urea	continuous	376551	pLoF	0.0870181412640085	0.556947020501478	0.0519406383959222	-0.00273111700800073	14
WDPCP	ENSG00000143951	Q63 other congenital malformations of kidney	icd_first_occurrence	452	pLoF	0.0874144666787636	0.271662852239868	0.0506318422515044	0.0699689037125719	56
LIMK1	ENSG00000106683	Creatinine	continuous	376624	pLoF	0.0874986018059937	0.0964845383626091	0.0596235478285825	0.0095793758159104	22
ALG9	ENSG00000086848	C64 Malignant neoplasm of kidney	icd10	985	pLoF	0.0883738142111667	0.316008744050687	0.05072791942229	0.0608642330112381	46
UBE2T	ENSG00000077152	N19 unspecified renal failure	icd_first_occurrence	2345	pLoF	0.0884184370892158	0.240958757964457	0.0524877528472867	0.0715764131294446	14
FBXO22	ENSG00000167196	C64 Malignant neoplasm of kidney	icd10	985	pLoF	0.0889739087804895	0.154635583947721	0.0567809092277546	0.104861399231749	19
SLX4	ENSG00000188827	N18 chronic renal failure	icd_first_occurrence	14086	pLoF	0.0889874604892659	0.371823682554998	0.0469512843853026	0.00800367972807099	100
ALMS1	ENSG00000116127	Q60 renal agenesis / reduction defects	icd_first_occurrence	199	pLoF	0.0896739732887788	0.293116859670498	0.0485637706765915	0.0402876832676991	271
BAZ1B	ENSG00000009954	N28 other disorders of kidney and ureter	icd_first_occurrence	5275	pLoF	0.0898610416950794	0.238940027483385	0.0530833197535905	0.0435633476538973	18
FANCM	ENSG00000187790	Q60 renal agenesis / reduction defects	icd_first_occurrence	199	pLoF	0.090388911044143	0.0530148259555007	0.11749947703179	0.0757171675188751	124
SLX4	ENSG00000188827	C64 Malignant neoplasm of kidney	icd10	985	pLoF	0.0915504087484862	0.255079155082903	0.0506158451889986	0.032955150606077	100
BBIP1	ENSG00000214413	Microalbumin in urine	continuous	119013	pLoF	0.0921894319879812	0.0608035273522057	0.20281346116795	0.0174295014191165	8
B2M	ENSG00000166710	N18 chronic renal failure	icd_first_occurrence	14086	pLoF	0.0925407604662863	0.202387321310383	0.0587671759645357	0.0853263342686315	5
FANCI	ENSG00000140525	N28 other disorders of kidney and ureter	icd_first_occurrence	5275	pLoF	0.0926765222222022	0.699853800338247	0.0490691920646551	0.00524943999098889	124
RFC2	ENSG00000049541	Cystatin C	continuous	376784	pLoF	0.0937621327803313	0.679041337765319	0.0569950557936069	-0.000966726981874842	25
IFNG	ENSG00000111537	N17 acute renal failure	icd_first_occurrence	7312	pLoF	0.0938499344877913	0.438811782525741	0.0567593231093262	0.0276320031047715	11
PAN2	ENSG00000135473	Cystatin C	continuous	376784	pLoF	0.0941819163291832	0.316119644463339	0.0490401150184828	0.00316135265994349	65
IFT74	ENSG00000096872	N28 other disorders of kidney and ureter	icd_first_occurrence	5275	pLoF	0.0947619993177529	0.064205525080562	0.307094130974005	0.0182823953329683	24
NOD2	ENSG00000167207	N17 acute renal failure	icd_first_occurrence	7312	pLoF	0.0958144677977217	0.128582841691458	0.0560280106810334	-0.0210517590481674	53
ZNF699	ENSG00000196110	N19 unspecified renal failure	icd_first_occurrence	2345	pLoF	0.0960577795814548	0.0654090604085567	0.0811348247949724	0.0926878563223244	18
TMEM270	ENSG00000175877	Urea	continuous	376551	pLoF	0.0960923555542714	0.0572838819283173	0.653384536073791	0.00395199243988523	23
FANCC	ENSG00000158169	N20 calculus of kidney and ureter	icd_first_occurrence	5879	pLoF	0.0967438749014085	0.0587039098523465	0.118133175322889	-0.0228476948475832	46
GTF2IRD2	ENSG00000196275	N20 calculus of kidney and ureter	icd_first_occurrence	5879	pLoF	0.100143310966297	0.249149566699203	0.0559859173613582	0.0450231254847153	19
NEK8	ENSG00000160602	N23 unspecified renal colic	icd_first_occurrence	4304	pLoF	0.10059986406412	0.25258485875944	0.0585118140387245	0.0235010299288244	39
TSC2	ENSG00000103197	Creatinine	continuous	376624	pLoF	0.101038677800826	0.125247453668765	0.0935909463801721	-0.00124652076553366	26
NUP107	ENSG00000111581	N18 chronic renal failure	icd_first_occurrence	14086	pLoF	0.101542856045625	0.884959399567809	0.0557853330723752	0.00178628719741969	69
FBXO22	ENSG00000167196	N23 unspecified renal colic	icd_first_occurrence	4304	pLoF	0.101809013625502	0.239150467063948	0.0637815508696624	0.049282084800948	19
ERCC6	ENSG00000225830	Creatinine (enzymatic) in urine	continuous	383774	pLoF	0.102032025445706	0.057359666242808	0.217051311994137	-0.0020721191586834	116
FANCG	ENSG00000221829	Creatinine (enzymatic) in urine	continuous	383774	pLoF	0.102242525293184	0.0562252326964289	0.451268422087929	0.00375101156739125	55
LIMK1	ENSG00000106683	Microalbumin in urine	continuous	119013	pLoF	0.102288828780188	0.112922610264304	0.0624177572552381	0.0173318743827577	22
SRCAP	ENSG00000080603	Creatinine (enzymatic) in urine	continuous	383774	pLoF	0.103543570837163	0.88852025077141	0.0538497819927538	0.000904331667595332	31
JAG1	ENSG00000101384	N28 other disorders of kidney and ureter	icd_first_occurrence	5275	pLoF	0.103864219708667	0.233634076736406	0.0641475549695161	0.0727943687577978	9
FANCM	ENSG00000187790	N04 nephrotic syndrome	icd_first_occurrence	242	pLoF	0.103906116895871	0.117573023398167	0.0624257098311676	0.054576109770818	124
IL12A	ENSG00000168811	Cystatin C	continuous	376784	pLoF	0.104906230850386	0.425431252124334	0.0580693646401089	-0.00508649177908092	13
BRD4	ENSG00000141867	Creatinine	continuous	376624	pLoF	0.104941178814742	0.423524323429992	0.0628202360513419	-0.00555047954193831	9
BBS9	ENSG00000122507	N18 chronic renal failure	icd_first_occurrence	14086	pLoF	0.105057322846426	0.414467415037368	0.0582860638437811	0.00854583877048042	61
SCAPER	ENSG00000140386	Q61 cystic kidney disease	icd_first_occurrence	735	pLoF	0.105409778519723	0.502118916750891	0.0583558584515637	0.0347555005495515	80
FANCE	ENSG00000112039	Creatinine (enzymatic) in urine	continuous	383774	pLoF	0.105644520073143	0.0641252368254466	0.166447694157692	-0.00488569761277829	38
TMEM67	ENSG00000164953	N18 chronic renal failure	icd_first_occurrence	14086	pLoF	0.105854667548086	0.35073311508985	0.0594274162420179	0.0064276109518773	86
CTLA4	ENSG00000163599	Creatinine (enzymatic) in urine	continuous	383774	pLoF	0.106205229334748	0.0653705019873196	0.225506756310335	0.039326529114435	3
HLA-DPB1	ENSG00000223865	C64 Malignant neoplasm of kidney	icd10	985	pLoF	0.106932866704953	0.44641607897005	0.0594156272829374	0.0406229339160521	30
TBX1	ENSG00000184058	Cystatin C	continuous	376784	pLoF	0.106963505139388	0.0624545773548353	0.520321933600892	0.0133033252570344	13
LIMK1	ENSG00000106683	N18 chronic renal failure	icd_first_occurrence	14086	pLoF	0.107056951188625	0.151932522985748	0.0647091190689875	0.0426585356256061	22
ERCC6	ENSG00000225830	N26 unspecified contracted kidney	icd_first_occurrence	176	pLoF	0.107415631267846	0.502233783176687	0.0595587592972584	0.0352992269405524	116
TMEM270	ENSG00000175877	Creatinine (enzymatic) in urine	continuous	383774	pLoF	0.11037951085595	0.737653235045201	0.0656407234624237	0.000686765457738637	23
RFC2	ENSG00000049541	N28 other disorders of kidney and ureter	icd_first_occurrence	5275	pLoF	0.110658876763789	0.30222334231407	0.0666790276567417	0.0231532272644976	25
COG1	ENSG00000166685	Cystatin C	continuous	376784	pLoF	0.111067971347597	0.425236891864705	0.0669472852725056	0.00146982851625095	64
ELN	ENSG00000049540	Q61 cystic kidney disease	icd_first_occurrence	735	pLoF	0.111945783209815	0.115956970750059	0.0680797166564413	0.0730404725214253	39
CEP19	ENSG00000174007	N23 unspecified renal colic	icd_first_occurrence	4304	pLoF	0.112274235722377	0.206814295615138	0.0659203948857567	0.0511793230757735	17
ANKS6	ENSG00000165138	Cystatin C	continuous	376784	pLoF	0.1122870935649	0.059543214329656	0.417319805029129	0.00484731034754756	50
HLA-DPB1	ENSG00000223865	N23 unspecified renal colic	icd_first_occurrence	4304	pLoF	0.113854096622147	0.410793635950161	0.0634704230520323	0.0226918641503558	30
ANKS6	ENSG00000165138	C64 Malignant neoplasm of kidney	icd10	985	pLoF	0.113949743439671	0.47536989335667	0.0640838574643733	0.0379067505704585	50
ERAP1	ENSG00000164307	N18 chronic renal failure	icd_first_occurrence	14086	pLoF	0.114167940256364	0.0832907785040944	0.172831769273219	0.00660763963063965	74
HLA-DPA1	ENSG00000231389	Q63 other congenital malformations of kidney	icd_first_occurrence	452	pLoF	0.11469928462696	0.291658610130285	0.0675143035361708	0.0635821683425633	22
KIAA0586	ENSG00000100578	Q61 cystic kidney disease	icd_first_occurrence	735	pLoF	0.114707420265492	0.964319324248809	0.0741309579898258	-0.000164057244846353	111
MMUT	ENSG00000146085	Q63 other congenital malformations of kidney	icd_first_occurrence	452	pLoF	0.114740054520911	0.370470061663969	0.0655493600449572	0.0518033089402416	59
CC2D2A	ENSG00000048342	N08 glomerular disorders in dis. class. elsewhere	icd_first_occurrence	531	pLoF	0.114845346919117	0.247771602635318	0.0648283921697815	0.0358461300268906	136
CC2D2A	ENSG00000048342	N17 acute renal failure	icd_first_occurrence	7312	pLoF	0.114892073147471	0.0637727643008926	0.203308023604006	0.0158765325228701	136
HLA-DPA1	ENSG00000231389	N17 acute renal failure	icd_first_occurrence	7312	pLoF	0.115975984409824	0.0706871646738602	0.133803292230215	0.0276448281873646	22
TMEM237	ENSG00000155755	Cystatin C	continuous	376784	pLoF	0.116072944281973	0.0660114148782753	0.182213199007071	-0.00311490765572516	44
AHI1	ENSG00000135541	Cystatin C	continuous	376784	pLoF	0.116961640430604	0.0635790758522813	0.272582201660346	0.00227865597921471	99
HRAS	ENSG00000174775	N17 acute renal failure	icd_first_occurrence	7312	pLoF	0.118223909169945	0.0963340145845105	0.121198582194485	-0.0412771163502132	10
BRIP1	ENSG00000136492	N04 nephrotic syndrome	icd_first_occurrence	242	pLoF	0.118324861366044	0.467468739715613	0.0684633807725079	0.0396349610011851	88
MKS1	ENSG00000011143	Urea	continuous	376551	pLoF	0.118600044286654	0.734611430127328	0.0646639444326533	-0.000787557866385671	48
SALL1	ENSG00000103449	N23 unspecified renal colic	icd_first_occurrence	4304	pLoF	0.120781402372305	0.115996882060418	0.126644497035021	-0.00896113253778252	12
PRTN3	ENSG00000196415	Cystatin C	continuous	376784	pLoF	0.120828301996808	0.300505114408831	0.0911275735565438	-0.00143219735068084	28
CPT2	ENSG00000157184	N18 chronic renal failure	icd_first_occurrence	14086	pLoF	0.121216348632856	0.156985448347477	0.0689811343062258	0.0194144940096674	39
LZTFL1	ENSG00000163818	Urea	continuous	376551	pLoF	0.121805471164568	0.285021236745035	0.0672148811703909	0.00663649756463523	17
RFWD3	ENSG00000168411	N18 chronic renal failure	icd_first_occurrence	14086	pLoF	0.122179418681564	0.0654327660526175	0.997709128176114	-0.0293362644023058	59
SDCCAG8	ENSG00000054282	Urea	continuous	376551	pLoF	0.122264681851134	0.0691835860385021	0.402453260138147	0.00393438587897778	59
HNRNPK	ENSG00000165119	Cystatin C	continuous	376784	pLoF	0.122472757686047	0.0755585417865401	0.422517131966712	-0.0150778517981844	4
KLRC4	ENSG00000183542	Cystatin C	continuous	376784	pLoF	0.122622404457783	0.0948736797456702	0.183928998380489	-0.0124618842064836	3
FBXO22	ENSG00000167196	Creatinine (enzymatic) in urine	continuous	383774	pLoF	0.122712216910916	0.096304721003496	0.0827366825442064	-0.00701114477576211	19
FANCD2	ENSG00000144554	Urea	continuous	376551	pLoF	0.122828676316884	0.0720056175146033	0.426991946112419	-0.00217253799887985	106
FAAP100	ENSG00000185504	Q61 cystic kidney disease	icd_first_occurrence	735	pLoF	0.12379142057531	0.462125996083388	0.0709708142645138	0.0366742443275917	61
HSD11B2	ENSG00000176387	Urea	continuous	376551	pLoF	0.124858463863633	0.0700959591070047	0.926078138573895	0.00843636200574545	24
IFT74	ENSG00000096872	Cystatin C	continuous	376784	pLoF	0.12593685598183	0.085529592108214	0.454166912933457	0.00172705895299357	24
CLIP2	ENSG00000106665	N19 unspecified renal failure	icd_first_occurrence	2345	pLoF	0.126511200825432	0.451300056543031	0.0715203098428001	0.0403140880612797	36
FANCM	ENSG00000187790	Q63 other congenital malformations of kidney	icd_first_occurrence	452	pLoF	0.127123379700949	0.246676474510235	0.075453576500967	0.030193921260397	124
APOA1	ENSG00000118137	N23 unspecified renal colic	icd_first_occurrence	4304	pLoF	0.127994587792725	0.387640493283424	0.0743072249686008	0.0484896360563383	17
WT1	ENSG00000184937	Creatinine (enzymatic) in urine	continuous	383774	pLoF	0.128748777332831	0.500859921082655	0.0847220381611995	-0.00878175065467188	3
CLPB	ENSG00000162129	N28 other disorders of kidney and ureter	icd_first_occurrence	5275	pLoF	0.129285618796654	0.185359182023482	0.0781831244272604	0.0238633156388596	48
CLCNKB	ENSG00000184908	C64 Malignant neoplasm of kidney	icd10	985	pLoF	0.129288470041564	0.395850423737962	0.0698755862932245	0.0291002418708996	67
CLCNKB	ENSG00000184908	Urea	continuous	376551	pLoF	0.130015019680628	0.0714948422765884	0.404018853331544	-0.00321230826115138	67
GATA3	ENSG00000107485	Urea	continuous	376551	pLoF	0.1302264766762	0.0824748835559128	0.177038720587388	0.0323452372222391	3
FANCM	ENSG00000187790	C64 Malignant neoplasm of kidney	icd10	985	pLoF	0.130377875806845	0.437791619783943	0.0773926533964653	-0.0137837695777455	124
INPP5E	ENSG00000148384	I12 hypertensive renal disease	icd_first_occurrence	1513	pLoF	0.130411604486542	0.228889290455055	0.073245564383945	0.0492878771533384	48
WDR35	ENSG00000118965	C64 Malignant neoplasm of kidney	icd10	985	pLoF	0.130903311930977	0.364017816398282	0.0709588634274342	0.033209270981498	90
IFT172	ENSG00000138002	Creatinine (enzymatic) in urine	continuous	383774	pLoF	0.131383974361678	0.495697769174351	0.0712233337455054	-0.001088530735669	123
AHI1	ENSG00000135541	N19 unspecified renal failure	icd_first_occurrence	2345	pLoF	0.131501205986487	0.674078154104638	0.0727669376903147	0.00726552742013747	99
KIAA0586	ENSG00000100578	Creatinine	continuous	376624	pLoF	0.131617526731055	0.0868335065277412	0.54343170005635	0.000875698170780238	111
FANCL	ENSG00000115392	Q63 other congenital malformations of kidney	icd_first_occurrence	452	pLoF	0.131641545930401	0.161005122308425	0.107598159444734	0.0303724733116227	53
GTF2IRD2	ENSG00000196275	Creatinine (enzymatic) in urine	continuous	383774	pLoF	0.131921597039583	0.854534894085291	0.0775059394564495	-0.000898729942533603	19
DYNC2I1	ENSG00000126870	N20 calculus of kidney and ureter	icd_first_occurrence	5879	pLoF	0.131973404151393	0.144652165474876	0.0790432008736061	0.0241007532039588	87
EIF4H	ENSG00000106682	Cystatin C	continuous	376784	pLoF	0.132242610483617	0.623364965097808	0.0812306275096718	-0.00570979445678628	5
BBS7	ENSG00000138686	N23 unspecified renal colic	icd_first_occurrence	4304	pLoF	0.132379961735515	0.503446629526239	0.0761877157877369	0.0157012539198264	39
BBS5	ENSG00000163093	N28 other disorders of kidney and ureter	icd_first_occurrence	5275	pLoF	0.133932054002894	0.248656683936936	0.0734015167925848	0.0343842107831527	28
MYOCD	ENSG00000141052	Cystatin C	continuous	376784	pLoF	0.13423073372947	0.147155006206161	0.0837100445330813	0.00500099262726564	24
LAMA5	ENSG00000130702	Creatinine (enzymatic) in urine	continuous	383774	pLoF	0.134265768894409	0.0727648554823704	0.490853694619844	-0.00245697588452862	267
FANCL	ENSG00000115392	N19 unspecified renal failure	icd_first_occurrence	2345	pLoF	0.13575184968439	0.109605449361834	0.127320882236793	-0.0152845376332429	53
SDCCAG8	ENSG00000054282	Cystatin C	continuous	376784	pLoF	0.135917152061219	0.0772048534062538	0.870511337138631	0.00359224004171047	59
CEP290	ENSG00000198707	N23 unspecified renal colic	icd_first_occurrence	4304	pLoF	0.136130960460081	0.648984457600853	0.0721093157562935	-0.0035840906869005	253
WT1	ENSG00000184937	Cystatin C	continuous	376784	pLoF	0.136235097044235	0.091101038876201	0.29595683874065	-0.0197026688580892	3
BBS5	ENSG00000163093	N20 calculus of kidney and ureter	icd_first_occurrence	5879	pLoF	0.136716298491008	0.256459067452611	0.0746713114538393	0.0335662027690921	28
NUP107	ENSG00000111581	Cystatin C	continuous	376784	pLoF	0.137312725725277	0.739129219762515	0.0758555501656059	-0.000704975247183091	69
TBX1	ENSG00000184058	N23 unspecified renal colic	icd_first_occurrence	4304	pLoF	0.13794925762473	0.229935717229154	0.0863113871886952	0.0786845685201936	13
IFNG	ENSG00000111537	Creatinine (enzymatic) in urine	continuous	383774	pLoF	0.138166161013668	0.0864467471933172	0.27760842709719	-0.00799029587584844	11
NEK8	ENSG00000160602	Cystatin C	continuous	376784	pLoF	0.138207526557305	0.474037860664169	0.0806714186300383	-0.0014058685381733	39
BBS7	ENSG00000138686	Q61 cystic kidney disease	icd_first_occurrence	735	pLoF	0.138362959151118	0.497188995310666	0.0790177592170086	0.0355533356069857	39
IFNGR1	ENSG00000027697	N18 chronic renal failure	icd_first_occurrence	14086	pLoF	0.138979290530389	0.175523195303802	0.0827376832609892	0.0456393837887418	13
METTL27	ENSG00000165171	N20 calculus of kidney and ureter	icd_first_occurrence	5879	pLoF	0.13919115235614	0.0831095299755713	0.403166783896138	0.0162008501873948	21
BBS2	ENSG00000125124	N25 impaired renal tubular function	icd_first_occurrence	160	pLoF	0.139282359495907	0.298851220066849	0.0829706213639776	0.065517658006234	63
NCF1	ENSG00000158517	Microalbumin in urine	continuous	119013	pLoF	0.14108768339036	0.0867386175797042	0.263035180963686	-0.014747000759016	15
ERAP1	ENSG00000164307	Cystatin C	continuous	376784	pLoF	0.14163995659147	0.230687085076154	0.104269256043743	-0.000753098651578049	74
NOTCH2	ENSG00000134250	N18 chronic renal failure	icd_first_occurrence	14086	pLoF	0.143325912921704	0.216635526736787	0.078240263758949	0.0305288703384855	39
NOD2	ENSG00000167207	N23 unspecified renal colic	icd_first_occurrence	4304	pLoF	0.143590105376002	0.0827655720186015	0.99965992263516	-0.0321339628367263	53
KYNU	ENSG00000115919	Urea	continuous	376551	pLoF	0.144379449448699	0.436143360621839	0.0863616364539668	0.00165879423362747	26
RAD21	ENSG00000164754	Urea	continuous	376551	pLoF	0.144392346415242	0.0879444602682637	0.362465390419171	0.0240277835493507	5
CRB2	ENSG00000148204	N28 other disorders of kidney and ureter	icd_first_occurrence	5275	pLoF	0.144446009877328	0.180426617341685	0.100763001906316	0.00983169250676539	98
FANCD2	ENSG00000144554	Q60 renal agenesis / reduction defects	icd_first_occurrence	199	pLoF	0.145042391441818	0.508457632371348	0.0841613090109234	0.0348162443619752	106
FANCE	ENSG00000112039	N23 unspecified renal colic	icd_first_occurrence	4304	pLoF	0.145633562760118	0.0861468786658843	0.201691959812531	0.0427535576771584	38
KIAA0753	ENSG00000198920	N19 unspecified renal failure	icd_first_occurrence	2345	pLoF	0.146248641688142	0.709102933538889	0.0815567065926219	0.00553426930015473	82
BBS7	ENSG00000138686	N08 glomerular disorders in dis. class. elsewhere	icd_first_occurrence	531	pLoF	0.146350484919462	0.321429298550489	0.0859781708619072	0.0612199064826204	39
BBS4	ENSG00000140463	Cystatin C	continuous	376784	pLoF	0.147438937741942	0.0837288638862892	0.322634218432587	-0.00357570196261815	48
KCTD1	ENSG00000134504	Creatinine (enzymatic) in urine	continuous	383774	pLoF	0.148226699137961	0.090873715139913	0.344115277004946	-0.0279516202168177	4
FAAP100	ENSG00000185504	N28 other disorders of kidney and ureter	icd_first_occurrence	5275	pLoF	0.148846355909145	0.641575718618657	0.0860005514100363	0.00904871916266745	61
IFT140	ENSG00000187535	Q60 renal agenesis / reduction defects	icd_first_occurrence	199	pLoF	0.148911939608826	0.463340963393523	0.0876982732957081	0.0394464321320391	82
IFT74	ENSG00000096872	Creatinine (enzymatic) in urine	continuous	383774	pLoF	0.149314496750315	0.101568728091023	0.3802884467914	0.00172217603777845	24
BRCA1	ENSG00000012048	Q63 other congenital malformations of kidney	icd_first_occurrence	452	pLoF	0.14974223392573	0.593216251623323	0.0824463660051973	0.0262780298414703	141
CILK1	ENSG00000112144	Cystatin C	continuous	376784	pLoF	0.149755106076544	0.0839187867414961	0.402196756604462	0.00481191272356529	46
SRCAP	ENSG00000080603	N20 calculus of kidney and ureter	icd_first_occurrence	5879	pLoF	0.149783419980776	0.464502201481267	0.0854801977593893	0.0387455204694802	31
IFNGR1	ENSG00000027697	Cystatin C	continuous	376784	pLoF	0.151536871025813	0.102459431333963	0.110974243711313	0.00994406570964807	13
TBX1	ENSG00000184058	N17 acute renal failure	icd_first_occurrence	7312	pLoF	0.151582386165235	0.414434976125999	0.0888338568284592	0.0448970134469554	13
INPP5E	ENSG00000148384	Creatinine (enzymatic) in urine	continuous	383774	pLoF	0.151709965903192	0.416219992658586	0.0863396602160302	-0.0020997273102197	48
IFT122	ENSG00000163913	N20 calculus of kidney and ureter	icd_first_occurrence	5879	pLoF	0.155244806949953	0.882290706697565	0.0932412521537874	-0.00167511278670777	101
PRTN3	ENSG00000196415	I12 hypertensive renal disease	icd_first_occurrence	1513	pLoF	0.155269919963198	0.118570359682868	0.161374780025012	-0.040872997028041	28
DYNC2I1	ENSG00000126870	N17 acute renal failure	icd_first_occurrence	7312	pLoF	0.155378497190014	0.831500947969946	0.0849415482178142	-0.00320628827275696	87
TBX1	ENSG00000184058	Creatinine	continuous	376624	pLoF	0.155520578345779	0.0918343999204063	0.549990083028683	0.0106828415034193	13
CRB2	ENSG00000148204	Q61 cystic kidney disease	icd_first_occurrence	735	pLoF	0.156141560111734	0.110301929328831	0.113435137754283	0.0294320326805379	98
COG1	ENSG00000166685	Urea	continuous	376551	pLoF	0.156302133824968	0.293439370217254	0.0944627237282892	0.00206981761265762	64
IFT122	ENSG00000163913	N18 chronic renal failure	icd_first_occurrence	14086	pLoF	0.156632667943036	0.0953131660244135	0.531748530477584	-0.012446978569106	101
LAMA5	ENSG00000130702	Microalbumin in urine	continuous	119013	pLoF	0.15682249422613	0.438801288503382	0.0858223550864706	-0.00210362635554562	267
FANCC	ENSG00000158169	Creatinine (enzymatic) in urine	continuous	383774	pLoF	0.157614127674667	0.664430427499128	0.0925972911203888	-0.000598172047500842	46
FANCE	ENSG00000112039	N18 chronic renal failure	icd_first_occurrence	14086	pLoF	0.158045038558473	0.563929014198919	0.095659213590005	-0.0086358686035869	38
LZTFL1	ENSG00000163818	N18 chronic renal failure	icd_first_occurrence	14086	pLoF	0.158077799967765	0.254479296894865	0.08826033476174	0.0341632534630971	17
NEK8	ENSG00000160602	Creatinine (enzymatic) in urine	continuous	383774	pLoF	0.158236090273008	0.0995828786884252	0.145057457604368	-0.00336842622528232	39
COL7A1	ENSG00000114270	Creatinine (enzymatic) in urine	continuous	383774	pLoF	0.160118453094288	0.0892580476280936	0.66501788413339	0.00165844497917248	229
CC2D2A	ENSG00000048342	Creatinine	continuous	376624	pLoF	0.160484828095781	0.3231721005755	0.0912661209564856	0.000929747460573702	136
FAAP100	ENSG00000185504	N20 calculus of kidney and ureter	icd_first_occurrence	5879	pLoF	0.162822210622645	0.422935158253312	0.0945240077556464	0.0151378310535136	61
ALG9	ENSG00000086848	N28 other disorders of kidney and ureter	icd_first_occurrence	5275	pLoF	0.163012456840888	0.125912399196671	0.112215691311387	0.0431608287919142	46
KIAA0753	ENSG00000198920	N23 unspecified renal colic	icd_first_occurrence	4304	pLoF	0.164132028910237	0.0920951329158555	0.880762205037397	-0.0188560407232377	82
SCLT1	ENSG00000151466	N17 acute renal failure	icd_first_occurrence	7312	pLoF	0.164706971936834	0.921502959938823	0.0955419978378149	0.00224474111716465	29
NOTCH2	ENSG00000134250	Urea	continuous	376551	pLoF	0.165730164346238	0.111125715437195	0.15381702338904	0.00786112686645253	39
IFT27	ENSG00000100360	Urea	continuous	376551	pLoF	0.165998075457581	0.429158573738374	0.0981823096968688	-0.00178813020043939	20
TBL2	ENSG00000106638	Creatinine (enzymatic) in urine	continuous	383774	pLoF	0.166657096064272	0.946339053555617	0.0973479187118039	-0.00021804586078417	29
FANCI	ENSG00000140525	Cystatin C	continuous	376784	pLoF	0.167841198398106	0.70085694707599	0.0921301778021911	0.000572373453506153	124
WDPCP	ENSG00000143951	Microalbumin in urine	continuous	119013	pLoF	0.16819995111545	0.642376353250826	0.0938798670257617	0.00203312265558952	56
ZNF699	ENSG00000196110	N17 acute renal failure	icd_first_occurrence	7312	pLoF	0.168521870183198	0.320436094944221	0.10998089709187	0.0308594873458607	18
RAD21	ENSG00000164754	Cystatin C	continuous	376784	pLoF	0.169949718476985	0.286011702768011	0.103734324058304	0.0140985382672836	5
IFT27	ENSG00000100360	N18 chronic renal failure	icd_first_occurrence	14086	pLoF	0.169971829250905	0.686557516159632	0.101110659812307	0.00530366428252815	20
SALL1	ENSG00000103449	I12 hypertensive renal disease	icd_first_occurrence	1513	pLoF	0.170622105640573	0.251067825514032	0.161224706476143	-0.0108501138337366	12
CEP19	ENSG00000174007	N20 calculus of kidney and ureter	icd_first_occurrence	5879	pLoF	0.170659731063728	0.41511547795603	0.100744084505391	0.028861350285612	17
INVS	ENSG00000119509	I12 hypertensive renal disease	icd_first_occurrence	1513	pLoF	0.171066636858059	0.113251526907134	0.141867767325762	0.0450860018002073	84
FANCD2	ENSG00000144554	N19 unspecified renal failure	icd_first_occurrence	2345	pLoF	0.171073394213674	0.236074087214582	0.0992132873209851	0.0184324552428719	106
NSD1	ENSG00000165671	N20 calculus of kidney and ureter	icd_first_occurrence	5879	pLoF	0.171208417889696	0.443457956926323	0.0974814753336412	0.0260382913391677	32
NCF1	ENSG00000158517	Cystatin C	continuous	376784	pLoF	0.171718820663643	0.306160007290264	0.10618444980756	-0.00393066080532139	15
TMEM237	ENSG00000155755	N18 chronic renal failure	icd_first_occurrence	14086	pLoF	0.171877001714174	0.976835861908773	0.0988401068444691	8.73785935209393e-05	44
NPHP3	ENSG00000113971	N19 unspecified renal failure	icd_first_occurrence	2345	pLoF	0.173465047710416	0.0971666562315056	0.821235596234837	-0.0271557431443402	115
MKS1	ENSG00000011143	Q61 cystic kidney disease	icd_first_occurrence	735	pLoF	0.173532572047014	0.535291061839157	0.0980026150397768	0.0316629959462617	48
MKS1	ENSG00000011143	I12 hypertensive renal disease	icd_first_occurrence	1513	pLoF	0.17379069305161	0.455898445876372	0.096255201906053	0.0256418502509882	48
FANCC	ENSG00000158169	Microalbumin in urine	continuous	119013	pLoF	0.173975106334961	0.103895632254386	0.611922557069663	-0.00433547522726499	46
CILK1	ENSG00000112144	N17 acute renal failure	icd_first_occurrence	7312	pLoF	0.174153083416235	0.646624514946542	0.0985066560494046	0.0098287236947888	46
RFC2	ENSG00000049541	Creatinine (enzymatic) in urine	continuous	383774	pLoF	0.175136465654416	0.106652377828373	0.244852249977644	-0.00397633132036669	25
KIAA0586	ENSG00000100578	N18 chronic renal failure	icd_first_occurrence	14086	pLoF	0.176066562255777	0.115340483330376	0.501234879086924	0.00561659830297637	111
DYNC2LI1	ENSG00000138036	Cystatin C	continuous	376784	pLoF	0.176234350938768	0.106868415384332	0.254532232333436	0.00380959598989046	26
FANCL	ENSG00000115392	N04 nephrotic syndrome	icd_first_occurrence	242	pLoF	0.176668653560508	0.142692962615407	0.168385883833331	-0.0440278399900929	53
PALB2	ENSG00000083093	Urea	continuous	376551	pLoF	0.176671944549953	0.415277325143877	0.102103199078846	-0.00109095876486731	94
NOD2	ENSG00000167207	N19 unspecified renal failure	icd_first_occurrence	2345	pLoF	0.176918260387461	0.102358882829342	0.964480804965917	-0.0404677240551125	53
CRB2	ENSG00000148204	N04 nephrotic syndrome	icd_first_occurrence	242	pLoF	0.177042686615662	0.237783784809682	0.123689197750108	0.040281700242784	98
INVS	ENSG00000119509	N23 unspecified renal colic	icd_first_occurrence	4304	pLoF	0.177279050634903	0.114805364912211	0.145998898957514	0.0271760398607093	84
BRCA2	ENSG00000139618	Creatinine (enzymatic) in urine	continuous	383774	pLoF	0.17882397210944	0.290194943433506	0.0963617703603201	0.0010971658746242	280
EBF3	ENSG00000108001	Creatinine (enzymatic) in urine	continuous	383774	pLoF	0.179251896274691	0.605313514547246	0.11075567707601	0.00852480926016888	4
FKBP6	ENSG00000077800	N23 unspecified renal colic	icd_first_occurrence	4304	pLoF	0.179355296729698	0.408852918231671	0.115562152334798	-0.0177278705678075	26
NSD1	ENSG00000165671	Creatinine (enzymatic) in urine	continuous	383774	pLoF	0.180184950599291	0.103469529229686	0.327603561036587	0.00656902293785454	32
FAH	ENSG00000103876	N17 acute renal failure	icd_first_occurrence	7312	pLoF	0.182035578533011	0.109607933194296	0.335943762969996	-0.020623349905737	33
PALB2	ENSG00000083093	N18 chronic renal failure	icd_first_occurrence	14086	pLoF	0.182993727131628	0.662957802148802	0.105706401775792	0.00325514648505074	94
HLA-DPB1	ENSG00000223865	N20 calculus of kidney and ureter	icd_first_occurrence	5879	pLoF	0.183691678836259	0.40890843575985	0.104098336969896	0.0192758072857857	30
DACT1	ENSG00000165617	N17 acute renal failure	icd_first_occurrence	7312	pLoF	0.184536949541995	0.307794013295324	0.106518077301736	0.0354311932080106	22
BBS2	ENSG00000125124	Urea	continuous	376551	pLoF	0.184990325981274	0.235307330074793	0.109890381260342	0.00155312711849118	63
NOD2	ENSG00000167207	Q63 other congenital malformations of kidney	icd_first_occurrence	452	pLoF	0.185219027325886	0.513577013324568	0.108284363109368	0.0339408979818278	53
KIAA0753	ENSG00000198920	Creatinine	continuous	376624	pLoF	0.185756644956927	0.371777099332918	0.104854532528594	0.000835849195221153	82
PAN2	ENSG00000135473	Creatinine (enzymatic) in urine	continuous	383774	pLoF	0.18586865896737	0.100623921288872	0.817046258234134	-0.00549586148748416	65
GSN	ENSG00000148180	N20 calculus of kidney and ureter	icd_first_occurrence	5879	pLoF	0.185949567267446	0.136484624030642	0.136050758627934	0.0313605157023274	44
EBF3	ENSG00000108001	Creatinine	continuous	376624	pLoF	0.186307305461168	0.429758460346048	0.115324862345977	0.010951661814265	4
TMEM67	ENSG00000164953	Creatinine	continuous	376624	pLoF	0.186435970065132	0.106680786404431	0.654840591773838	0.00161110089633175	86
SALL1	ENSG00000103449	N17 acute renal failure	icd_first_occurrence	7312	pLoF	0.186863164460935	0.179467280814439	0.19667231316686	-0.00580303213461703	12
MEN1	ENSG00000133895	Microalbumin in urine	continuous	119013	pLoF	0.186884934816853	0.118368843189754	0.180841849108118	0.0275371401367971	10
MMACHC	ENSG00000132763	C64 Malignant neoplasm of kidney	icd10	985	pLoF	0.187434830543656	0.151713036359138	0.18057764590762	-0.0410589526475696	15
PALB2	ENSG00000083093	N20 calculus of kidney and ureter	icd_first_occurrence	5879	pLoF	0.188913465213965	0.314478055821002	0.10831425143528	0.011678343669572	94
ALMS1	ENSG00000116127	N08 glomerular disorders in dis. class. elsewhere	icd_first_occurrence	531	pLoF	0.191198134571121	0.354262255524507	0.106951019570031	0.022771460455782	271
ELN	ENSG00000049540	Cystatin C	continuous	376784	pLoF	0.191331272332091	0.254429953260542	0.112977253508132	-0.00218298789034688	39
TMEM216	ENSG00000187049	Creatinine (enzymatic) in urine	continuous	383774	pLoF	0.192214120329086	0.14069740396005	0.224541950414046	-0.00376007223350904	13
DYNC2I1	ENSG00000126870	Creatinine (enzymatic) in urine	continuous	383774	pLoF	0.192223831757859	0.105244298742803	0.427853854193942	0.00322650081770111	87
FANCE	ENSG00000112039	C64 Malignant neoplasm of kidney	icd10	985	pLoF	0.192874723172809	0.525575703544636	0.115833059243118	0.0324932423734084	38
TMEM67	ENSG00000164953	Creatinine (enzymatic) in urine	continuous	383774	pLoF	0.193032574723891	0.110618197445731	0.277456947638237	0.00190028250972425	86
CPT2	ENSG00000157184	Urea	continuous	376551	pLoF	0.193098093865698	0.145800715078484	0.126044156501884	-0.00345131785732726	39
HLA-DPA1	ENSG00000231389	N20 calculus of kidney and ureter	icd_first_occurrence	5879	pLoF	0.193151129235909	0.711564338131348	0.114132617190577	0.00663242244605705	22
NSD1	ENSG00000165671	N23 unspecified renal colic	icd_first_occurrence	4304	pLoF	0.194116883501907	0.255028566973081	0.111879811959986	0.0448526353355353	32
ELN	ENSG00000049540	Microalbumin in urine	continuous	119013	pLoF	0.195092894680218	0.119247697157756	0.168251177301458	-0.00635162795449842	39
MYOCD	ENSG00000141052	N18 chronic renal failure	icd_first_occurrence	14086	pLoF	0.195489823422623	0.120314171178257	0.214853744784047	0.031357514101704	24
WDPCP	ENSG00000143951	Urea	continuous	376551	pLoF	0.195797777446693	0.933896653376166	0.110758515671328	0.000181515733330187	56
IFNG	ENSG00000111537	N19 unspecified renal failure	icd_first_occurrence	2345	pLoF	0.196192917822532	0.350351831996454	0.125549472910112	0.0562624045397088	11
MYOCD	ENSG00000141052	N23 unspecified renal colic	icd_first_occurrence	4304	pLoF	0.196324989756942	0.117736271379648	0.176694902477871	0.0532549937640189	24
IFT27	ENSG00000100360	N20 calculus of kidney and ureter	icd_first_occurrence	5879	pLoF	0.196945635066782	0.117666819342306	0.840009656551869	-0.0310805954937881	20
WDR35	ENSG00000118965	Creatinine	continuous	376624	pLoF	0.197211863019469	0.160852649025674	0.124371108797381	0.00211571482120311	90
TMEM237	ENSG00000155755	Creatinine	continuous	376624	pLoF	0.197806081566311	0.18638335543966	0.115251180413496	-0.001986706780852	44
SLC7A7	ENSG00000155465	N18 chronic renal failure	icd_first_occurrence	14086	pLoF	0.198061022798469	0.42977218220407	0.112124367112302	-0.0111641013091518	40
XRCC2	ENSG00000196584	N23 unspecified renal colic	icd_first_occurrence	4304	pLoF	0.199030940626522	0.118781229145414	0.760302453390335	-0.040622580402308	23
KIAA0753	ENSG00000198920	N28 other disorders of kidney and ureter	icd_first_occurrence	5275	pLoF	0.200144816853354	0.113327736001515	0.620600311433371	0.0160259878449087	82
ALG5	ENSG00000120697	Cystatin C	continuous	376784	pLoF	0.200183492251805	0.114268141051966	0.45693074443348	0.00933792071405721	21
TSC1	ENSG00000165699	Urea	continuous	376551	pLoF	0.202478835922213	0.850019365562107	0.114893324934415	-0.00160332601476985	17
SALL1	ENSG00000103449	Creatinine	continuous	376624	pLoF	0.204680490901911	0.245604650054987	0.195798374632626	-0.000537662630011195	12
CRB2	ENSG00000148204	N08 glomerular disorders in dis. class. elsewhere	icd_first_occurrence	531	pLoF	0.206753396115963	0.13968092779327	0.282010876811712	0.0331555665639114	98
INVS	ENSG00000119509	C64 Malignant neoplasm of kidney	icd10	985	pLoF	0.207137716527923	0.507515366374713	0.117208910844566	0.0221873868437632	84
IFNGR1	ENSG00000027697	Microalbumin in urine	continuous	119013	pLoF	0.207885083549676	0.123567810294664	0.419503906934229	-0.0183094434846442	13
PKD1	ENSG00000008710	Creatinine (enzymatic) in urine	continuous	383774	pLoF	0.208159615968693	0.130316842677664	0.700363023270346	-0.00288531606245637	92
BRCA2	ENSG00000139618	Urea	continuous	376551	pLoF	0.208201170001277	0.117240035528975	0.28688364912013	0.00164819984979128	280
TMEM67	ENSG00000164953	Cystatin C	continuous	376784	pLoF	0.209322435295962	0.120341092885892	0.748052137263676	0.00174710485010575	86
CLPB	ENSG00000162129	Creatinine (enzymatic) in urine	continuous	383774	pLoF	0.209584033923895	0.5937686495714	0.131909920121244	0.00102969021841538	48
SCAPER	ENSG00000140386	N18 chronic renal failure	icd_first_occurrence	14086	pLoF	0.209759916463143	0.187558871687829	0.121860915100947	0.0167693370825739	80
BBS10	ENSG00000179941	Urea	continuous	376551	pLoF	0.209792834858955	0.360856146188309	0.156560874884363	0.00239988348520131	14
ERCC8	ENSG00000049167	Urea	continuous	376551	pLoF	0.209994705768325	0.123271018339199	0.541394608911553	0.00415988473797181	32
SALL1	ENSG00000103449	Microalbumin in urine	continuous	119013	pLoF	0.211153017813553	0.203874856312424	0.21556697713958	0.00132122604284459	12
FAH	ENSG00000103876	Microalbumin in urine	continuous	119013	pLoF	0.211673628241754	0.129250109760017	0.306840249807937	-0.00511043155486798	33
APOA1	ENSG00000118137	Creatinine	continuous	376624	pLoF	0.211925695744881	0.180262288467945	0.125895583794222	-0.00693173441387219	17
MMACHC	ENSG00000132763	Cystatin C	continuous	376784	pLoF	0.211965742521013	0.16938519072648	0.221727201929013	0.00179901763802016	15
BBS9	ENSG00000122507	Cystatin C	continuous	376784	pLoF	0.211978031024342	0.133763562448966	0.163897520958535	0.00265960743445507	61
COL7A1	ENSG00000114270	Cystatin C	continuous	376784	pLoF	0.212687650273151	0.971663444576003	0.120650026629342	-2.48774833579504e-05	229
BRCA1	ENSG00000012048	N23 unspecified renal colic	icd_first_occurrence	4304	pLoF	0.214051508058026	0.118287416215544	0.999338699998917	-0.0260427754745119	141
NOD2	ENSG00000167207	N18 chronic renal failure	icd_first_occurrence	14086	pLoF	0.21415407813718	0.124964009738769	0.947470696965171	-0.015328908293531	53
LAMB2	ENSG00000172037	N08 glomerular disorders in dis. class. elsewhere	icd_first_occurrence	531	pLoF	0.21437426168737	0.650935313120892	0.120859180104602	0.021220952431175	108
KIAA0753	ENSG00000198920	Q60 renal agenesis / reduction defects	icd_first_occurrence	199	pLoF	0.214401513454564	0.632266115714277	0.122169041969963	0.0229117233649322	82
DNASE1L3	ENSG00000163687	Cystatin C	continuous	376784	pLoF	0.215451088003687	0.134473789784777	0.358661336158193	-0.00613224486653825	10
BBS4	ENSG00000140463	Urea	continuous	376551	pLoF	0.215798476553962	0.325569071562702	0.125321985389605	-0.00216429745867683	48
IL12A	ENSG00000168811	Urea	continuous	376551	pLoF	0.216979635240002	0.859658197026624	0.125453869285144	0.00119067746982019	13
APC2	ENSG00000115266	Cystatin C	continuous	376784	pLoF	0.217119050054749	0.169634748278507	0.136200090646888	0.00625341555336633	36
KIAA0586	ENSG00000100578	Microalbumin in urine	continuous	119013	pLoF	0.217217208353058	0.168172034763578	0.144455731995495	-0.00162139537379471	111
HRAS	ENSG00000174775	Urea	continuous	376551	pLoF	0.217430696056199	0.16845115081517	0.263147071502388	0.00420604857273518	10
MMACHC	ENSG00000132763	N20 calculus of kidney and ureter	icd_first_occurrence	5879	pLoF	0.218148565872285	0.165820992870411	0.30278365698078	0.0163507964484809	15
IFT122	ENSG00000163913	N17 acute renal failure	icd_first_occurrence	7312	pLoF	0.218191100493134	0.233546446568236	0.131706199764402	-0.0121365838358507	101
BAZ1B	ENSG00000009954	Creatinine	continuous	376624	pLoF	0.218615195889368	0.664024918526213	0.133226367067384	0.00176705292769453	18
DNAJB11	ENSG00000090520	Microalbumin in urine	continuous	119013	pLoF	0.218624461830897	0.12873467077879	0.81910323768374	0.0189412955887104	25
CEP290	ENSG00000198707	N17 acute renal failure	icd_first_occurrence	7312	pLoF	0.218871900701511	0.151136938627256	0.160249579912447	0.00873446451743263	253
WDPCP	ENSG00000143951	N20 calculus of kidney and ureter	icd_first_occurrence	5879	pLoF	0.219551943634939	0.124390198042184	0.976458662987725	-0.0308014148492989	56
TBX1	ENSG00000184058	Microalbumin in urine	continuous	119013	pLoF	0.219564360819172	0.263117639792337	0.130671515832926	0.0147035663201112	13
TSC1	ENSG00000165699	N17 acute renal failure	icd_first_occurrence	7312	pLoF	0.219755720270634	0.482958493404298	0.128044657471479	0.0368217158029975	17
SMC3	ENSG00000108055	Urea	continuous	376551	pLoF	0.22012102786233	0.124546725011126	0.940801704414574	-0.0106266341031266	25
CILK1	ENSG00000112144	Creatinine	continuous	376624	pLoF	0.220368469361589	0.125296719757738	0.526265895750769	0.00381160895737969	46
PKD2	ENSG00000118762	Creatinine (enzymatic) in urine	continuous	383774	pLoF	0.221068547384889	0.124249645073431	0.582170575949602	-0.00627609773144995	39
FANCC	ENSG00000158169	C64 Malignant neoplasm of kidney	icd10	985	pLoF	0.221123915431479	0.417342573725808	0.133586888416439	0.0234846030913832	46
NOTCH2	ENSG00000134250	N23 unspecified renal colic	icd_first_occurrence	4304	pLoF	0.221621045899105	0.635267760680275	0.125694658836065	0.0216650005619249	39
GTF2I	ENSG00000263001	Urea	continuous	376551	pLoF	0.221789547688001	0.141680558510674	0.284534029367495	-0.0193555179500092	5
AHI1	ENSG00000135541	N04 nephrotic syndrome	icd_first_occurrence	242	pLoF	0.222189709394087	0.554653609429275	0.127304066183465	0.0299117551103686	99
LZTFL1	ENSG00000163818	Creatinine	continuous	376624	pLoF	0.222875034050706	0.489772321841911	0.127775225132521	0.00357126465774801	17
TMEM216	ENSG00000187049	C64 Malignant neoplasm of kidney	icd10	985	pLoF	0.223490388617718	0.570284806862947	0.153909160215063	0.0283220489508976	13
FANCI	ENSG00000140525	Urea	continuous	376551	pLoF	0.224159573237426	0.281395526892437	0.125207750292379	-0.00171192263084906	124
TMEM231	ENSG00000205084	Creatinine	continuous	376624	pLoF	0.224304990105235	0.308858265161326	0.127120690532618	-0.00306819101962206	31
BBS9	ENSG00000122507	N20 calculus of kidney and ureter	icd_first_occurrence	5879	pLoF	0.225183830442073	0.909714570891325	0.128249700020113	-0.00175458257196716	61
BBS7	ENSG00000138686	N18 chronic renal failure	icd_first_occurrence	14086	pLoF	0.227114992006759	0.131504336759173	0.386843535658524	0.0200967437058468	39
IFNG	ENSG00000111537	N18 chronic renal failure	icd_first_occurrence	14086	pLoF	0.228076391717746	0.144632144822286	0.634008830879237	-0.0420496018208103	11
BBIP1	ENSG00000214413	Creatinine (enzymatic) in urine	continuous	383774	pLoF	0.228290856425413	0.160484783374748	0.290449876921164	-0.00653813434174627	8
ARL6	ENSG00000113966	Microalbumin in urine	continuous	119013	pLoF	0.228445828106139	0.140541008608464	0.280080781658485	-0.0219636817547199	13
LZTFL1	ENSG00000163818	Cystatin C	continuous	376784	pLoF	0.229111644453852	0.510334985029969	0.131625574231509	0.00383549270979835	17
NOD2	ENSG00000167207	Cystatin C	continuous	376784	pLoF	0.229212402900424	0.702955730970525	0.133395465410038	0.000647984143826493	53
ERAP1	ENSG00000164307	Q63 other congenital malformations of kidney	icd_first_occurrence	452	pLoF	0.229637694150842	0.272641450891634	0.166432064060925	-0.0230086534039343	74
MLXIPL	ENSG00000009950	N18 chronic renal failure	icd_first_occurrence	14086	pLoF	0.230194173756285	0.132679018558281	0.713274741607279	-0.0265541443486735	41
SALL1	ENSG00000103449	C64 Malignant neoplasm of kidney	icd10	985	pLoF	0.230497414869155	0.22054914022575	0.229585231446022	-0.0144712279822429	12
GTF2I	ENSG00000263001	Cystatin C	continuous	376784	pLoF	0.230930070921281	0.147234395465158	0.523906559495274	-0.0179236858792663	5
FKBP6	ENSG00000077800	Q63 other congenital malformations of kidney	icd_first_occurrence	452	pLoF	0.232577420310283	0.277321281263482	0.149155915321286	0.0734801998922956	26
IFT74	ENSG00000096872	I12 hypertensive renal disease	icd_first_occurrence	1513	pLoF	0.232882932097084	0.158848291733722	0.423098642339241	0.0261119291598397	24
SALL1	ENSG00000103449	Q63 other congenital malformations of kidney	icd_first_occurrence	452	pLoF	0.233005046395747	0.222871986718234	0.229293547612886	-0.0206292653814799	12
FANCC	ENSG00000158169	N08 glomerular disorders in dis. class. elsewhere	icd_first_occurrence	531	pLoF	0.234120618104864	0.352146347197397	0.14005483494696	0.0348452621965349	46
MMACHC	ENSG00000132763	N19 unspecified renal failure	icd_first_occurrence	2345	pLoF	0.234313181601253	0.187541071097581	0.252831607526504	-0.024433733513294	15
FAAP100	ENSG00000185504	Creatinine (enzymatic) in urine	continuous	383774	pLoF	0.234417485579278	0.55839785621048	0.140954347652715	-0.00132152958520159	61
MMP1	ENSG00000196611	N04 nephrotic syndrome	icd_first_occurrence	242	pLoF	0.23443905328792	0.482573957210991	0.148787221654462	0.0195723725735651	34
SCLT1	ENSG00000151466	Urea	continuous	376551	pLoF	0.234655875423179	0.523983805510231	0.136449458966625	-0.00205825625763852	29
HSD11B2	ENSG00000176387	Microalbumin in urine	continuous	119013	pLoF	0.23576969742544	0.14024769822203	0.399904638386515	-0.0116301263961315	24
CLCNKB	ENSG00000184908	Creatinine (enzymatic) in urine	continuous	383774	pLoF	0.235955919566406	0.149621068500158	0.182784294389367	-0.00250266248525775	67
IL23R	ENSG00000162594	N18 chronic renal failure	icd_first_occurrence	14086	pLoF	0.236441310926712	0.658222806277514	0.140636627527226	-0.0106701017984953	18
CPT2	ENSG00000157184	Creatinine	continuous	376624	pLoF	0.236568048097268	0.540845082516654	0.137527755834974	-0.00120826053603458	39
BBIP1	ENSG00000214413	N18 chronic renal failure	icd_first_occurrence	14086	pLoF	0.236590505421289	0.252431394101437	0.16182624151044	0.0268234390966816	8
FANCM	ENSG00000187790	Cystatin C	continuous	376784	pLoF	0.23680383386608	0.634914906479979	0.147806853937796	-0.000388672103157115	124
SDCCAG8	ENSG00000054282	Creatinine (enzymatic) in urine	continuous	383774	pLoF	0.237006307753085	0.138722960113483	0.487822730374642	-0.00316480281036721	59
MLXIPL	ENSG00000009950	Creatinine	continuous	376624	pLoF	0.237217405113889	0.137509031239771	0.450429993185949	0.00375370247690486	41
PALB2	ENSG00000083093	Cystatin C	continuous	376784	pLoF	0.237819435117222	0.138897132895347	0.998103090008596	0.00185731189116258	94
ELN	ENSG00000049540	Creatinine (enzymatic) in urine	continuous	383774	pLoF	0.238403668827436	0.479899108772694	0.141336294607295	-0.0014086898336602	39
KYNU	ENSG00000115919	N23 unspecified renal colic	icd_first_occurrence	4304	pLoF	0.238808947165539	0.48288647063014	0.144822127812864	0.0148017077841497	26
HRAS	ENSG00000174775	N18 chronic renal failure	icd_first_occurrence	14086	pLoF	0.239062227550236	0.188702942505407	0.274227195162395	-0.0220168518001869	10
RPGRIP1L	ENSG00000103494	Creatinine	continuous	376624	pLoF	0.239467413744401	0.137268438846119	0.285189366247557	0.0022370065429525	96
IFT172	ENSG00000138002	Cystatin C	continuous	376784	pLoF	0.239557802156017	0.361491301034811	0.133854450847267	-0.00139177077247675	123
ERCC6	ENSG00000225830	N20 calculus of kidney and ureter	icd_first_occurrence	5879	pLoF	0.239815307895026	0.143125445116412	0.199951862111488	-0.0143491598670062	116
KIAA0753	ENSG00000198920	N20 calculus of kidney and ureter	icd_first_occurrence	5879	pLoF	0.240311490567885	0.73195324714347	0.137417312226965	0.00329499205708581	82
TRIM32	ENSG00000119401	Creatinine	continuous	376624	pLoF	0.240652894077921	0.763662684786372	0.14444733853378	-0.000959551593194884	31
DNAJC30	ENSG00000176410	N23 unspecified renal colic	icd_first_occurrence	4304	pLoF	0.240696209366856	0.547314559005826	0.141034476080019	0.0296338140291617	18
MLXIPL	ENSG00000009950	Urea	continuous	376551	pLoF	0.242692605334777	0.89893167389573	0.140921445002235	-0.000378852286992834	41
CLPB	ENSG00000162129	Q63 other congenital malformations of kidney	icd_first_occurrence	452	pLoF	0.243216794849212	0.414552857230731	0.157059427058015	0.0469336314617	48
FAH	ENSG00000103876	I12 hypertensive renal disease	icd_first_occurrence	1513	pLoF	0.243413124864275	0.149837855816396	0.814317751244717	-0.04042188638657	33
BBS7	ENSG00000138686	N17 acute renal failure	icd_first_occurrence	7312	pLoF	0.244204669683429	0.621437381934049	0.141799455660065	0.00870444736386752	39
NSD1	ENSG00000165671	N19 unspecified renal failure	icd_first_occurrence	2345	pLoF	0.244450274547434	0.457204165779535	0.143014767120866	0.0405763335776512	32
ZNF699	ENSG00000196110	I12 hypertensive renal disease	icd_first_occurrence	1513	pLoF	0.245473472664305	0.273203591779206	0.160677891286642	0.0742147754634003	18
IFT172	ENSG00000138002	Creatinine	continuous	376624	pLoF	0.245704281800463	0.222013650115346	0.139132246289635	-0.00165305991660401	123
FAAP100	ENSG00000185504	N23 unspecified renal colic	icd_first_occurrence	4304	pLoF	0.245961586830258	0.730077843274482	0.147713457315611	0.0077905098905973	61
APC2	ENSG00000115266	N18 chronic renal failure	icd_first_occurrence	14086	pLoF	0.246586048818227	0.250446718422634	0.139736167863958	0.0285975118096771	36
FAAP100	ENSG00000185504	N17 acute renal failure	icd_first_occurrence	7312	pLoF	0.247069420934235	0.14983057587648	0.999989015841319	-0.0252944608670129	61
CLPB	ENSG00000162129	N18 chronic renal failure	icd_first_occurrence	14086	pLoF	0.247940966934989	0.157994381538819	0.275377694949366	-0.0155598725400583	48
BRCA2	ENSG00000139618	N19 unspecified renal failure	icd_first_occurrence	2345	pLoF	0.248249136485875	0.358329355104995	0.13629640893987	0.0128885998344325	280
WDR35	ENSG00000118965	Microalbumin in urine	continuous	119013	pLoF	0.248491704818806	0.139452260122316	0.512633640614124	-0.00503823617882538	90
FANCM	ENSG00000187790	Microalbumin in urine	continuous	119013	pLoF	0.248834923399057	0.155701395321655	0.631145073337036	0.00228798478631013	124
ERCC4	ENSG00000175595	Urea	continuous	376551	pLoF	0.253036435612003	0.185632752618825	0.15818900929709	0.0034709670768145	49
CSPP1	ENSG00000104218	C64 Malignant neoplasm of kidney	icd10	985	pLoF	0.253414191793737	0.145337806095787	0.999999956623265	-0.0403286485229986	113
RFWD3	ENSG00000168411	Creatinine	continuous	376624	pLoF	0.25357102095302	0.768921449898118	0.142414438827552	-0.000682463404645438	59
DYNC2LI1	ENSG00000138036	Q61 cystic kidney disease	icd_first_occurrence	735	pLoF	0.253739323897972	0.382164055639223	0.158162280181895	0.0535769876380157	26
CTLA4	ENSG00000163599	Cystatin C	continuous	376784	pLoF	0.253763813265473	0.375625865289241	0.165904955747227	0.017881324356881	3
UBAC2	ENSG00000134882	Microalbumin in urine	continuous	119013	pLoF	0.25442908972123	0.150587155524019	0.794506136917389	-0.0118235725654383	21
COL7A1	ENSG00000114270	Microalbumin in urine	continuous	119013	pLoF	0.255074109476428	0.146881135167396	0.812955682898491	-0.00272374439856458	229
DACT1	ENSG00000165617	Cystatin C	continuous	376784	pLoF	0.255289695116878	0.236932135476211	0.15499585245435	-0.00474497156812449	22
RFWD3	ENSG00000168411	Urea	continuous	376551	pLoF	0.256034649406154	0.143907324700923	0.430246306522212	-0.00408222660757801	59
HOXA13	ENSG00000106031	Urea	continuous	376551	pLoF	0.256402314351481	0.856755851803852	0.155929813489	0.00178418541357112	10
SDCCAG8	ENSG00000054282	Creatinine	continuous	376624	pLoF	0.256470615119532	0.167378819973158	0.17457477182705	0.00249029775019603	59
LZTFL1	ENSG00000163818	N28 other disorders of kidney and ureter	icd_first_occurrence	5275	pLoF	0.258088629095265	0.59401572248324	0.151653854947079	0.0258668955839291	17
CRB2	ENSG00000148204	N17 acute renal failure	icd_first_occurrence	7312	pLoF	0.258102773141198	0.17870100461442	0.20533643479807	-0.00845029876883799	98
ALMS1	ENSG00000116127	I12 hypertensive renal disease	icd_first_occurrence	1513	pLoF	0.258934196178375	0.147005276401412	0.578437992440975	-0.0221396492951796	271
FAAP100	ENSG00000185504	C64 Malignant neoplasm of kidney	icd10	985	pLoF	0.259227282767184	0.639216412174477	0.156420714099149	0.0206737164388262	61
MMP1	ENSG00000196611	Creatinine	continuous	376624	pLoF	0.259410621806147	0.169292286600008	0.240686422651292	-0.000813210277345385	34
BRCA1	ENSG00000012048	N28 other disorders of kidney and ureter	icd_first_occurrence	5275	pLoF	0.259470417883582	0.145132134074742	1.0	-0.0224486676679721	141
FAH	ENSG00000103876	Urea	continuous	376551	pLoF	0.259525345035307	0.532690696123367	0.16037468955931	0.0010376047111222	33
CHRM3	ENSG00000133019	Cystatin C	continuous	376784	pLoF	0.259530342752602	0.73354525524221	0.167619451557365	0.00224131647638317	13
NEK8	ENSG00000160602	N08 glomerular disorders in dis. class. elsewhere	icd_first_occurrence	531	pLoF	0.261398358525162	0.478163394726943	0.162183349862015	0.0383928227128312	39
COG1	ENSG00000166685	Creatinine	continuous	376624	pLoF	0.261439216158743	0.223092217937477	0.160877479354306	0.00199497112581353	64
KLRC4	ENSG00000183542	N17 acute renal failure	icd_first_occurrence	7312	pLoF	0.26196407123816	0.246284555463892	0.189460995653864	0.0809911902065677	3
CLIP2	ENSG00000106665	Creatinine (enzymatic) in urine	continuous	383774	pLoF	0.262515081288911	0.935675108183696	0.150011507781284	-0.000345448895616675	36
CPT2	ENSG00000157184	Creatinine (enzymatic) in urine	continuous	383774	pLoF	0.262594791336736	0.153867573267108	0.54872391034921	-0.00333771158793068	39
MYCN	ENSG00000134323	Cystatin C	continuous	376784	pLoF	0.26289709849564	0.719462651143465	0.166082590907164	-0.00559884861641257	4
BBS1	ENSG00000174483	N28 other disorders of kidney and ureter	icd_first_occurrence	5275	pLoF	0.263277802411351	0.383822038761841	0.14927453810928	0.0240871256101139	48
NUP107	ENSG00000111581	Creatinine	continuous	376624	pLoF	0.264410598588321	0.157255385495568	0.244891258935204	-0.00265892832375573	69
ERCC8	ENSG00000049167	Cystatin C	continuous	376784	pLoF	0.265170151938474	0.157121333591924	0.809869746281692	0.00358550755391658	32
FANCI	ENSG00000140525	Q63 other congenital malformations of kidney	icd_first_occurrence	452	pLoF	0.265880877954251	0.691452586194407	0.1513427164203	0.0183031614518131	124
TMEM67	ENSG00000164953	N20 calculus of kidney and ureter	icd_first_occurrence	5879	pLoF	0.267091567608358	0.658431295233677	0.154761769455676	0.00455828129986214	86
STX1A	ENSG00000106089	Creatinine (enzymatic) in urine	continuous	383774	pLoF	0.267429875192376	0.162795884573887	0.444177373855163	0.0195003719410862	6
CLPB	ENSG00000162129	Cystatin C	continuous	376784	pLoF	0.267640800520343	0.256163611268857	0.17269178791056	0.00207750092494403	48
MYOCD	ENSG00000141052	N19 unspecified renal failure	icd_first_occurrence	2345	pLoF	0.268977008086564	0.647553351353028	0.168833559709472	0.0214747490385219	24
GTF2I	ENSG00000263001	Creatinine	continuous	376624	pLoF	0.269237260888734	0.173902768212359	0.276016490691114	-0.0149215371024704	5
BBS10	ENSG00000179941	N19 unspecified renal failure	icd_first_occurrence	2345	pLoF	0.269425979739814	0.799984991473522	0.195982186636224	-0.00864496389069566	14
METTL27	ENSG00000165171	Creatinine	continuous	376624	pLoF	0.269676869448367	0.958206306388383	0.169462600577449	3.98209941848754e-05	21
TMEM231	ENSG00000205084	N23 unspecified renal colic	icd_first_occurrence	4304	pLoF	0.26983288161331	0.425500817793238	0.155655675255278	0.0283894439492297	31
AMOTL1	ENSG00000166025	N17 acute renal failure	icd_first_occurrence	7312	pLoF	0.269948729208163	0.168197742586325	0.217738491576158	0.0375782133247924	38
PRTN3	ENSG00000196415	C64 Malignant neoplasm of kidney	icd10	985	pLoF	0.270151126699861	0.291522055943008	0.201290058338179	0.0334726997112435	28
LAMA5	ENSG00000130702	Urea	continuous	376551	pLoF	0.270342913572115	0.151184510693701	0.736150265068028	0.00199460913201308	267
KIAA0753	ENSG00000198920	N17 acute renal failure	icd_first_occurrence	7312	pLoF	0.271819365369553	0.525274020539648	0.157556216280326	-0.00549486090099568	82
MAD2L2	ENSG00000116670	Urea	continuous	376551	pLoF	0.272126284211988	0.162503090602022	0.548230476178619	0.005820193945029	14
RFC2	ENSG00000049541	N18 chronic renal failure	icd_first_occurrence	14086	pLoF	0.272133115059289	0.211215344796968	0.167595482276119	0.0177514298946535	25
BBS10	ENSG00000179941	N23 unspecified renal colic	icd_first_occurrence	4304	pLoF	0.27453442107326	0.300035411141132	0.20882028843443	0.0270682965825096	14
PALB2	ENSG00000083093	I12 hypertensive renal disease	icd_first_occurrence	1513	pLoF	0.274669002943614	0.560252497681581	0.161017184266016	0.0133525463820288	94
RFC2	ENSG00000049541	N23 unspecified renal colic	icd_first_occurrence	4304	pLoF	0.275143643748187	0.170055725172237	0.202388154419219	0.0318525738804862	25
CEP290	ENSG00000198707	Urea	continuous	376551	pLoF	0.275226443929729	0.698500618946402	0.153860708348835	0.000303089231021256	253
CEP290	ENSG00000198707	Creatinine	continuous	376624	pLoF	0.275433905072381	0.751948128358756	0.154574336846349	0.000205965512281422	253
COG1	ENSG00000166685	Creatinine (enzymatic) in urine	continuous	383774	pLoF	0.275607777654726	0.170169904964454	0.283396299811371	0.00268983521617062	64
BICC1	ENSG00000122870	N28 other disorders of kidney and ureter	icd_first_occurrence	5275	pLoF	0.277323910684969	0.688439121317088	0.159781489481055	0.0179406075702457	31
FANCA	ENSG00000187741	C64 Malignant neoplasm of kidney	icd10	985	pLoF	0.277360160688062	0.157435115693898	1.0	-0.0402083736792039	172
EBF3	ENSG00000108001	Urea	continuous	376551	pLoF	0.277962489743342	0.17632876018632	0.32843429696767	-0.0225271934005236	4
UBE2T	ENSG00000077152	Urea	continuous	376551	pLoF	0.280156767983017	0.167457102533103	0.358809900160309	0.00758278482396882	14
MKKS	ENSG00000125863	N19 unspecified renal failure	icd_first_occurrence	2345	pLoF	0.280230663456621	0.678671906868333	0.16353392006246	0.0185230501746872	37
CHRM3	ENSG00000133019	Creatinine (enzymatic) in urine	continuous	383774	pLoF	0.280516690725109	0.495194206451131	0.179181699545245	-0.00452631013698882	13
IFT172	ENSG00000138002	C64 Malignant neoplasm of kidney	icd10	985	pLoF	0.280560659441006	0.621671514278162	0.15925421501893	0.0157320910534132	123
MMUT	ENSG00000146085	N23 unspecified renal colic	icd_first_occurrence	4304	pLoF	0.280574487865248	0.496148349827547	0.162555642426021	0.0141976153473421	59
NOD2	ENSG00000167207	N08 glomerular disorders in dis. class. elsewhere	icd_first_occurrence	531	pLoF	0.282216652127905	0.610735799571509	0.169890585867776	0.0247329597378514	53
INPP5E	ENSG00000148384	Cystatin C	continuous	376784	pLoF	0.282975741720111	0.172474585335075	0.243093789071658	0.00340258578558755	48
BBS2	ENSG00000125124	N19 unspecified renal failure	icd_first_occurrence	2345	pLoF	0.283057800039512	0.173462764105216	0.737977361136894	-0.024442445813055	63
DYNC2I1	ENSG00000126870	Microalbumin in urine	continuous	119013	pLoF	0.284087034162788	0.166784949595148	0.28141959617016	0.00527367049766099	87
COG1	ENSG00000166685	Microalbumin in urine	continuous	119013	pLoF	0.284540012449367	0.748916642205071	0.171663071931791	0.00112439861074571	64
IFT122	ENSG00000163913	I12 hypertensive renal disease	icd_first_occurrence	1513	pLoF	0.28500339119182	0.670806052964361	0.171115657124972	0.009090403303488	101
ALMS1	ENSG00000116127	Creatinine (enzymatic) in urine	continuous	383774	pLoF	0.285007261763484	0.327556569474929	0.162791117418357	-0.000859330733887973	271
CEP290	ENSG00000198707	Microalbumin in urine	continuous	119013	pLoF	0.285519318356925	0.168207620240255	0.273835842175981	0.00201619950959487	253
FKBP6	ENSG00000077800	Urea	continuous	376551	pLoF	0.28612797028377	0.302803933877561	0.185036020368665	0.00224040643730228	26
MMUT	ENSG00000146085	N20 calculus of kidney and ureter	icd_first_occurrence	5879	pLoF	0.28727136557129	0.167375554193941	0.781486056414865	-0.0246390581859242	59
BBS9	ENSG00000122507	N17 acute renal failure	icd_first_occurrence	7312	pLoF	0.287830905023325	0.167211678079286	0.99650983130985	-0.0201472097268034	61
TTC8	ENSG00000165533	Creatinine	continuous	376624	pLoF	0.290328990230258	0.35985662116243	0.171105395821079	0.00263947085490663	28
FANCL	ENSG00000115392	N25 impaired renal tubular function	icd_first_occurrence	160	pLoF	0.290534175587218	0.229143548581923	0.266776776730986	-0.0440188808825905	53
APOA1	ENSG00000118137	Cystatin C	continuous	376784	pLoF	0.291163676075067	0.266883077874999	0.172802892322171	-0.00647182650109134	17
LAMB2	ENSG00000172037	Microalbumin in urine	continuous	119013	pLoF	0.2915798724434	0.166067566907965	0.529516646163898	-0.00492906846508286	108
CHRM3	ENSG00000133019	Creatinine	continuous	376624	pLoF	0.293142805803975	0.616779348972468	0.190067317646945	0.00293168102506464	13
COL7A1	ENSG00000114270	N26 unspecified contracted kidney	icd_first_occurrence	176	pLoF	0.294921110378266	0.694909390175863	0.172575404396843	0.0180845384518554	229
CLPB	ENSG00000162129	N23 unspecified renal colic	icd_first_occurrence	4304	pLoF	0.295032511540449	0.189246607416836	0.46016561514521	0.0253083188487134	48
CRB2	ENSG00000148204	N20 calculus of kidney and ureter	icd_first_occurrence	5879	pLoF	0.29520790980417	0.506538493405813	0.207005136966477	0.00463626550273126	98
RFWD3	ENSG00000168411	Creatinine (enzymatic) in urine	continuous	383774	pLoF	0.295543066490917	0.379763851631779	0.168071664689998	0.00244778621499461	59
MMP1	ENSG00000196611	N17 acute renal failure	icd_first_occurrence	7312	pLoF	0.295670054627786	0.193081190368477	0.287739955412156	-0.00709502977072277	34
IFNG	ENSG00000111537	N23 unspecified renal colic	icd_first_occurrence	4304	pLoF	0.298463128498684	0.677654203128398	0.188236301467701	0.0192491243961493	11
COL7A1	ENSG00000114270	I12 hypertensive renal disease	icd_first_occurrence	1513	pLoF	0.299161984609983	0.215882189629555	0.177958859884529	0.0195481493699603	229
PRTN3	ENSG00000196415	N23 unspecified renal colic	icd_first_occurrence	4304	pLoF	0.300234053070868	0.223896529991327	0.413268852727509	-0.0184549930278471	28
HLA-DPB1	ENSG00000223865	Microalbumin in urine	continuous	119013	pLoF	0.300793001967624	0.177776873609364	0.369093042436326	0.0072344228209831	30
SLX4	ENSG00000188827	N23 unspecified renal colic	icd_first_occurrence	4304	pLoF	0.301987579101538	0.172762274265972	0.349928319792354	0.020441687804255	100
MYOCD	ENSG00000141052	I12 hypertensive renal disease	icd_first_occurrence	1513	pLoF	0.302164382216424	0.340562566825106	0.193277144561928	0.0605913180169404	24
NUP107	ENSG00000111581	Urea	continuous	376551	pLoF	0.302318568627609	0.789736870350342	0.173150062843371	-0.000600308528585009	69
TMEM216	ENSG00000187049	N20 calculus of kidney and ureter	icd_first_occurrence	5879	pLoF	0.303875428543099	0.390102952494897	0.216689700958056	-0.0183601043116969	13
SLX4	ENSG00000188827	Creatinine (enzymatic) in urine	continuous	383774	pLoF	0.304627632708541	0.176458061925364	0.327688227818066	0.0020649898434339	100
ARL6	ENSG00000113966	Cystatin C	continuous	376784	pLoF	0.304782462840485	0.227686180663077	0.183720613509211	0.00684465723195129	13
TMEM67	ENSG00000164953	C64 Malignant neoplasm of kidney	icd10	985	pLoF	0.304853091911825	0.630534916517301	0.178130555951266	0.0116055371363902	86
COL7A1	ENSG00000114270	Creatinine	continuous	376624	pLoF	0.305102817465917	0.369828768154553	0.178387631469104	0.000738332529887392	229
B2M	ENSG00000166710	Cystatin C	continuous	376784	pLoF	0.306710738820858	0.196042159688255	0.470838844295891	-0.0184625580100822	5
TMEM237	ENSG00000155755	Q63 other congenital malformations of kidney	icd_first_occurrence	452	pLoF	0.306947603541633	0.491289113596355	0.182219110026174	0.0377306744850085	44
BAZ1B	ENSG00000009954	N18 chronic renal failure	icd_first_occurrence	14086	pLoF	0.307237940566128	0.191228974616633	0.691770912418715	-0.0414650591982108	18
IFT27	ENSG00000100360	Creatinine (enzymatic) in urine	continuous	383774	pLoF	0.307488229889987	0.191143319301419	0.513494529985568	-0.00294669465800255	20
FANCD2	ENSG00000144554	N17 acute renal failure	icd_first_occurrence	7312	pLoF	0.308113628113494	0.779073579395894	0.186104534798908	0.00262520477875892	106
CEP19	ENSG00000174007	Cystatin C	continuous	376784	pLoF	0.308293401043531	0.600092109191596	0.189945129672785	-0.00222245657342807	17
GSN	ENSG00000148180	N19 unspecified renal failure	icd_first_occurrence	2345	pLoF	0.309110376407755	0.429197073044923	0.179856635103133	0.0283061107122503	44
RFC2	ENSG00000049541	N20 calculus of kidney and ureter	icd_first_occurrence	5879	pLoF	0.309358507187101	0.766426607323667	0.188183438596942	0.00625482825059343	25
FANCC	ENSG00000158169	N28 other disorders of kidney and ureter	icd_first_occurrence	5275	pLoF	0.309494848892628	0.210244078286971	0.204281910321401	0.0160086700538749	46
TMEM67	ENSG00000164953	N23 unspecified renal colic	icd_first_occurrence	4304	pLoF	0.310461385358932	0.943142541335777	0.182142839948161	0.000814406907672941	86
IFT122	ENSG00000163913	Q63 other congenital malformations of kidney	icd_first_occurrence	452	pLoF	0.310983733570641	0.750971242516487	0.189742339745544	0.0123807625948509	101
TTC8	ENSG00000165533	N28 other disorders of kidney and ureter	icd_first_occurrence	5275	pLoF	0.311091399418908	0.18454716533801	0.999815888338467	-0.0407359814741182	28
SCAPER	ENSG00000140386	Creatinine	continuous	376624	pLoF	0.313412497083534	0.179517088215156	0.555032089741238	0.00263131814127639	80
UBE2T	ENSG00000077152	Creatinine	continuous	376624	pLoF	0.313931179642385	0.606867783481748	0.189826658165446	-0.00235329207621146	14
PAN2	ENSG00000135473	Urea	continuous	376551	pLoF	0.314788692204013	0.675384873421041	0.178415111040093	0.00140604862223027	65
TSC1	ENSG00000165699	Creatinine	continuous	376624	pLoF	0.315291329612575	0.829298233977983	0.18553939602221	-0.00152857811256812	17
TRIM32	ENSG00000119401	Creatinine (enzymatic) in urine	continuous	383774	pLoF	0.315892435388671	0.830622462352362	0.193831888510802	0.000790694929818734	31
VPS37D	ENSG00000176428	Creatinine	continuous	376624	pLoF	0.316553761114306	0.195983427653166	0.275928210320392	-0.0107262192923974	10
NCF1	ENSG00000158517	N17 acute renal failure	icd_first_occurrence	7312	pLoF	0.317090033645351	0.204790754521213	0.827909570887789	-0.0411533815143759	15
RPGRIP1L	ENSG00000103494	Urea	continuous	376551	pLoF	0.317409014159984	0.285405175989968	0.181503059450409	0.00192991095092714	96
ERCC8	ENSG00000049167	N17 acute renal failure	icd_first_occurrence	7312	pLoF	0.317578197551491	0.319498876859316	0.18904489942785	0.0193099036788455	32
TMEM216	ENSG00000187049	Cystatin C	continuous	376784	pLoF	0.318863905648377	0.830664858943904	0.232627395987306	-0.000508292720669573	13
BRCA1	ENSG00000012048	Cystatin C	continuous	376784	pLoF	0.320035350305522	0.182266895019025	0.92641759085665	0.00212958219934359	141
KCTD1	ENSG00000134504	Creatinine	continuous	376624	pLoF	0.32047348811114	0.600278839273088	0.213473685706954	0.00812060892558709	4
LAMB2	ENSG00000172037	Urea	continuous	376551	pLoF	0.321682747211016	0.237808221933639	0.185316764814408	-0.00212533033944358	108
CSPP1	ENSG00000104218	Creatinine (enzymatic) in urine	continuous	383774	pLoF	0.322034050142795	0.188998319130233	0.475353779835594	0.00167745393143949	113
MAD2L2	ENSG00000116670	Creatinine	continuous	376624	pLoF	0.322220469288267	0.74438379079536	0.1951532194045	-0.00112923657726064	14
NEK8	ENSG00000160602	N28 other disorders of kidney and ureter	icd_first_occurrence	5275	pLoF	0.32258859205932	0.499153225428348	0.19870176875143	0.0127457014437915	39
VPS37D	ENSG00000176428	Cystatin C	continuous	376784	pLoF	0.322747924513782	0.196595837695685	0.469339227777811	-0.0120708955999171	10
ERCC6	ENSG00000225830	Q63 other congenital malformations of kidney	icd_first_occurrence	452	pLoF	0.323663987336454	0.581512621774596	0.189472772454463	0.0180198268104914	116
WDR35	ENSG00000118965	N18 chronic renal failure	icd_first_occurrence	14086	pLoF	0.32466645104789	0.590973477044247	0.186256131738326	0.00560593653033317	90
NUP107	ENSG00000111581	N19 unspecified renal failure	icd_first_occurrence	2345	pLoF	0.32489487111909	0.18738266648464	1.0	-0.040101372950161	69
ALMS1	ENSG00000116127	N23 unspecified renal colic	icd_first_occurrence	4304	pLoF	0.324938161234759	0.693567958925364	0.186702184502453	0.0034621167509275	271
ERCC4	ENSG00000175595	Microalbumin in urine	continuous	119013	pLoF	0.325382722936598	0.200573750864616	0.269373384441496	0.00662901791490675	49
ERCC8	ENSG00000049167	N23 unspecified renal colic	icd_first_occurrence	4304	pLoF	0.326897474253685	0.65255845552868	0.193903007471839	0.0114475447057436	32
FANCI	ENSG00000140525	N19 unspecified renal failure	icd_first_occurrence	2345	pLoF	0.326953344716142	0.191963443920539	0.315009233524654	0.0271797661132436	124
MAD2L2	ENSG00000116670	N17 acute renal failure	icd_first_occurrence	7312	pLoF	0.327148657927396	0.198684896632982	0.988443050663742	-0.0413292799352695	14
PRTN3	ENSG00000196415	Urea	continuous	376551	pLoF	0.327331824729596	0.241590972287762	0.290828861535956	-0.00172671144672299	28
SALL1	ENSG00000103449	Q61 cystic kidney disease	icd_first_occurrence	735	pLoF	0.327490327494419	0.317620685323715	0.310961729939862	0.0134621623865522	12
MMUT	ENSG00000146085	N19 unspecified renal failure	icd_first_occurrence	2345	pLoF	0.327573944484127	0.552646594172734	0.192100855655692	0.0155720837759359	59
MEN1	ENSG00000133895	Creatinine (enzymatic) in urine	continuous	383774	pLoF	0.327925827610748	0.41452631712699	0.197283333275177	-0.00909084198536319	10
CSPP1	ENSG00000104218	N28 other disorders of kidney and ureter	icd_first_occurrence	5275	pLoF	0.327945390256628	0.192722147636218	0.897543440557504	-0.015512215407296	113
IFT27	ENSG00000100360	Q61 cystic kidney disease	icd_first_occurrence	735	pLoF	0.328863201596803	0.51920674977086	0.208112112565114	0.0341681629846037	20
TMEM216	ENSG00000187049	Microalbumin in urine	continuous	119013	pLoF	0.329096848411196	0.44136405356795	0.244419037467537	-0.00369994073938452	13
MMP1	ENSG00000196611	N26 unspecified contracted kidney	icd_first_occurrence	176	pLoF	0.329221128572964	0.65887387344473	0.21500091756337	0.014712087115976	34
IFT74	ENSG00000096872	Q60 renal agenesis / reduction defects	icd_first_occurrence	199	pLoF	0.330628491207232	0.682092337087096	0.230224701116321	0.0196272850927908	24
LAMA5	ENSG00000130702	N23 unspecified renal colic	icd_first_occurrence	4304	pLoF	0.330642463638305	0.187349315416206	0.988477279881375	-0.0185632115373419	267
INPP5E	ENSG00000148384	C64 Malignant neoplasm of kidney	icd10	985	pLoF	0.330730862882341	0.528324656761511	0.200821547049037	0.0333517984891171	48
TRIM32	ENSG00000119401	N18 chronic renal failure	icd_first_occurrence	14086	pLoF	0.330946514751818	0.413060666559746	0.200112997225075	0.0173513829203619	31
BBS7	ENSG00000138686	Cystatin C	continuous	376784	pLoF	0.331573708304795	0.341482792371187	0.196142235296347	0.00209419828862593	39
SLC7A7	ENSG00000155465	Creatinine (enzymatic) in urine	continuous	383774	pLoF	0.333909240041537	0.197534199336357	0.520298896106018	-0.00315031992867101	40
CILK1	ENSG00000112144	N23 unspecified renal colic	icd_first_occurrence	4304	pLoF	0.334164630968849	0.196839452527692	0.999999825149911	-0.0402296989782753	46
SCLT1	ENSG00000151466	N23 unspecified renal colic	icd_first_occurrence	4304	pLoF	0.335262689147986	0.200419163229777	0.998226348399158	-0.0405869000721805	29
GSN	ENSG00000148180	Urea	continuous	376551	pLoF	0.336057513558436	0.226369429923081	0.213345700648193	0.00327090489557668	44
FKBP6	ENSG00000077800	N20 calculus of kidney and ureter	icd_first_occurrence	5879	pLoF	0.33612274036385	0.21745429749728	0.269095635728459	-0.0232649789077563	26
SDCCAG8	ENSG00000054282	N20 calculus of kidney and ureter	icd_first_occurrence	5879	pLoF	0.336281497125045	0.824076582405223	0.204427368745986	0.004127916440862	59
ERAP1	ENSG00000164307	N28 other disorders of kidney and ureter	icd_first_occurrence	5275	pLoF	0.337793726105577	0.252774449062469	0.246267287423443	0.00700176096499395	74
CTLA4	ENSG00000163599	Urea	continuous	376551	pLoF	0.338750479533638	0.227855941109092	0.600297106911739	-0.0259405960362425	3
METTL27	ENSG00000165171	N19 unspecified renal failure	icd_first_occurrence	2345	pLoF	0.339651251437	0.21779058128856	0.690443243623484	-0.0182196737586249	21
AMOTL1	ENSG00000166025	Microalbumin in urine	continuous	119013	pLoF	0.340429010459223	0.203613817439512	0.995349903290488	0.00813553389120628	38
CFAP418	ENSG00000156172	Cystatin C	continuous	376784	pLoF	0.340703910470673	0.205609375113555	0.849987330770978	-0.00567029486071111	25
METTL27	ENSG00000165171	Cystatin C	continuous	376784	pLoF	0.341418931167615	0.219716938185112	0.761574209828857	-0.00124845602466461	21
DNAJC30	ENSG00000176410	N18 chronic renal failure	icd_first_occurrence	14086	pLoF	0.342120363706813	0.209669267431416	0.997252725779012	-0.0369058776457529	18
JAG1	ENSG00000101384	Urea	continuous	376551	pLoF	0.342513912544798	0.219222180096402	0.818298990167249	0.00999011371995711	9
ALG5	ENSG00000120697	N20 calculus of kidney and ureter	icd_first_occurrence	5879	pLoF	0.342660596940201	0.613817150168065	0.206324514390321	0.0241932231180261	21
HLA-DPA1	ENSG00000231389	N28 other disorders of kidney and ureter	icd_first_occurrence	5275	pLoF	0.343926933708141	0.212090546442801	0.96342052273047	-0.0237909441723394	22
ERCC4	ENSG00000175595	N20 calculus of kidney and ureter	icd_first_occurrence	5879	pLoF	0.343978512430337	0.201400521059261	0.999628466179416	-0.0284701657528263	49
FANCM	ENSG00000187790	Q61 cystic kidney disease	icd_first_occurrence	735	pLoF	0.344530061231592	0.219438962565378	0.342602232944978	0.0254948567489484	124
BBS10	ENSG00000179941	I12 hypertensive renal disease	icd_first_occurrence	1513	pLoF	0.345482297990083	0.25065725875804	0.333070819957106	0.047088215240186	14
EHMT1	ENSG00000181090	N18 chronic renal failure	icd_first_occurrence	14086	pLoF	0.34589938478944	0.23393892405435	0.77193658351488	-0.0312284106513331	14
CEP19	ENSG00000174007	Creatinine	continuous	376624	pLoF	0.346615011199819	0.215373185058882	0.98594808169251	0.00466745030133279	17
GTF2IRD1	ENSG00000006704	Cystatin C	continuous	376784	pLoF	0.347654127412323	0.207362957700138	0.463131387567949	-0.00745405520792759	22
BBS7	ENSG00000138686	N28 other disorders of kidney and ureter	icd_first_occurrence	5275	pLoF	0.347865653275134	0.204890586392629	0.301428346232999	0.0260510819469799	39
ALMS1	ENSG00000116127	Q61 cystic kidney disease	icd_first_occurrence	735	pLoF	0.347877917599228	0.201052259561043	0.984981969799233	-0.027546792254366	271
FAH	ENSG00000103876	Creatinine	continuous	376624	pLoF	0.349348693756749	0.293165832361931	0.222595358219956	-0.00145626260251101	33
LIMK1	ENSG00000106683	Urea	continuous	376551	pLoF	0.349469777106859	0.289818009741294	0.205711115975122	0.00732182236247775	22
IL23R	ENSG00000162594	Urea	continuous	376551	pLoF	0.350627267070021	0.23701149288072	0.213487791432414	-0.00559644426928166	18
NOD2	ENSG00000167207	Urea	continuous	376551	pLoF	0.351112565211305	0.209129399555509	0.437472635897149	0.00228379624688604	53
BBS10	ENSG00000179941	Cystatin C	continuous	376784	pLoF	0.351225484035807	0.261557401656721	0.344885168311289	-0.00277037349309055	14
TSC1	ENSG00000165699	Microalbumin in urine	continuous	119013	pLoF	0.351496801093987	0.763636660277622	0.223752672735104	-0.00528487383242736	17
METTL27	ENSG00000165171	Q60 renal agenesis / reduction defects	icd_first_occurrence	199	pLoF	0.35240571748906	0.658353964782272	0.224589299538993	0.0207099541986032	21
IFT172	ENSG00000138002	N19 unspecified renal failure	icd_first_occurrence	2345	pLoF	0.352919589054051	0.202797185075898	1.0	-0.0280771333539988	123
DNAJC30	ENSG00000176410	Urea	continuous	376551	pLoF	0.353400419206564	0.670280429976248	0.213443470152622	0.00236241658908806	18
CSPP1	ENSG00000104218	Q61 cystic kidney disease	icd_first_occurrence	735	pLoF	0.353463024945303	0.209702515105138	1.0	-0.0402198952605665	113
XRCC2	ENSG00000196584	Microalbumin in urine	continuous	119013	pLoF	0.354548908069791	0.216556531321638	0.670003638334816	0.00563499728614523	23
UBE2T	ENSG00000077152	Microalbumin in urine	continuous	119013	pLoF	0.355772785864655	0.231479271845463	0.560960436535716	-0.0157288461606372	14
LAMB2	ENSG00000172037	N23 unspecified renal colic	icd_first_occurrence	4304	pLoF	0.355862796127002	0.204150102302979	0.999630785928426	-0.0233520051584465	108
ALG5	ENSG00000120697	Microalbumin in urine	continuous	119013	pLoF	0.35614533338973	0.215342661783722	0.430557518762741	0.0135491289033129	21
GTF2I	ENSG00000263001	Microalbumin in urine	continuous	119013	pLoF	0.356150784652108				5
IFT140	ENSG00000187535	I12 hypertensive renal disease	icd_first_occurrence	1513	pLoF	0.357433079551316	0.43044465657482	0.21961379444728	0.0162832727442099	82
BBS7	ENSG00000138686	Creatinine (enzymatic) in urine	continuous	383774	pLoF	0.357996973997988	0.214966413096675	0.263540611095775	-0.00285207088146089	39
ERAP1	ENSG00000164307	N25 impaired renal tubular function	icd_first_occurrence	160	pLoF	0.358699494550633	0.251790521488916	0.337504814912706	0.0386375740485656	74
UBE2T	ENSG00000077152	N28 other disorders of kidney and ureter	icd_first_occurrence	5275	pLoF	0.358947616799776	0.571396321926852	0.219580699180427	0.0261367091759305	14
BBS5	ENSG00000163093	Cystatin C	continuous	376784	pLoF	0.36005693775795	0.272701117907978	0.214065458444033	-0.00389592217389872	28
FKBP6	ENSG00000077800	Creatinine	continuous	376624	pLoF	0.360132619163103	0.236151961431979	0.307606319445759	0.00214305805957393	26
TBL2	ENSG00000106638	Cystatin C	continuous	376784	pLoF	0.360616304836084	0.357975047602283	0.219995647534762	-0.0031539855417304	29
HSD11B2	ENSG00000176387	N28 other disorders of kidney and ureter	icd_first_occurrence	5275	pLoF	0.360966572527034	0.738621802753458	0.220033871855688	0.013705769635546	24
FANCA	ENSG00000187741	Creatinine	continuous	376624	pLoF	0.360998186410754	0.213110111689314	0.303866722884137	0.00137626365367675	172
IL23R	ENSG00000162594	Microalbumin in urine	continuous	119013	pLoF	0.361612653850458	0.222178110727314	0.296159041735644	-0.0110447749792074	18
FANCG	ENSG00000221829	Q61 cystic kidney disease	icd_first_occurrence	735	pLoF	0.363398963181631	0.705263767395951	0.219933213734441	0.0172701471604384	55
HRAS	ENSG00000174775	Creatinine (enzymatic) in urine	continuous	383774	pLoF	0.363866182929316	0.51467840106491	0.278799943481271	0.00199251853168745	10
UBE2T	ENSG00000077152	Creatinine (enzymatic) in urine	continuous	383774	pLoF	0.364267379367691	0.224645634902349	0.552603415055902	-0.00669176995828646	14
FANCD2	ENSG00000144554	C64 Malignant neoplasm of kidney	icd10	985	pLoF	0.364317740943414	0.748562956203369	0.220893838958361	-0.00777012331713432	106
FANCA	ENSG00000187741	N19 unspecified renal failure	icd_first_occurrence	2345	pLoF	0.364540797597797	0.211561330326582	0.999999770347756	-0.0228959750940019	172
MKKS	ENSG00000125863	N20 calculus of kidney and ureter	icd_first_occurrence	5879	pLoF	0.365269356594585	0.331325726538616	0.220166506296948	0.0273728693567203	37
TTC8	ENSG00000165533	Creatinine (enzymatic) in urine	continuous	383774	pLoF	0.367408387294116	0.342225164943287	0.22196534595562	0.00323305494022108	28
SALL1	ENSG00000103449	N04 nephrotic syndrome	icd_first_occurrence	242	pLoF	0.367862587201347	0.348370358635954	0.35717990656822	-0.0217921570302864	12
WDR35	ENSG00000118965	I12 hypertensive renal disease	icd_first_occurrence	1513	pLoF	0.368982632013254	0.214628042007591	1.0	-0.0403011935486113	90
UBE2T	ENSG00000077152	Cystatin C	continuous	376784	pLoF	0.369200815911585	0.328522880233161	0.227486556357839	-0.00503839147824967	14
SLC7A7	ENSG00000155465	Creatinine	continuous	376624	pLoF	0.369962534208345	0.283529851231324	0.221541371082798	0.00222562832704644	40
BAZ1B	ENSG00000009954	Urea	continuous	376551	pLoF	0.370427383677579	0.722029071099733	0.233363720036124	0.00173759667652872	18
DNAJC30	ENSG00000176410	Creatinine (enzymatic) in urine	continuous	383774	pLoF	0.370874034361553	0.237919656274572	0.266361932027407	-0.0063637631859124	18
HLA-DPA1	ENSG00000231389	Urea	continuous	376551	pLoF	0.37165784040211	0.231171221609165	0.399859065541063	0.00253358157453936	22
ERAP1	ENSG00000164307	I12 hypertensive renal disease	icd_first_occurrence	1513	pLoF	0.37210486125271	0.26956378184025	0.640757001046985	0.0124223346446882	74
MMACHC	ENSG00000132763	N08 glomerular disorders in dis. class. elsewhere	icd_first_occurrence	531	pLoF	0.372903315065646	0.292573088992904	0.342078947122821	-0.0409754795378746	15
TMEM231	ENSG00000205084	N20 calculus of kidney and ureter	icd_first_occurrence	5879	pLoF	0.374359877513061	0.224161400993763	0.999999250913546	-0.0391977887202245	31
FANCE	ENSG00000112039	N28 other disorders of kidney and ureter	icd_first_occurrence	5275	pLoF	0.375261172703576	0.442075033402802	0.234661334547262	0.018465375349803	38
IL12A	ENSG00000168811	N18 chronic renal failure	icd_first_occurrence	14086	pLoF	0.375450203594662	0.371340856855462	0.231752476213965	0.0340847428495693	13
FBXO22	ENSG00000167196	N20 calculus of kidney and ureter	icd_first_occurrence	5879	pLoF	0.375743287372823	0.531903613719477	0.239167958820258	0.0218883535542872	19
GTF2IRD1	ENSG00000006704	Microalbumin in urine	continuous	119013	pLoF	0.376589328767101	0.243907414800613	0.878704067727611	0.0111435214030685	22
COG1	ENSG00000166685	I12 hypertensive renal disease	icd_first_occurrence	1513	pLoF	0.376640093659195	0.236792340883201	0.90537080486568	-0.0400552113767952	64
C4A	ENSG00000244731	N18 chronic renal failure	icd_first_occurrence	14086	pLoF	0.376724274150558	0.306636145161363	0.227103522473329	0.0293736089030206	19
APOA1	ENSG00000118137	N20 calculus of kidney and ureter	icd_first_occurrence	5879	pLoF	0.378424078871263	0.559739934686178	0.231981355695535	0.0305001149157048	17
FANCA	ENSG00000187741	Q61 cystic kidney disease	icd_first_occurrence	735	pLoF	0.378934682744097	0.221374901789554	1.0	-0.040121703526766	172
TMEM67	ENSG00000164953	Q61 cystic kidney disease	icd_first_occurrence	735	pLoF	0.380213829393763	0.227895938434339	0.999819659951422	-0.035169879468548	86
BBS2	ENSG00000125124	Cystatin C	continuous	376784	pLoF	0.380784875699988	0.241564808136912	0.732671434793329	-0.0014402403486468	63
ZNF423	ENSG00000102935	Creatinine (enzymatic) in urine	continuous	383774	pLoF	0.381070774156199	0.721931505909219	0.235622622504946	0.00339191919133334	11
FAH	ENSG00000103876	C64 Malignant neoplasm of kidney	icd10	985	pLoF	0.381931885937113	0.245424211062626	0.937498832975685	-0.0403238810702501	33
FANCM	ENSG00000187790	N23 unspecified renal colic	icd_first_occurrence	4304	pLoF	0.382158396662115	0.249182729779104	0.790561468204269	-0.0101762432017562	124
CSPP1	ENSG00000104218	Microalbumin in urine	continuous	119013	pLoF	0.382443356044239	0.922292354735134	0.228490026474996	0.000232779680167713	113
TMEM237	ENSG00000155755	N23 unspecified renal colic	icd_first_occurrence	4304	pLoF	0.382919630676328	0.231530871098455	0.969505013918675	-0.0226930173392656	44
CEP290	ENSG00000198707	N08 glomerular disorders in dis. class. elsewhere	icd_first_occurrence	531	pLoF	0.383806156903976	0.224678993272797	0.999981504782181	-0.0268687152901603	253
XRCC2	ENSG00000196584	N19 unspecified renal failure	icd_first_occurrence	2345	pLoF	0.385051015925011	0.238485236654245	0.975970266305236	-0.0404223616989111	23
FAH	ENSG00000103876	Q63 other congenital malformations of kidney	icd_first_occurrence	452	pLoF	0.38548310195859	0.59323962061994	0.251173661347007	0.0270475033500936	33
ERCC4	ENSG00000175595	Creatinine	continuous	376624	pLoF	0.385628533630674	0.229444608537322	0.457469223299288	0.0026260246390708	49
MMUT	ENSG00000146085	Creatinine	continuous	376624	pLoF	0.385812178824392	0.230367251354509	0.499938592319131	-0.0020591904248387	59
ZNF699	ENSG00000196110	N28 other disorders of kidney and ureter	icd_first_occurrence	5275	pLoF	0.386124619134178	0.474661129406471	0.256824690615009	0.0261637174855738	18
ARL6	ENSG00000113966	N18 chronic renal failure	icd_first_occurrence	14086	pLoF	0.386348407163305	0.234706476508573	0.998719100356497	-0.0426829297442926	13
CC2D2A	ENSG00000048342	Q60 renal agenesis / reduction defects	icd_first_occurrence	199	pLoF	0.386507197719757	0.59872491283498	0.240342529915905	0.0264425221512405	136
BBS2	ENSG00000125124	N23 unspecified renal colic	icd_first_occurrence	4304	pLoF	0.387978594591715	0.246572125878201	0.837156776747821	-0.0151914121712409	63
PKD2	ENSG00000118762	N20 calculus of kidney and ureter	icd_first_occurrence	5879	pLoF	0.38812480241604	0.483927275845588	0.234120632157595	0.0243262992090026	39
CEP290	ENSG00000198707	N04 nephrotic syndrome	icd_first_occurrence	242	pLoF	0.388513920184385	0.227831186638831	1.0	-0.040218798674441	253
BRIP1	ENSG00000136492	Q61 cystic kidney disease	icd_first_occurrence	735	pLoF	0.388953561047317	0.238005790698875	0.995920870433112	-0.0402479048968077	88
CEP19	ENSG00000174007	Creatinine (enzymatic) in urine	continuous	383774	pLoF	0.388954273968581	0.2428944325462	0.923951147562332	-0.00527772526587732	17
STX1A	ENSG00000106089	Urea	continuous	376551	pLoF	0.389823920007894	0.246614343850193	0.476263137445839	-0.0163141541994462	6
B2M	ENSG00000166710	Creatinine (enzymatic) in urine	continuous	383774	pLoF	0.389936430848709	0.248636831657411	0.363370688175674	0.0161177137630743	5
KMT2D	ENSG00000167548	N18 chronic renal failure	icd_first_occurrence	14086	pLoF	0.390069339271346	0.23765971525012	0.408051964797495	0.0262253530538389	28
PALB2	ENSG00000083093	Q61 cystic kidney disease	icd_first_occurrence	735	pLoF	0.390138086167497	0.235376155839262	0.99985974370673	-0.0385458740200875	94
BRIP1	ENSG00000136492	N18 chronic renal failure	icd_first_occurrence	14086	pLoF	0.390361943675987	0.237447593450566	0.603538138758287	0.00955762304915508	88
KCTD1	ENSG00000134504	Urea	continuous	376551	pLoF	0.390402702379538	0.852465605824758	0.265502397231085	0.00343039811371001	4
DYNC2LI1	ENSG00000138036	N20 calculus of kidney and ureter	icd_first_occurrence	5879	pLoF	0.390515593778264	0.516677895080403	0.249083689552713	-0.0147860356029887	26
KIAA0586	ENSG00000100578	N26 unspecified contracted kidney	icd_first_occurrence	176	pLoF	0.390716813830249	0.536757799011454	0.268141360851642	0.0187342402741969	111
IFT122	ENSG00000163913	Cystatin C	continuous	376784	pLoF	0.391062849688046	0.918584332697408	0.242687621783531	0.000124339233478284	101
SLC7A7	ENSG00000155465	N28 other disorders of kidney and ureter	icd_first_occurrence	5275	pLoF	0.39115645298115	0.236604371120709	0.970856977528977	-0.0273516131968264	40
SPP1	ENSG00000118785	N04 nephrotic syndrome	icd_first_occurrence	242	pLoF	0.39157080078879	0.305292129961174	0.360599835956893	-0.0418637922438048	16
BBS7	ENSG00000138686	N19 unspecified renal failure	icd_first_occurrence	2345	pLoF	0.392238065885534	0.742985678819528	0.23504072315328	0.00995583599643129	39
PAN2	ENSG00000135473	N23 unspecified renal colic	icd_first_occurrence	4304	pLoF	0.393005933576058	0.593371474915184	0.231741694087671	0.0169823362130279	65
ZNF699	ENSG00000196110	Microalbumin in urine	continuous	119013	pLoF	0.393657080669035	0.269820609317724	0.599414558682355	-0.00928803723525534	18
BRIP1	ENSG00000136492	Microalbumin in urine	continuous	119013	pLoF	0.394127191460688	0.239912054036501	0.832836760662369	-0.0030141712699719	88
NPHP3	ENSG00000113971	I12 hypertensive renal disease	icd_first_occurrence	1513	pLoF	0.394468193493214	0.587272130876493	0.238557434095343	0.0106675312838791	115
DACT1	ENSG00000165617	N18 chronic renal failure	icd_first_occurrence	14086	pLoF	0.395351124810023	0.464805859879805	0.247689647731807	0.0175889070221286	22
IL12A	ENSG00000168811	Microalbumin in urine	continuous	119013	pLoF	0.395638769428761	0.26547449204663	0.255491159270152	-0.0146328990985881	13
GTF2IRD2	ENSG00000196275	Microalbumin in urine	continuous	119013	pLoF	0.396297239153968	0.24128757870929	0.881916263627448	0.0100858927046573	19
IL23R	ENSG00000162594	N23 unspecified renal colic	icd_first_occurrence	4304	pLoF	0.396392297797398	0.697617013280224	0.252214536457509	0.0176945906789797	18
KYNU	ENSG00000115919	N19 unspecified renal failure	icd_first_occurrence	2345	pLoF	0.398063406218935	0.965745108996044	0.249083177922408	0.00103600666836764	26
HSD11B2	ENSG00000176387	Creatinine (enzymatic) in urine	continuous	383774	pLoF	0.399017786244106	0.547403149867135	0.246815648850456	-0.00271644759784461	24
BAZ1B	ENSG00000009954	Cystatin C	continuous	376784	pLoF	0.399225939377973	0.253520927572259	0.398339414557702	0.00524710713370784	18
FANCD2	ENSG00000144554	N08 glomerular disorders in dis. class. elsewhere	icd_first_occurrence	531	pLoF	0.401077429082159	0.24774799947769	0.997990809614381	-0.0400782004210229	106
PAN2	ENSG00000135473	N19 unspecified renal failure	icd_first_occurrence	2345	pLoF	0.402165142479703	0.775537352867538	0.23793466049682	0.0123255853912542	65
SH2B1	ENSG00000178188	Microalbumin in urine	continuous	119013	pLoF	0.404569128012148	0.968280292325334	0.258745265232176	-0.000434320349092492	17
PALB2	ENSG00000083093	Creatinine	continuous	376624	pLoF	0.406742136782468	0.573223095900792	0.247505941995363	-0.00062779061547244	94
CILK1	ENSG00000112144	I12 hypertensive renal disease	icd_first_occurrence	1513	pLoF	0.408874002294694	0.698377167237383	0.25181378978412	0.0178420632153492	46
SCLT1	ENSG00000151466	Creatinine (enzymatic) in urine	continuous	383774	pLoF	0.409564767153696	0.312839784640009	0.248777508418462	0.00318908573309319	29
TMEM231	ENSG00000205084	Microalbumin in urine	continuous	119013	pLoF	0.409598311168239	0.252867396229233	0.758743382487075	0.00809831657168034	31
BRCA1	ENSG00000012048	N19 unspecified renal failure	icd_first_occurrence	2345	pLoF	0.409961710794202	0.240138755239284	1.0	-0.0271187034821861	141
INPP5E	ENSG00000148384	N19 unspecified renal failure	icd_first_occurrence	2345	pLoF	0.410002326527466	0.253138325596538	0.999993840159097	-0.0403983294863518	48
NCF1	ENSG00000158517	N28 other disorders of kidney and ureter	icd_first_occurrence	5275	pLoF	0.410335788068664	0.272548091799536	0.89470187395686	-0.0406530199024491	15
ERCC4	ENSG00000175595	N17 acute renal failure	icd_first_occurrence	7312	pLoF	0.410504123987943	0.986662341723324	0.246348902115605	0.000109978156920766	49
MMUT	ENSG00000146085	I12 hypertensive renal disease	icd_first_occurrence	1513	pLoF	0.410758006977901	0.246707666039438	0.999993542826139	-0.0401011710931455	59
TMEM216	ENSG00000187049	Creatinine	continuous	376624	pLoF	0.410877410719927	0.302592954954386	0.678700681480054	-0.00220000299103282	13
JAG1	ENSG00000101384	Cystatin C	continuous	376784	pLoF	0.411032939681355	0.26801925169235	0.472962631494848	0.00845478382836312	9
WDR35	ENSG00000118965	N19 unspecified renal failure	icd_first_occurrence	2345	pLoF	0.41165048565603	0.331971293489257	0.244469325875905	0.02380401515254	90
ALMS1	ENSG00000116127	C64 Malignant neoplasm of kidney	icd10	985	pLoF	0.411967872764895	0.241671280234278	0.84500063687843	-0.021875311394895	271
CSPP1	ENSG00000104218	N17 acute renal failure	icd_first_occurrence	7312	pLoF	0.412260143865721	0.249537223675546	0.677827531080724	-0.0117665994936401	113
MEN1	ENSG00000133895	Cystatin C	continuous	376784	pLoF	0.412532197221137	0.981275124785505	0.252888522329156	0.000135326445435954	10
SRCAP	ENSG00000080603	N18 chronic renal failure	icd_first_occurrence	14086	pLoF	0.413016106758454	0.24702728780657	1.0	-0.0424365200121876	31
TMEM231	ENSG00000205084	N28 other disorders of kidney and ureter	icd_first_occurrence	5275	pLoF	0.41365551603649	0.250370924147395	0.999999962159097	-0.039123807129272	31
IL12A	ENSG00000168811	Creatinine (enzymatic) in urine	continuous	383774	pLoF	0.41437695524785	0.404300295569076	0.255688039802795	-0.00572364562571653	13
SDCCAG8	ENSG00000054282	Q61 cystic kidney disease	icd_first_occurrence	735	pLoF	0.416302733868399	0.587482287000617	0.258945046444417	0.0282089967434963	59
XRCC2	ENSG00000196584	N17 acute renal failure	icd_first_occurrence	7312	pLoF	0.416644840098319	0.259527374704861	0.995308122864441	-0.0221299424133045	23
HLA-DPA1	ENSG00000231389	N18 chronic renal failure	icd_first_occurrence	14086	pLoF	0.416837628545362	0.260762821318777	0.497499964372891	0.0130785838757632	22
ERCC4	ENSG00000175595	N18 chronic renal failure	icd_first_occurrence	14086	pLoF	0.417068314407538	0.514400040297658	0.250860997689128	0.00981632337237401	49
MYOCD	ENSG00000141052	Urea	continuous	376551	pLoF	0.417351544900664	0.803885903679062	0.271428920545487	0.000908984285460519	24
CEP19	ENSG00000174007	N17 acute renal failure	icd_first_occurrence	7312	pLoF	0.418306945741698	0.267332353903856	0.899134747745813	-0.0411759714839253	17
ERAP1	ENSG00000164307	N17 acute renal failure	icd_first_occurrence	7312	pLoF	0.419111631277012	0.310472363366824	0.32612413036512	-0.00528911781909635	74
HSD11B2	ENSG00000176387	Creatinine	continuous	376624	pLoF	0.41913182045609	0.260745798939824	0.841004936286858	0.00436453020491306	24
DNASE1L3	ENSG00000163687	Microalbumin in urine	continuous	119013	pLoF	0.419238360975833	0.284771301085986	0.509851919580591	0.00944049942052291	10
METTL27	ENSG00000165171	N28 other disorders of kidney and ureter	icd_first_occurrence	5275	pLoF	0.41977370675872	0.275424250435814	0.435113408577956	0.0107384511798704	21
NEK8	ENSG00000160602	Urea	continuous	376551	pLoF	0.420132373898676	0.331707999583915	0.263976456483444	0.00203196452193243	39
DYNC2I1	ENSG00000126870	I12 hypertensive renal disease	icd_first_occurrence	1513	pLoF	0.420430280973369	0.248600457894167	1.0	-0.0403020598191304	87
BBS5	ENSG00000163093	N17 acute renal failure	icd_first_occurrence	7312	pLoF	0.420752777046145	0.578108028569677	0.256750769928039	0.0142829589807959	28
ERCC6	ENSG00000225830	N17 acute renal failure	icd_first_occurrence	7312	pLoF	0.421395382215743	0.76043392453611	0.249673791564251	0.00261377513214099	116
BBS1	ENSG00000174483	Creatinine	continuous	376624	pLoF	0.421811322237433	0.251930770827481	0.843428265641455	-0.00316918762280474	48
BBS9	ENSG00000122507	Urea	continuous	376551	pLoF	0.421884267234669	0.251845922945578	0.444221683675512	0.00216505705622324	61
ELN	ENSG00000049540	N23 unspecified renal colic	icd_first_occurrence	4304	pLoF	0.422156028549988	0.26442284677616	0.267868410747115	0.0225813904863255	39
CLCNKB	ENSG00000184908	Creatinine	continuous	376624	pLoF	0.42215906965987	0.312264792196341	0.254187553796535	0.00150041507520069	67
SLC7A7	ENSG00000155465	Microalbumin in urine	continuous	119013	pLoF	0.422467512797573	0.462679678641986	0.256670592452204	0.00359301039578405	40
TRIM32	ENSG00000119401	Cystatin C	continuous	376784	pLoF	0.423025564010156	0.269490828032644	0.354909500726623	0.00398540468634918	31
IL23R	ENSG00000162594	Cystatin C	continuous	376784	pLoF	0.42367988914657	0.261725449149636	0.706628357981131	0.00498816135049555	18
FANCC	ENSG00000158169	I12 hypertensive renal disease	icd_first_occurrence	1513	pLoF	0.424898346418982	0.272215909088864	0.525521823421814	-0.0255215882606819	46
SCLT1	ENSG00000151466	N20 calculus of kidney and ureter	icd_first_occurrence	5879	pLoF	0.425373968515018	0.631764406929017	0.259475538176033	0.0123609204630696	29
BRCA1	ENSG00000012048	N18 chronic renal failure	icd_first_occurrence	14086	pLoF	0.426201583094594	0.909586182167695	0.250577799953014	-0.00110857914255755	141
APOA1	ENSG00000118137	N18 chronic renal failure	icd_first_occurrence	14086	pLoF	0.426435846690269	0.264221194757471	0.998591417136167	-0.0426944576211957	17
METTL27	ENSG00000165171	Microalbumin in urine	continuous	119013	pLoF	0.427161390850265	0.283000184635127	0.75805667876563	0.00224162355570415	21
HLA-DPB1	ENSG00000223865	Creatinine (enzymatic) in urine	continuous	383774	pLoF	0.427381567717212	0.263962414717982	0.328778425624083	0.00307126178379885	30
GSN	ENSG00000148180	I12 hypertensive renal disease	icd_first_occurrence	1513	pLoF	0.427453292176609	0.756542697893764	0.258553375291714	0.0136692792357398	44
CPT2	ENSG00000157184	N19 unspecified renal failure	icd_first_occurrence	2345	pLoF	0.427889889938253	0.737751777068627	0.26356796670638	0.0100253892779998	39
BRCA1	ENSG00000012048	N17 acute renal failure	icd_first_occurrence	7312	pLoF	0.429361997791423	0.252574690284496	0.978580620287699	-0.0146857319329635	141
NPHP1	ENSG00000144061	Creatinine	continuous	376624	pLoF	0.429660978854041	0.262855470356388	0.586304299380146	-0.00266108207318376	37
ERAP1	ENSG00000164307	N20 calculus of kidney and ureter	icd_first_occurrence	5879	pLoF	0.429662789849801	0.318640737043039	0.668228891012365	-0.00582251218515431	74
MMUT	ENSG00000146085	Cystatin C	continuous	376784	pLoF	0.430151608249447	0.260066196173031	0.8353041421326	-0.00217901619281484	59
SALL1	ENSG00000103449	N26 unspecified contracted kidney	icd_first_occurrence	176	pLoF	0.431222176091021	0.409139010243297	0.417997428383953	-0.0220538287215292	12
CEP290	ENSG00000198707	Cystatin C	continuous	376784	pLoF	0.431492044538051	0.267602786094484	0.304796542402121	0.000814778814388233	253
IFT140	ENSG00000187535	C64 Malignant neoplasm of kidney	icd10	985	pLoF	0.43250458398756	0.270910077300391	0.291849122672084	0.028190893481283	82
ANKS6	ENSG00000165138	Creatinine (enzymatic) in urine	continuous	383774	pLoF	0.432622613460274	0.262399798550461	0.640285128994704	0.00306398707490748	50
COL7A1	ENSG00000114270	Urea	continuous	376551	pLoF	0.432922624082362	0.829282687311349	0.264298641168212	-0.000212548821922663	229
METTL27	ENSG00000165171	N23 unspecified renal colic	icd_first_occurrence	4304	pLoF	0.433742012198152	0.286286497983826	0.437056023680692	0.011842399260625	21
CLIP2	ENSG00000106665	Urea	continuous	376551	pLoF	0.434038748048187	0.265075438449282	0.312333264060936	0.00489352249099197	36
SALL1	ENSG00000103449	N28 other disorders of kidney and ureter	icd_first_occurrence	5275	pLoF	0.435128869264177	0.409314136723333	0.439164036167117	-0.00420059636046482	12
CC2D2A	ENSG00000048342	C64 Malignant neoplasm of kidney	icd10	985	pLoF	0.436095112743052	0.274350241900931	0.999980023165242	-0.0258337284840087	136
ALMS1	ENSG00000116127	Urea	continuous	376551	pLoF	0.436276781735152	0.25851976074256	0.571841483674485	-0.00101650720105801	271
TMEM270	ENSG00000175877	I12 hypertensive renal disease	icd_first_occurrence	1513	pLoF	0.436601289199608	0.27444651600924	0.952861877771816	-0.0393214781351644	23
BBS2	ENSG00000125124	N08 glomerular disorders in dis. class. elsewhere	icd_first_occurrence	531	pLoF	0.438852195551285	0.283888697564937	0.999442516831049	-0.0403496783925006	63
BICC1	ENSG00000122870	Microalbumin in urine	continuous	119013	pLoF	0.439685081314181	0.270675875919123	0.639804584008085	0.010858428340813	31
IFT27	ENSG00000100360	Creatinine	continuous	376624	pLoF	0.439878555599916	0.285715934628122	0.6201364003102	0.00201342832851314	20
MMP1	ENSG00000196611	N28 other disorders of kidney and ureter	icd_first_occurrence	5275	pLoF	0.441704841502755	0.371024583569441	0.298777705462828	0.00575067079643296	34
GATA3	ENSG00000107485	Microalbumin in urine	continuous	119013	pLoF	0.442408247379754				3
ERCC8	ENSG00000049167	Creatinine	continuous	376624	pLoF	0.442514223814509	0.273911619486855	0.887489535593173	0.00246084842235216	32
WDR35	ENSG00000118965	Cystatin C	continuous	376784	pLoF	0.442577503347618	0.265070284973928	0.495442434924507	0.00189502047748729	90
MMUT	ENSG00000146085	N18 chronic renal failure	icd_first_occurrence	14086	pLoF	0.444163015938575	0.79227621289792	0.269035381432502	0.00306186495545619	59
MMACHC	ENSG00000132763	N28 other disorders of kidney and ureter	icd_first_occurrence	5275	pLoF	0.444380571748655	0.390230527220424	0.347946798689573	-0.0107644038670677	15
NPHP1	ENSG00000144061	N17 acute renal failure	icd_first_occurrence	7312	pLoF	0.444506350527595	0.269604836370862	0.365804989978825	0.0218208263931727	37
BBS1	ENSG00000174483	N18 chronic renal failure	icd_first_occurrence	14086	pLoF	0.444823482814391	0.2683622237796	0.991497433865347	-0.0216385608778484	48
METTL27	ENSG00000165171	C64 Malignant neoplasm of kidney	icd10	985	pLoF	0.445021154479938	0.294925581219317	0.64681784310451	0.0236129952180459	21
CSPP1	ENSG00000104218	N19 unspecified renal failure	icd_first_occurrence	2345	pLoF	0.445398476928781	0.692853356621664	0.271670154901995	0.00676554988776327	113
ERCC8	ENSG00000049167	N28 other disorders of kidney and ureter	icd_first_occurrence	5275	pLoF	0.445479130704802	0.275605583121122	0.612204631063628	-0.0262462032509819	32
DNASE1L3	ENSG00000163687	Urea	continuous	376551	pLoF	0.445712886114322	0.292280621583966	0.408669593176414	-0.00459577510075374	10
NPHP1	ENSG00000144061	Creatinine (enzymatic) in urine	continuous	383774	pLoF	0.446883003710666	0.276132231197038	0.58213165596478	0.00308259511029207	37
TRIM32	ENSG00000119401	Urea	continuous	376551	pLoF	0.446902580877338	0.797539403117298	0.286963864099017	-0.000983971610150133	31
COL7A1	ENSG00000114270	Q61 cystic kidney disease	icd_first_occurrence	735	pLoF	0.447229736536998	0.275151632901824	1.0	-0.0261042043229635	229
PRTN3	ENSG00000196415	N08 glomerular disorders in dis. class. elsewhere	icd_first_occurrence	531	pLoF	0.448170192720085	0.340597401723943	0.430728560617618	-0.0407055995993892	28
BBS2	ENSG00000125124	N28 other disorders of kidney and ureter	icd_first_occurrence	5275	pLoF	0.449101581712618	0.290666209431122	0.999986871123588	-0.0126180748241885	63
SPP1	ENSG00000118785	Q60 renal agenesis / reduction defects	icd_first_occurrence	199	pLoF	0.449121591787376	0.34956675168164	0.417550982904792	-0.0416015970707065	16
ZNF423	ENSG00000102935	Creatinine	continuous	376624	pLoF	0.45076887453095	0.287596723505707	0.863010291596122	-0.00882291756070437	11
IFNGR1	ENSG00000027697	Urea	continuous	376551	pLoF	0.450842889682711	0.723732044043041	0.281402304766849	-0.00228956826033299	13
FBXO22	ENSG00000167196	N28 other disorders of kidney and ureter	icd_first_occurrence	5275	pLoF	0.451130076409596	0.292947522489354	0.850722608406278	-0.0390167208792535	19
DYNC2I1	ENSG00000126870	N18 chronic renal failure	icd_first_occurrence	14086	pLoF	0.451146240205305	0.419698186662547	0.269864530169103	0.00937380008633816	87
FANCE	ENSG00000112039	Cystatin C	continuous	376784	pLoF	0.453159719086652	0.292614224308356	0.76445553492429	-0.00262181453127737	38
FANCD2	ENSG00000144554	Q63 other congenital malformations of kidney	icd_first_occurrence	452	pLoF	0.453889206770457	0.286835108151801	0.998579082509699	-0.0401850684880369	106
DNASE1L3	ENSG00000163687	N20 calculus of kidney and ureter	icd_first_occurrence	5879	pLoF	0.455603542086501	0.298314952056402	0.888762610804817	-0.0408071202232176	10
KYNU	ENSG00000115919	C64 Malignant neoplasm of kidney	icd10	985	pLoF	0.456212870303156	0.845871251250237	0.294310124642931	0.00815419167546289	26
DNAJC30	ENSG00000176410	N20 calculus of kidney and ureter	icd_first_occurrence	5879	pLoF	0.457429789747993	0.747723954272498	0.286596899745742	0.0139143210342056	18
BBS4	ENSG00000140463	I12 hypertensive renal disease	icd_first_occurrence	1513	pLoF	0.458702559627397	0.29017687718301	0.99999661768172	-0.040316109399543	48
ZNF699	ENSG00000196110	N23 unspecified renal colic	icd_first_occurrence	4304	pLoF	0.458961778193798	0.31260019373918	0.670475019081295	-0.0406295407672104	18
BBS12	ENSG00000181004	N18 chronic renal failure	icd_first_occurrence	14086	pLoF	0.459105513768576	0.294843736492048	0.92542505941271	-0.0421307516505495	10
GSN	ENSG00000148180	Microalbumin in urine	continuous	119013	pLoF	0.459260462054985	0.281096210631627	0.538454452404963	0.00511873225752396	44
WDPCP	ENSG00000143951	N28 other disorders of kidney and ureter	icd_first_occurrence	5275	pLoF	0.459376748694051	0.891520561305985	0.27501255791276	0.00268903767507777	56
ERCC4	ENSG00000175595	N28 other disorders of kidney and ureter	icd_first_occurrence	5275	pLoF	0.46013877984719	0.281411864903646	0.989662505969712	-0.0252355100924036	49
TBL2	ENSG00000106638	N18 chronic renal failure	icd_first_occurrence	14086	pLoF	0.461900632859886	0.286497297870065	0.361615461873289	-0.0215708699282956	29
NUP107	ENSG00000111581	Microalbumin in urine	continuous	119013	pLoF	0.463025831895318	0.281822728564158	0.512436532448679	0.00450071974214825	69
BBS2	ENSG00000125124	N20 calculus of kidney and ureter	icd_first_occurrence	5879	pLoF	0.4636198731933	0.300806551118905	0.849252463096841	-0.0118229482524046	63
GATA3	ENSG00000107485	Creatinine (enzymatic) in urine	continuous	383774	pLoF	0.463744469510786	0.544265528236733	0.322847427120927	0.0112010903397139	3
FBXO22	ENSG00000167196	Creatinine	continuous	376624	pLoF	0.464436777976862	0.422977475249162	0.309478802973872	-0.00291305744514851	19
INPP5E	ENSG00000148384	Creatinine	continuous	376624	pLoF	0.465408072059052	0.388739957722393	0.290788837855676	0.00190750986968219	48
FKBP6	ENSG00000077800	Microalbumin in urine	continuous	119013	pLoF	0.465915523163029	0.366722228656929	0.313582162397582	-0.00370556965506309	26
FANCL	ENSG00000115392	Q60 renal agenesis / reduction defects	icd_first_occurrence	199	pLoF	0.466199524249116	0.828521021397676	0.357079869959143	0.00689054671910462	53
BRCA2	ENSG00000139618	Cystatin C	continuous	376784	pLoF	0.46633485440044	0.27483343276812	0.587380959659688	0.00107747531233345	280
ARL6	ENSG00000113966	Creatinine	continuous	376624	pLoF	0.466395101167927	0.771462741067535	0.29533890750457	0.00146015188984453	13
PRTN3	ENSG00000196415	N18 chronic renal failure	icd_first_occurrence	14086	pLoF	0.466820934496453	0.492697525757921	0.353283598503239	0.00611510045881361	28
IFT27	ENSG00000100360	I12 hypertensive renal disease	icd_first_occurrence	1513	pLoF	0.466871130893004	0.308606697313463	0.978345079751509	-0.040321522145542	20
APC2	ENSG00000115266	N17 acute renal failure	icd_first_occurrence	7312	pLoF	0.467204341675988	0.282672559888297	1.0	-0.0384016413066009	36
TMEM67	ENSG00000164953	N19 unspecified renal failure	icd_first_occurrence	2345	pLoF	0.467211502646634	0.790152835763533	0.288198096021733	0.00433551418268517	86
DNASE1L3	ENSG00000163687	N18 chronic renal failure	icd_first_occurrence	14086	pLoF	0.468403722517659	0.304618659337361	0.418107878307327	-0.0260959634717934	10
TBX1	ENSG00000184058	Creatinine (enzymatic) in urine	continuous	383774	pLoF	0.468620945131063	0.488774675931614	0.298524975907754	0.00511691868270142	13
ANKS6	ENSG00000165138	N20 calculus of kidney and ureter	icd_first_occurrence	5879	pLoF	0.469093932293288	0.28755734935704	0.985342286338724	-0.0249643987634897	50
KLRC4	ENSG00000183542	N18 chronic renal failure	icd_first_occurrence	14086	pLoF	0.470343674600907	0.357483398999952	0.450395328907454	-0.0423393737708621	3
PALB2	ENSG00000083093	N28 other disorders of kidney and ureter	icd_first_occurrence	5275	pLoF	0.471027055126973	0.290241853254271	0.975396097557251	-0.0128595764535508	94
RPGRIP1L	ENSG00000103494	N20 calculus of kidney and ureter	icd_first_occurrence	5879	pLoF	0.471094137139125	0.282789511064636	0.956210252541856	-0.0161417190553396	96
BAZ1B	ENSG00000009954	N17 acute renal failure	icd_first_occurrence	7312	pLoF	0.471698243114162	0.305292497635886	0.94334661083637	-0.0406929083837202	18
MMACHC	ENSG00000132763	Creatinine	continuous	376624	pLoF	0.471889226250149	0.373871747870761	0.481371458362309	0.00103324744047592	15
SALL1	ENSG00000103449	N25 impaired renal tubular function	icd_first_occurrence	160	pLoF	0.47227510514607	0.445783906178033	0.455465883646459	-0.0219012355850639	12
DNAJC30	ENSG00000176410	Cystatin C	continuous	376784	pLoF	0.472407254991591	0.945496335828089	0.297850394550763	0.000347366550074711	18
CRB2	ENSG00000148204	N19 unspecified renal failure	icd_first_occurrence	2345	pLoF	0.472533296933994	0.655588389621158	0.338283845182529	-0.00484104447352871	98
NUP107	ENSG00000111581	I12 hypertensive renal disease	icd_first_occurrence	1513	pLoF	0.473146282975224	0.285735061067422	1.0	-0.0400029393240037	69
IFNG	ENSG00000111537	N20 calculus of kidney and ureter	icd_first_occurrence	5879	pLoF	0.477714025364565	0.328650336911038	0.884275135275356	-0.0408223015766042	11
MLXIPL	ENSG00000009950	N17 acute renal failure	icd_first_occurrence	7312	pLoF	0.477840607317315	0.298387808404191	0.944142226974034	-0.0257807749596665	41
ALMS1	ENSG00000116127	Creatinine	continuous	376624	pLoF	0.47898272631475	0.28737506632137	0.510277064619083	-0.000796994625014903	271
SRCAP	ENSG00000080603	Urea	continuous	376551	pLoF	0.480144247766329	0.949766854394973	0.292188815837718	0.000400382052567679	31
ERAP1	ENSG00000164307	Creatinine (enzymatic) in urine	continuous	383774	pLoF	0.480285774975864	0.426310909058748	0.360584289145135	0.000522887195423812	74
SLX4	ENSG00000188827	I12 hypertensive renal disease	icd_first_occurrence	1513	pLoF	0.480403000280664	0.575158067414321	0.292502544535352	0.0143206557742267	100
FANCL	ENSG00000115392	N17 acute renal failure	icd_first_occurrence	7312	pLoF	0.480424374830361	0.380799168394972	0.458383001691821	-0.0047815876671735	53
FANCG	ENSG00000221829	N23 unspecified renal colic	icd_first_occurrence	4304	pLoF	0.480971860879578	0.299386040956696	0.967788167809962	-0.0205744740339005	55
WT1	ENSG00000184937	Urea	continuous	376551	pLoF	0.481442383599567	0.655759893991525	0.34453931845631	-0.00553005424589187	3
CEP19	ENSG00000174007	Microalbumin in urine	continuous	119013	pLoF	0.481701075491825	0.416613951099013	0.314095414069947	-0.00699118327628372	17
CLPB	ENSG00000162129	C64 Malignant neoplasm of kidney	icd10	985	pLoF	0.482419939206911	0.334434489515129	0.968286427630225	-0.040317687727876	48
ERAP1	ENSG00000164307	N23 unspecified renal colic	icd_first_occurrence	4304	pLoF	0.482533760912734	0.362514620785112	0.860325127027049	-0.00621505365635091	74
AHI1	ENSG00000135541	Creatinine	continuous	376624	pLoF	0.482634255576015	0.987798401894902	0.296322532174569	-7.38620221932723e-06	99
DNASE1L3	ENSG00000163687	N28 other disorders of kidney and ureter	icd_first_occurrence	5275	pLoF	0.483004864293545	0.316825456775983	0.909368056213824	-0.0406625601331741	10
MMACHC	ENSG00000132763	N17 acute renal failure	icd_first_occurrence	7312	pLoF	0.483435208752558	0.527970934368392	0.385288833233642	-0.00666191897838104	15
NPHP1	ENSG00000144061	N23 unspecified renal colic	icd_first_occurrence	4304	pLoF	0.484062187588115	0.957103491185026	0.299782578336273	0.00143363090862354	37
LAMA5	ENSG00000130702	Q63 other congenital malformations of kidney	icd_first_occurrence	452	pLoF	0.484511087887043	0.856860381022931	0.293502071694828	0.00739969615148584	267
CILK1	ENSG00000112144	Creatinine (enzymatic) in urine	continuous	383774	pLoF	0.484632997497265	0.296553151055881	0.673994485787538	0.00303352097873497	46
CEP290	ENSG00000198707	Q63 other congenital malformations of kidney	icd_first_occurrence	452	pLoF	0.485037257900148	0.295630589201775	0.99999816818345	-0.0252007223049398	253
IFT122	ENSG00000163913	N19 unspecified renal failure	icd_first_occurrence	2345	pLoF	0.485108731893941	0.858653256234463	0.304221702870584	-0.00313081902571746	101
METTL27	ENSG00000165171	Q61 cystic kidney disease	icd_first_occurrence	735	pLoF	0.486113388911159	0.820815190899074	0.32508513958486	-0.00571580005530401	21
KIAA0753	ENSG00000198920	N18 chronic renal failure	icd_first_occurrence	14086	pLoF	0.486497059566314	0.564027692026075	0.3022736679218	0.00365761548573573	82
BRIP1	ENSG00000136492	N08 glomerular disorders in dis. class. elsewhere	icd_first_occurrence	531	pLoF	0.486833560328852	0.30761992713642	0.999625138661103	-0.0403777941313224	88
KMT2D	ENSG00000167548	Microalbumin in urine	continuous	119013	pLoF	0.486895275675447	0.961113695855909	0.310261914387553	0.000429958221053214	28
RFC2	ENSG00000049541	Creatinine	continuous	376624	pLoF	0.487083704235532	0.536304569897303	0.316197758564648	0.00128497983623725	25
ALMS1	ENSG00000116127	Cystatin C	continuous	376784	pLoF	0.487817637896469	0.346460975474537	0.293494347256066	-0.000794647270813133	271
ANKS6	ENSG00000165138	N19 unspecified renal failure	icd_first_occurrence	2345	pLoF	0.488008530435686	0.301688950792205	1.0	-0.039943008028889	50
SALL1	ENSG00000103449	Cystatin C	continuous	376784	pLoF	0.488177304272215	0.45488433491583	0.489643272831291	-0.000389776065742221	12
TMEM67	ENSG00000164953	N17 acute renal failure	icd_first_occurrence	7312	pLoF	0.488959521334564	0.303778696998065	0.384614357026973	-0.00972820446777642	86
SPP1	ENSG00000118785	N26 unspecified contracted kidney	icd_first_occurrence	176	pLoF	0.48907314809373	0.387140129850812	0.452837164892417	-0.0418674390869891	16
CEP290	ENSG00000198707	N26 unspecified contracted kidney	icd_first_occurrence	176	pLoF	0.48913800403016	0.298222758884056	1.0	-0.0402423135549437	253
SPP1	ENSG00000118785	Q63 other congenital malformations of kidney	icd_first_occurrence	452	pLoF	0.489404238563669	0.460058407473029	0.383930633787079	0.0220752116245212	16
INPP5E	ENSG00000148384	Urea	continuous	376551	pLoF	0.489581195570723	0.858331034256469	0.308548979406434	0.000472458173581505	48
BBS2	ENSG00000125124	Q63 other congenital malformations of kidney	icd_first_occurrence	452	pLoF	0.490041632989951	0.320697475065529	0.999938713229593	-0.0403216986196795	63
SLC7A7	ENSG00000155465	N23 unspecified renal colic	icd_first_occurrence	4304	pLoF	0.490414519325959	0.305689898005472	0.422813757823584	0.0259272069946981	40
ALG9	ENSG00000086848	Microalbumin in urine	continuous	119013	pLoF	0.490420771511069	0.726751345195207	0.30854999437284	0.00196751655992739	46
BBIP1	ENSG00000214413	Creatinine	continuous	376624	pLoF	0.490768301140698	0.3659459585374	0.493623313742969	-0.00382004178803632	8
LAMB2	ENSG00000172037	N17 acute renal failure	icd_first_occurrence	7312	pLoF	0.490788655737445	0.292503925204012	0.996072423917162	-0.0149172506130346	108
FANCM	ENSG00000187790	N20 calculus of kidney and ureter	icd_first_occurrence	5879	pLoF	0.491166566739765	0.484363280474055	0.330386644988668	0.00529084615766763	124
ERCC6	ENSG00000225830	N18 chronic renal failure	icd_first_occurrence	14086	pLoF	0.491410008659758	0.298129089293355	0.404675471318452	-0.00654864680733751	116
IFT122	ENSG00000163913	C64 Malignant neoplasm of kidney	icd10	985	pLoF	0.491588839738409	0.315365337348871	0.999999920878716	-0.0280429658032093	101
METTL27	ENSG00000165171	N18 chronic renal failure	icd_first_occurrence	14086	pLoF	0.492555106336829	0.330121898515262	0.489313175152535	0.00605462209784105	21
ELN	ENSG00000049540	N19 unspecified renal failure	icd_first_occurrence	2345	pLoF	0.492894644646909	0.976489800045954	0.309205892328765	-0.000659560756771	39
XRCC2	ENSG00000196584	Cystatin C	continuous	376784	pLoF	0.493090854952002	0.550363088760963	0.314730213319129	0.00143632740557721	23
CLPB	ENSG00000162129	N20 calculus of kidney and ureter	icd_first_occurrence	5879	pLoF	0.49343396350985	0.334303716522592	0.479947823477636	0.0160944708890467	48
CLIP2	ENSG00000106665	N20 calculus of kidney and ureter	icd_first_occurrence	5879	pLoF	0.493687961026695	0.301174822140495	1.0	-0.0407701556546787	36
BBS2	ENSG00000125124	Creatinine	continuous	376624	pLoF	0.494307822923709	0.887325119029701	0.325818198687571	-0.000153541797223941	63
BBS5	ENSG00000163093	N23 unspecified renal colic	icd_first_occurrence	4304	pLoF	0.494970069562373	0.309810671059037	1.0	-0.0398956073797065	28
FANCD2	ENSG00000144554	Microalbumin in urine	continuous	119013	pLoF	0.495198549687926	0.861824850946466	0.316027904247435	0.000384036508593571	106
MKS1	ENSG00000011143	Microalbumin in urine	continuous	119013	pLoF	0.495512829219154	0.507230910827353	0.310341060230097	0.00292541283653446	48
BUD23	ENSG00000071462	Cystatin C	continuous	376784	pLoF	0.496005219416522	0.313415941212995	0.392002325104971	-0.00280850046737992	39
METTL27	ENSG00000165171	N17 acute renal failure	icd_first_occurrence	7312	pLoF	0.496208014733399	0.333769790843776	0.897474977166143	0.00806165636154874	21
SCAPER	ENSG00000140386	I12 hypertensive renal disease	icd_first_occurrence	1513	pLoF	0.496670153343501	0.30213176028947	1.0	-0.0402991337445355	80
FANCA	ENSG00000187741	N08 glomerular disorders in dis. class. elsewhere	icd_first_occurrence	531	pLoF	0.496910333524898	0.301362763570831	1.0	-0.0401058050821976	172
NPHP3	ENSG00000113971	N08 glomerular disorders in dis. class. elsewhere	icd_first_occurrence	531	pLoF	0.497016019247327	0.597687887201549	0.309806449009623	0.0175450919402486	115
ELN	ENSG00000049540	C64 Malignant neoplasm of kidney	icd10	985	pLoF	0.497484901104076	0.895531435542632	0.318611633366599	0.00529395790532997	39
AHI1	ENSG00000135541	Microalbumin in urine	continuous	119013	pLoF	0.497587844832436	0.317103525882111	0.319388927091772	-0.00256786784227354	99
UBE2T	ENSG00000077152	N20 calculus of kidney and ureter	icd_first_occurrence	5879	pLoF	0.499046159781575	0.709091065867124	0.328309021887233	0.0143881907212481	14
KIAA0586	ENSG00000100578	N17 acute renal failure	icd_first_occurrence	7312	pLoF	0.499451559486614	0.847267673551527	0.353239175609484	0.000920528040293008	111
MMUT	ENSG00000146085	Creatinine (enzymatic) in urine	continuous	383774	pLoF	0.500057009104846	0.309129722593563	0.316951285844765	-0.00206658881655434	59
HNRNPK	ENSG00000165119	Creatinine	continuous	376624	pLoF	0.500609052076569	0.369469971955093	0.353510733633873	-0.00675631540844465	4
FANCM	ENSG00000187790	Creatinine	continuous	376624	pLoF	0.501507421101051	0.476130215638645	0.341289055418569	-0.000518875134820562	124
BUD23	ENSG00000071462	N19 unspecified renal failure	icd_first_occurrence	2345	pLoF	0.501916547368183	0.317674591736199	0.999712968663589	-0.0403293796103236	39
HLA-DPB1	ENSG00000223865	N19 unspecified renal failure	icd_first_occurrence	2345	pLoF	0.503111858659998	0.319752955689274	0.999998356199536	-0.0383857196435718	30
SLX4	ENSG00000188827	Q61 cystic kidney disease	icd_first_occurrence	735	pLoF	0.503998506175876	0.307526887590095	1.0	-0.038454272839946	100
SPP1	ENSG00000118785	N08 glomerular disorders in dis. class. elsewhere	icd_first_occurrence	531	pLoF	0.505126065118393	0.399189775993751	0.516944915344408	-0.0234614001680797	16
FANCL	ENSG00000115392	N08 glomerular disorders in dis. class. elsewhere	icd_first_occurrence	531	pLoF	0.505615332033194	0.404903380540213	0.539528520071461	-0.0167386484964451	53
BBS7	ENSG00000138686	I12 hypertensive renal disease	icd_first_occurrence	1513	pLoF	0.506271083859495	0.314384555997318	0.999993097606433	-0.0403293690640529	39
ALMS1	ENSG00000116127	N18 chronic renal failure	icd_first_occurrence	14086	pLoF	0.506525756186349	0.307525170482879	0.525092417596594	-0.00524684453781188	271
UBAC2	ENSG00000134882	Creatinine	continuous	376624	pLoF	0.506566017152766	0.451022669956626	0.315731843601676	-0.00302078080090147	21
UBAC2	ENSG00000134882	N17 acute renal failure	icd_first_occurrence	7312	pLoF	0.507064117011864	0.319838472412062	0.998111187239973	-0.0409273268537632	21
BBS1	ENSG00000174483	Microalbumin in urine	continuous	119013	pLoF	0.507295159586726	0.900457909770534	0.315254869871485	0.000806331673101765	48
CPT2	ENSG00000157184	I12 hypertensive renal disease	icd_first_occurrence	1513	pLoF	0.507438960861975	0.321703503071097	0.999999389228109	-0.0396499635553676	39
GANAB	ENSG00000089597	Microalbumin in urine	continuous	119013	pLoF	0.508180380589321	0.419230711498809	0.323549559395578	0.00851041980489287	31
NPHP3	ENSG00000113971	N18 chronic renal failure	icd_first_occurrence	14086	pLoF	0.508713519629447	0.988023392987638	0.320763946385138	-4.21848274273251e-05	115
MYOCD	ENSG00000141052	N28 other disorders of kidney and ureter	icd_first_occurrence	5275	pLoF	0.509003172775596	0.616528820824511	0.343017869123754	0.0170194552240102	24
HLA-DPA1	ENSG00000231389	Cystatin C	continuous	376784	pLoF	0.509265377166195	0.332296403492595	0.336095173309024	0.00192587073054861	22
ERAP1	ENSG00000164307	Microalbumin in urine	continuous	119013	pLoF	0.509303197927127	0.42779148460766	0.388566383248396	-0.00100942875713954	74
DYNC2I1	ENSG00000126870	N23 unspecified renal colic	icd_first_occurrence	4304	pLoF	0.509821702387444	0.31638463459736	0.363419145442057	0.0195485796726337	87
RPGRIP1L	ENSG00000103494	Cystatin C	continuous	376784	pLoF	0.50994267731112	0.311708500258502	0.546524913591423	0.00171609713945213	96
KIAA0586	ENSG00000100578	Creatinine (enzymatic) in urine	continuous	383774	pLoF	0.510539164645093	0.541759160350196	0.364489509641159	-0.000366758105717763	111
ERCC8	ENSG00000049167	Creatinine (enzymatic) in urine	continuous	383774	pLoF	0.510689708098131	0.52734351282029	0.323048650454876	0.00167051867152971	32
IL23R	ENSG00000162594	N20 calculus of kidney and ureter	icd_first_occurrence	5879	pLoF	0.512062092864375	0.327937480735364	0.987906342278596	-0.0408159649636245	18
NSD1	ENSG00000165671	N18 chronic renal failure	icd_first_occurrence	14086	pLoF	0.512106782411073	0.322069518677369	0.795277014275754	-0.0240947276006883	32
EHMT1	ENSG00000181090	Microalbumin in urine	continuous	119013	pLoF	0.51219408313767	0.819157562115873	0.347541410362083	-0.00206331050314767	14
ERCC6	ENSG00000225830	N28 other disorders of kidney and ureter	icd_first_occurrence	5275	pLoF	0.512217907351358	0.869060083711132	0.312244023636764	-0.00166020142815426	116
MKKS	ENSG00000125863	Urea	continuous	376551	pLoF	0.512226848784429	0.321690836709656	0.966813433951357	0.00358753640819553	37
TMEM237	ENSG00000155755	Q61 cystic kidney disease	icd_first_occurrence	735	pLoF	0.512246721560397	0.817845073845542	0.329170438202639	0.00982754674665434	44
HSD11B2	ENSG00000176387	N20 calculus of kidney and ureter	icd_first_occurrence	5879	pLoF	0.512600769073362	0.796548971273104	0.329412647139503	0.0104732844569799	24
BBS4	ENSG00000140463	N28 other disorders of kidney and ureter	icd_first_occurrence	5275	pLoF	0.51294509714816	0.645981932791418	0.326144003529282	-0.00892791979385208	48
GSN	ENSG00000148180	Creatinine (enzymatic) in urine	continuous	383774	pLoF	0.513466011050412	0.31903705590046	0.409723266358951	0.00265250352216402	44
BRCA2	ENSG00000139618	N20 calculus of kidney and ureter	icd_first_occurrence	5879	pLoF	0.513591060120176	0.667567376884203	0.30997641076272	0.00380038103481728	280
IFT74	ENSG00000096872	N04 nephrotic syndrome	icd_first_occurrence	242	pLoF	0.513930754863263	0.373933605644332	0.668320783559743	-0.0409723214800482	24
MKKS	ENSG00000125863	N28 other disorders of kidney and ureter	icd_first_occurrence	5275	pLoF	0.514054489613944	0.61534143290195	0.32563877642667	0.0158667076346519	37
EIF4H	ENSG00000106682	Urea	continuous	376551	pLoF	0.515596332964482	0.3465741441981	0.62536672175546	-0.0116908872483855	5
RAD21	ENSG00000164754	Creatinine (enzymatic) in urine	continuous	383774	pLoF	0.516172950538907	0.342587811929778	0.711197250613856	-0.0132626057295158	5
SPP1	ENSG00000118785	I12 hypertensive renal disease	icd_first_occurrence	1513	pLoF	0.516872983206401	0.522909358174881	0.412450159543026	-0.0103841888772398	16
SPP1	ENSG00000118785	N20 calculus of kidney and ureter	icd_first_occurrence	5879	pLoF	0.516945320165925	0.405032719828721	0.465288021457376	0.00703905232594709	16
SPP1	ENSG00000118785	N25 impaired renal tubular function	icd_first_occurrence	160	pLoF	0.518424971815451	0.409387153224856	0.486749549745553	-0.0418416021318702	16
NOD2	ENSG00000167207	I12 hypertensive renal disease	icd_first_occurrence	1513	pLoF	0.518741282437203	0.871066390666939	0.325853696264344	0.00473508400748786	53
IFNG	ENSG00000111537	N28 other disorders of kidney and ureter	icd_first_occurrence	5275	pLoF	0.518987827565615	0.358460786487936	0.935894590188043	-0.0406606584845418	11
RFC2	ENSG00000049541	I12 hypertensive renal disease	icd_first_occurrence	1513	pLoF	0.519284612324274	0.340282234692934	0.980414028744041	-0.0403691304235776	25
NSD1	ENSG00000165671	Microalbumin in urine	continuous	119013	pLoF	0.519820302960548	0.343795333466388	0.931440746601765	0.00660115510848146	32
NCF1	ENSG00000158517	N23 unspecified renal colic	icd_first_occurrence	4304	pLoF	0.52026148784877	0.986201166123776	0.350358299295516	-2.7166700029787e-05	15
CILK1	ENSG00000112144	N19 unspecified renal failure	icd_first_occurrence	2345	pLoF	0.520597202606473	0.322395239005164	1.0	-0.0399524363212301	46
DNAJB11	ENSG00000090520	N18 chronic renal failure	icd_first_occurrence	14086	pLoF	0.521188540267504	0.329145867875642	0.327184197703285	0.0288498054892876	25
NPHP3	ENSG00000113971	N20 calculus of kidney and ureter	icd_first_occurrence	5879	pLoF	0.52149811950398	0.773147119642635	0.327905888504796	-0.00300463785024243	115
AMOTL1	ENSG00000166025	Creatinine (enzymatic) in urine	continuous	383774	pLoF	0.521911550198762	0.330118003899576	0.848862227446859	0.00341880231372734	38
SCAPER	ENSG00000140386	Cystatin C	continuous	376784	pLoF	0.521977776779999	0.396142153093552	0.321897395627751	0.0018742265021897	80
COG1	ENSG00000166685	C64 Malignant neoplasm of kidney	icd10	985	pLoF	0.522038914144201	0.344781456102298	0.996124490583413	-0.039814282159337	64
CEP290	ENSG00000198707	N25 impaired renal tubular function	icd_first_occurrence	160	pLoF	0.522445415178786	0.323035761608573	1.0	-0.0402472212000439	253
APC2	ENSG00000115266	Creatinine	continuous	376624	pLoF	0.522499386743924	0.322202747217518	0.682141140332905	0.00400078382468709	36
CEP19	ENSG00000174007	N28 other disorders of kidney and ureter	icd_first_occurrence	5275	pLoF	0.522671731152483	0.343042401092661	0.9814411110019	-0.0406537053054313	17
KMT2D	ENSG00000167548	Creatinine	continuous	376624	pLoF	0.522916873319545	0.334452593818858	0.555315621470841	0.00396887469130728	28
NEK8	ENSG00000160602	C64 Malignant neoplasm of kidney	icd10	985	pLoF	0.524846993057983	0.346605134696045	0.999470882217628	-0.0402771240745308	39
SLC7A7	ENSG00000155465	Cystatin C	continuous	376784	pLoF	0.525296294132919	0.6105264866234	0.332489716571342	0.00119082733743627	40
RFWD3	ENSG00000168411	N23 unspecified renal colic	icd_first_occurrence	4304	pLoF	0.52709858734782	0.586760228460601	0.32996032895739	0.0138783559525608	59
TBL2	ENSG00000106638	N19 unspecified renal failure	icd_first_occurrence	2345	pLoF	0.52801337740996	0.617411295573324	0.33953395744064	0.0256717789470392	29
SALL1	ENSG00000103449	N19 unspecified renal failure	icd_first_occurrence	2345	pLoF	0.528623180704757	0.492858586062166	0.520465203611317	-0.00515346904220774	12
BRCA1	ENSG00000012048	Q61 cystic kidney disease	icd_first_occurrence	735	pLoF	0.529087124008788	0.323283523246902	1.0	-0.0401733954142281	141
XRCC2	ENSG00000196584	I12 hypertensive renal disease	icd_first_occurrence	1513	pLoF	0.529287049294131	0.34291027377136	0.995978084569067	-0.0403345013399078	23
FBXO22	ENSG00000167196	N17 acute renal failure	icd_first_occurrence	7312	pLoF	0.529381145433753	0.601792446341922	0.346244827187829	-0.015279207144081	19
CCND1	ENSG00000110092	Creatinine	continuous	376624	pLoF	0.529732537869473	0.458495373626461	0.367174740191953	0.0115023552781797	4
DNASE1L3	ENSG00000163687	N23 unspecified renal colic	icd_first_occurrence	4304	pLoF	0.529881509565652	0.35573464350249	0.940933947216434	-0.0405928325833425	10
KMT2D	ENSG00000167548	N28 other disorders of kidney and ureter	icd_first_occurrence	5275	pLoF	0.530016647876218	0.340407551325241	0.999999564303546	-0.0378397691227749	28
BBIP1	ENSG00000214413	N17 acute renal failure	icd_first_occurrence	7312	pLoF	0.530126913347823	0.391710436116794	0.892744691644376	-0.0287661032906714	8
TMEM270	ENSG00000175877	Microalbumin in urine	continuous	119013	pLoF	0.530781115437154	0.34790229140612	0.622873980448946	0.00367657054244078	23
SDCCAG8	ENSG00000054282	N23 unspecified renal colic	icd_first_occurrence	4304	pLoF	0.53096940381573	0.340899384260356	0.522446550699153	0.0197763029996663	59
NSD1	ENSG00000165671	N28 other disorders of kidney and ureter	icd_first_occurrence	5275	pLoF	0.53202740661955	0.332019194195357	0.999999460143794	-0.0373435126042742	32
HSD11B2	ENSG00000176387	Cystatin C	continuous	376784	pLoF	0.533242515862972	0.345486001013583	0.99053610111965	0.0041261066428386	24
NPHP1	ENSG00000144061	Cystatin C	continuous	376784	pLoF	0.534259107275354	0.397859390587726	0.338234111950347	0.00226380212407672	37
WDPCP	ENSG00000143951	N17 acute renal failure	icd_first_occurrence	7312	pLoF	0.534371232468092	0.33077818810219	0.988108239169321	-0.0172528563039868	56
TBL2	ENSG00000106638	Creatinine	continuous	376624	pLoF	0.534912991251306	0.905723417489397	0.345186823438952	-0.000357982971429801	29
CRB2	ENSG00000148204	Creatinine	continuous	376624	pLoF	0.53590615269891	0.396811185161929	0.749970087869618	-0.000566014374308672	98
APC2	ENSG00000115266	Microalbumin in urine	continuous	119013	pLoF	0.536043653091919	0.953265964553666	0.340519042309152	0.000490996017584407	36
RAD51	ENSG00000051180	Cystatin C	continuous	376784	pLoF	0.53630001556471	0.805512404149242	0.36046170102797	0.00271719360722343	6
MYCN	ENSG00000134323	Urea	continuous	376551	pLoF	0.53662388160936	0.369386772895878	0.463586404158825	-0.0149545268750759	4
CPT2	ENSG00000157184	N23 unspecified renal colic	icd_first_occurrence	4304	pLoF	0.537244288998002	0.906003162694092	0.342518506078187	0.00275713826027063	39
AMOTL1	ENSG00000166025	Creatinine	continuous	376624	pLoF	0.537361872845185	0.504614530534592	0.341623195548022	0.00194879410351758	38
MLXIPL	ENSG00000009950	Creatinine (enzymatic) in urine	continuous	383774	pLoF	0.53748929620999	0.901270538579068	0.343932120210648	0.000372586745327158	41
MKS1	ENSG00000011143	N28 other disorders of kidney and ureter	icd_first_occurrence	5275	pLoF	0.537812056248192	0.341824748779489	0.99979795364751	-0.0195742712722529	48
SPP1	ENSG00000118785	Microalbumin in urine	continuous	119013	pLoF	0.537904221696984	0.57141242622188	0.421475598482181	0.00105151139162852	16
FANCC	ENSG00000158169	Urea	continuous	376551	pLoF	0.538035259847679	0.361828495184445	0.836736641780424	-0.00128436666204279	46
ALG9	ENSG00000086848	Creatinine	continuous	376624	pLoF	0.538563606541955	0.340652378771424	0.846840687107339	0.00260559365839126	46
BAZ1B	ENSG00000009954	N20 calculus of kidney and ureter	icd_first_occurrence	5879	pLoF	0.539998662616676	0.355247298490285	0.983263141610357	-0.0401422025453934	18
MMACHC	ENSG00000132763	N18 chronic renal failure	icd_first_occurrence	14086	pLoF	0.540034316249314	0.433650342874636	0.442129810076737	-0.00611435903933024	15
IFT172	ENSG00000138002	N23 unspecified renal colic	icd_first_occurrence	4304	pLoF	0.54053097838081	0.710509284105243	0.331056469418407	0.00583052297959149	123
BICC1	ENSG00000122870	N17 acute renal failure	icd_first_occurrence	7312	pLoF	0.54067165851688	0.34193564714944	1.0	-0.0399117853389999	31
LAMB2	ENSG00000172037	Creatinine	continuous	376624	pLoF	0.541175613798322	0.951139848738355	0.328416410148032	-9.05392638403166e-05	108
SDCCAG8	ENSG00000054282	N18 chronic renal failure	icd_first_occurrence	14086	pLoF	0.541257373520116	0.622925806181507	0.351253721238318	0.00618375007312722	59
MAD2L2	ENSG00000116670	Microalbumin in urine	continuous	119013	pLoF	0.541361265662776	0.351376955857221	0.877978291120896	-0.0072095288100221	14
SLC7A7	ENSG00000155465	I12 hypertensive renal disease	icd_first_occurrence	1513	pLoF	0.541447152858444	0.347203831417491	1.0	-0.0403206642159174	40
KMT2D	ENSG00000167548	N23 unspecified renal colic	icd_first_occurrence	4304	pLoF	0.543519415867527	0.735602090687309	0.35447872903229	0.0150355834165577	28
RPGRIP1L	ENSG00000103494	N17 acute renal failure	icd_first_occurrence	7312	pLoF	0.543825234452959	0.881318659789658	0.337478747793915	0.00197292389125944	96
LAMA5	ENSG00000130702	N08 glomerular disorders in dis. class. elsewhere	icd_first_occurrence	531	pLoF	0.544680722246007	0.329620378288392	1.0	-0.039387243929071	267
KYNU	ENSG00000115919	N18 chronic renal failure	icd_first_occurrence	14086	pLoF	0.545359917103203	0.359897503775758	0.39477049030882	0.0109568832613905	26
MLXIPL	ENSG00000009950	N19 unspecified renal failure	icd_first_occurrence	2345	pLoF	0.54545183803212	0.349426471793551	1.0	-0.0403011184132679	41
CFAP418	ENSG00000156172	N20 calculus of kidney and ureter	icd_first_occurrence	5879	pLoF	0.545774370260759	0.354033284868685	0.999998048535826	-0.0401645230349243	25
BRIP1	ENSG00000136492	Q63 other congenital malformations of kidney	icd_first_occurrence	452	pLoF	0.545891968031528	0.352248506234464	0.999983807656783	-0.040332060034096	88
DYNC2LI1	ENSG00000138036	N23 unspecified renal colic	icd_first_occurrence	4304	pLoF	0.546232810345711	0.370445813630158	0.367098879772892	-0.0230999531093627	26
TMEM67	ENSG00000164953	Microalbumin in urine	continuous	119013	pLoF	0.547068518616597	0.351319768636408	0.520991460198526	0.00209102640905739	86
GTF2IRD1	ENSG00000006704	N18 chronic renal failure	icd_first_occurrence	14086	pLoF	0.547344735607293	0.353577189296178	0.999999902213116	-0.0344747760699476	22
FANCC	ENSG00000158169	Creatinine	continuous	376624	pLoF	0.547650556597133	0.369635496958282	0.952831499153741	0.00105292818263183	46
DYNC2LI1	ENSG00000138036	Microalbumin in urine	continuous	119013	pLoF	0.547710538637653	0.764693118912601	0.373087026769901	-0.00137266078157789	26
FANCA	ENSG00000187741	Q63 other congenital malformations of kidney	icd_first_occurrence	452	pLoF	0.548186939563302	0.337842625351017	1.0	-0.0401012678897983	172
BBS5	ENSG00000163093	Microalbumin in urine	continuous	119013	pLoF	0.548425482221057	0.351235433830878	0.642975589395056	0.0064993601056296	28
LAMB2	ENSG00000172037	N19 unspecified renal failure	icd_first_occurrence	2345	pLoF	0.548599425716412	0.412993339933325	0.337178890728976	0.0193216000264405	108
NSD1	ENSG00000165671	Urea	continuous	376551	pLoF	0.54863596357328	0.910218938385167	0.345635700522302	-0.00045855831087844	32
RAD51	ENSG00000051180	Creatinine	continuous	376624	pLoF	0.549016402812234	0.370777576579451	0.841719992293894	-0.00878782289641081	6
NPHP3	ENSG00000113971	C64 Malignant neoplasm of kidney	icd10	985	pLoF	0.549085725010808	0.37255030039781	0.350393039722109	0.0219737142786866	115
MEN1	ENSG00000133895	Urea	continuous	376551	pLoF	0.550186946549942	0.851602393897212	0.354046833081304	-0.00200576641132099	10
CEP19	ENSG00000174007	N18 chronic renal failure	icd_first_occurrence	14086	pLoF	0.550216532634634	0.367688532073146	0.997932850661836	-0.0243753692655654	17
FANCA	ENSG00000187741	N23 unspecified renal colic	icd_first_occurrence	4304	pLoF	0.550746489430887	0.340707684147638	0.652042139502759	0.0124022891366314	172
KIAA0753	ENSG00000198920	Creatinine (enzymatic) in urine	continuous	383774	pLoF	0.551056751501683	0.35185865261551	0.816994323403035	0.00102492906849445	82
CFAP418	ENSG00000156172	N28 other disorders of kidney and ureter	icd_first_occurrence	5275	pLoF	0.551465903454535	0.360210679046548	0.999990217445959	-0.0398218115388519	25
CC2D2A	ENSG00000048342	N19 unspecified renal failure	icd_first_occurrence	2345	pLoF	0.551550874856741	0.494452271667923	0.358385676767577	-0.0101038545846684	136
MEN1	ENSG00000133895	Creatinine	continuous	376624	pLoF	0.553882474493527	0.356952932719015	0.782528386172797	-0.00825560762774345	10
DNAJC30	ENSG00000176410	N17 acute renal failure	icd_first_occurrence	7312	pLoF	0.554117007744054	0.360720354665564	0.999992485854706	-0.0372777715929571	18
SCAPER	ENSG00000140386	N20 calculus of kidney and ureter	icd_first_occurrence	5879	pLoF	0.555457365498614	0.346819548687388	0.992617351629894	-0.01915265313388	80
DNASE1L3	ENSG00000163687	Creatinine (enzymatic) in urine	continuous	383774	pLoF	0.556089170930932	0.376793322241653	0.543104328518904	-0.00377567880943063	10
BBS10	ENSG00000179941	N28 other disorders of kidney and ureter	icd_first_occurrence	5275	pLoF	0.556108057124467	0.557242193080798	0.435380264627647	0.0137557552886135	14
FANCD2	ENSG00000144554	N18 chronic renal failure	icd_first_occurrence	14086	pLoF	0.556289738363017	0.737834128328512	0.366716684581306	0.00225158889880327	106
RAD21	ENSG00000164754	Creatinine	continuous	376624	pLoF	0.556296377736102	0.374827874013792	0.711744134664276	0.0104139768002068	5
DYNC2I1	ENSG00000126870	C64 Malignant neoplasm of kidney	icd10	985	pLoF	0.556882452544249	0.34676715565645	1.0	-0.040200267067905	87
ERAP1	ENSG00000164307	C64 Malignant neoplasm of kidney	icd10	985	pLoF	0.557092855000144	0.602687392935595	0.426875580993295	-0.00732159733798604	74
UBAC2	ENSG00000134882	N20 calculus of kidney and ureter	icd_first_occurrence	5879	pLoF	0.557275056979093	0.354061611877035	0.999843477365566	-0.040747780977448	21
ZNF699	ENSG00000196110	Urea	continuous	376551	pLoF	0.557283089784309	0.728134945029141	0.388612066399511	0.00141318310712317	18
HRAS	ENSG00000174775	I12 hypertensive renal disease	icd_first_occurrence	1513	pLoF	0.557825111967044	0.443727668059423	0.520556390205256	-0.0404218904363764	10
CLCNKB	ENSG00000184908	Microalbumin in urine	continuous	119013	pLoF	0.558578308306317	0.629461778063778	0.351412430244161	0.00180700946153339	67
FAH	ENSG00000103876	N08 glomerular disorders in dis. class. elsewhere	icd_first_occurrence	531	pLoF	0.558847580295572	0.384598866562872	0.991168153204359	-0.0403296638429258	33
FANCI	ENSG00000140525	N20 calculus of kidney and ureter	icd_first_occurrence	5879	pLoF	0.559169947653174	0.850111538064792	0.353082492159477	-0.00257182556685134	124
TSC1	ENSG00000165699	N18 chronic renal failure	icd_first_occurrence	14086	pLoF	0.559193705854913	0.361283052049071	0.999999542757078	-0.0426739193654672	17
DYNC2LI1	ENSG00000138036	Urea	continuous	376551	pLoF	0.559214209336269	0.596027116937154	0.381586308436352	0.00133364144993459	26
MMP1	ENSG00000196611	N18 chronic renal failure	icd_first_occurrence	14086	pLoF	0.560277898317433	0.393432332723507	0.460094260968573	-0.00349123974102431	34
PKD2	ENSG00000118762	N23 unspecified renal colic	icd_first_occurrence	4304	pLoF	0.560827964833233	0.357592916051882	1.0	-0.0405210950516852	39
PALB2	ENSG00000083093	Q63 other congenital malformations of kidney	icd_first_occurrence	452	pLoF	0.560846529095043	0.359345831459902	1.0	-0.0387872834479622	94
GTF2IRD2	ENSG00000196275	Urea	continuous	376551	pLoF	0.562167733954931	0.551302668079789	0.366780618092632	0.00299340159634291	19
CLCNKB	ENSG00000184908	Cystatin C	continuous	376784	pLoF	0.562231552536673	0.355902931614477	0.81255036511993	0.00154151479302194	67
ERCC6	ENSG00000225830	Creatinine	continuous	376624	pLoF	0.563867568106268	0.351387829807338	0.685448541522323	0.000862456534824825	116
FKBP6	ENSG00000077800	N19 unspecified renal failure	icd_first_occurrence	2345	pLoF	0.564130456767405	0.389012792650757	0.391454551207442	0.0250729818522617	26
TTC8	ENSG00000165533	N19 unspecified renal failure	icd_first_occurrence	2345	pLoF	0.564305695326921	0.367029953826826	0.999999641861782	-0.0403769464690665	28
FANCE	ENSG00000112039	I12 hypertensive renal disease	icd_first_occurrence	1513	pLoF	0.56455220009769	0.380091852264267	0.997124490745148	-0.0403262900692081	38
SALL1	ENSG00000103449	N08 glomerular disorders in dis. class. elsewhere	icd_first_occurrence	531	pLoF	0.566862442535742	0.528330698842399	0.547328132989541	-0.00974978597868461	12
HLA-DPA1	ENSG00000231389	Creatinine	continuous	376624	pLoF	0.567588283372352	0.378906872029189	0.55546041153221	0.00155139954585055	22
SCLT1	ENSG00000151466	N19 unspecified renal failure	icd_first_occurrence	2345	pLoF	0.567747800860186	0.921821534837833	0.367886175474722	0.00385885846744257	29
NSD1	ENSG00000165671	Creatinine	continuous	376624	pLoF	0.5678042091906	0.49834239533652	0.360354140549614	-0.00230732463922244	32
BBS9	ENSG00000122507	Microalbumin in urine	continuous	119013	pLoF	0.567946259391929	0.356162106384394	0.889553563443645	0.00329884989429415	61
NOD2	ENSG00000167207	Q61 cystic kidney disease	icd_first_occurrence	735	pLoF	0.568284073447714	0.361439608928782	0.999999903996175	-0.0402233889819943	53
INVS	ENSG00000119509	N18 chronic renal failure	icd_first_occurrence	14086	pLoF	0.56985375263892	0.542410927015284	0.367099885203031	0.00610808909236846	84
CLPB	ENSG00000162129	Q61 cystic kidney disease	icd_first_occurrence	735	pLoF	0.570175806322333	0.406840707569544	0.997421543363827	-0.0402522504312232	48
IFT122	ENSG00000163913	N23 unspecified renal colic	icd_first_occurrence	4304	pLoF	0.570583736061438	0.838519128222036	0.373248100419491	0.00268879312086789	101
KIAA0586	ENSG00000100578	Q60 renal agenesis / reduction defects	icd_first_occurrence	199	pLoF	0.570682652644428	0.686763162043209	0.416230345723863	0.0114599105503199	111
CRB2	ENSG00000148204	C64 Malignant neoplasm of kidney	icd10	985	pLoF	0.571274979407063	0.491888414476395	0.427234345551637	0.01156368293799	98
CC2D2A	ENSG00000048342	N20 calculus of kidney and ureter	icd_first_occurrence	5879	pLoF	0.571476524959237	0.374601939743037	0.783002906967559	-0.00877316666518133	136
CTLA4	ENSG00000163599	Creatinine	continuous	376624	pLoF	0.5722495144779	0.415925141227837	0.788465470515612	-0.0145837405285473	3
FAAP100	ENSG00000185504	Microalbumin in urine	continuous	119013	pLoF	0.572918561860469	0.398908732734416	0.375658850790513	0.00384210125606633	61
SDCCAG8	ENSG00000054282	N17 acute renal failure	icd_first_occurrence	7312	pLoF	0.573120809485317	0.860464471190216	0.378962002811736	0.00298090282707844	59
DYNC2LI1	ENSG00000138036	Creatinine (enzymatic) in urine	continuous	383774	pLoF	0.573696500868382	0.984816289222412	0.392474325471371	3.06937097666059e-05	26
TTC8	ENSG00000165533	N17 acute renal failure	icd_first_occurrence	7312	pLoF	0.573697874694212	0.372991204571222	0.398794140554581	0.0217885529933576	28
ZNF699	ENSG00000196110	Creatinine (enzymatic) in urine	continuous	383774	pLoF	0.573811994964622	0.610486770620164	0.403831489001554	0.00204407636469176	18
BUD23	ENSG00000071462	Creatinine (enzymatic) in urine	continuous	383774	pLoF	0.573893010491097	0.587766005938136	0.374270477369965	0.00158084620539172	39
IFT27	ENSG00000100360	Cystatin C	continuous	376784	pLoF	0.574201869085394	0.392303532253117	0.71156019371804	0.00181816425456173	20
DNAJC30	ENSG00000176410	Microalbumin in urine	continuous	119013	pLoF	0.574652450220361	0.381296698746987	0.67079090742788	-0.0104092626010174	18
CRB2	ENSG00000148204	N18 chronic renal failure	icd_first_occurrence	14086	pLoF	0.575489932780241	0.426862635727045	0.820543672972845	-0.00361970594701774	98
KIAA0586	ENSG00000100578	N19 unspecified renal failure	icd_first_occurrence	2345	pLoF	0.575933834036711	0.418294738627999	0.573707110085375	0.00673653872816161	111
CRB2	ENSG00000148204	I12 hypertensive renal disease	icd_first_occurrence	1513	pLoF	0.576283968799846	0.894079117620306	0.42365149858956	-0.00178018886628279	98
MLXIPL	ENSG00000009950	Microalbumin in urine	continuous	119013	pLoF	0.576691726604893	0.550834525833876	0.387157771751502	0.00386769321216003	41
NPHP1	ENSG00000144061	N28 other disorders of kidney and ureter	icd_first_occurrence	5275	pLoF	0.576880090904277	0.371803520715431	0.369480735787465	0.0220749884489866	37
ARL6	ENSG00000113966	N17 acute renal failure	icd_first_occurrence	7312	pLoF	0.577796943527135	0.372477959059433	0.999859486818876	-0.0414151065962188	13
FANCI	ENSG00000140525	N08 glomerular disorders in dis. class. elsewhere	icd_first_occurrence	531	pLoF	0.578381629357352	0.36741509290515	1.0	-0.0401293581409645	124
LAMB2	ENSG00000172037	Cystatin C	continuous	376784	pLoF	0.578593275377925	0.775954842565392	0.356492341529379	-0.000480266577876887	108
BAZ1B	ENSG00000009954	Creatinine (enzymatic) in urine	continuous	383774	pLoF	0.578698694100668	0.395390316855916	0.759987145894046	0.00423971524673793	18
FAH	ENSG00000103876	Cystatin C	continuous	376784	pLoF	0.57901323826061	0.583056745454788	0.400636585922622	0.000857660372000315	33
MKS1	ENSG00000011143	N20 calculus of kidney and ureter	icd_first_occurrence	5879	pLoF	0.579559232874719	0.657058663509395	0.373873647829928	0.00862526939611671	48
TMEM270	ENSG00000175877	C64 Malignant neoplasm of kidney	icd10	985	pLoF	0.581270207190273	0.383083398943899	0.996666097569469	-0.0399219958499469	23
FANCE	ENSG00000112039	Creatinine	continuous	376624	pLoF	0.581312025714708	0.39394988495485	0.954553258505176	0.00188502692734076	38
C4A	ENSG00000244731	Creatinine (enzymatic) in urine	continuous	383774	pLoF	0.582330215362036	0.737395663804479	0.379749786774584	-0.00167040506271247	19
FANCL	ENSG00000115392	N20 calculus of kidney and ureter	icd_first_occurrence	5879	pLoF	0.582407125588313	0.480762230085331	0.468805861387781	0.00430197546683517	53
TMEM237	ENSG00000155755	Urea	continuous	376551	pLoF	0.583600970897896	0.378355560731836	0.42633336591358	-0.00158992761559995	44
UBAC2	ENSG00000134882	N28 other disorders of kidney and ureter	icd_first_occurrence	5275	pLoF	0.584002617678687	0.376951966018352	0.999891596842781	-0.0405898374630353	21
FANCL	ENSG00000115392	N18 chronic renal failure	icd_first_occurrence	14086	pLoF	0.585105178187093	0.471531898438321	0.596072103925702	-0.00288314224943389	53
TTC8	ENSG00000165533	N18 chronic renal failure	icd_first_occurrence	14086	pLoF	0.585431844053353	0.383249842810471	0.719406917697248	0.0173950689246423	28
HRAS	ENSG00000174775	N28 other disorders of kidney and ureter	icd_first_occurrence	5275	pLoF	0.585448544221841	0.467132506681731	0.61232715731769	-0.0206760305442641	10
BBS4	ENSG00000140463	C64 Malignant neoplasm of kidney	icd10	985	pLoF	0.585483613191664	0.387372973315221	1.0	-0.0402212517598397	48
NOD2	ENSG00000167207	N28 other disorders of kidney and ureter	icd_first_occurrence	5275	pLoF	0.585895861586718	0.988252760591617	0.374645814409262	-0.000137776856354863	53
NPHP1	ENSG00000144061	I12 hypertensive renal disease	icd_first_occurrence	1513	pLoF	0.586534794379665	0.380273073161297	0.999989189685494	-0.0402936100191773	37
CLIP2	ENSG00000106665	N23 unspecified renal colic	icd_first_occurrence	4304	pLoF	0.587868922165607	0.82577996333748	0.380205457240556	0.00922611214867013	36
BBS2	ENSG00000125124	Creatinine (enzymatic) in urine	continuous	383774	pLoF	0.588548971993179	0.401092247850467	0.441314673897267	-0.00108720040843154	63
APC2	ENSG00000115266	N20 calculus of kidney and ureter	icd_first_occurrence	5879	pLoF	0.588602418763215	0.375904557614183	1.0	-0.0374041304584706	36
GTF2IRD2	ENSG00000196275	N17 acute renal failure	icd_first_occurrence	7312	pLoF	0.588714853547291	0.938043449847609	0.390710161221385	0.00303889384384304	19
CFAP418	ENSG00000156172	N18 chronic renal failure	icd_first_occurrence	14086	pLoF	0.589529927149409	0.768514458136075	0.390057281327417	-0.00733186013136349	25
COL7A1	ENSG00000114270	Q60 renal agenesis / reduction defects	icd_first_occurrence	199	pLoF	0.590152392360761	0.383803060893604	1.0	-0.0401485715429079	229
ALG5	ENSG00000120697	N17 acute renal failure	icd_first_occurrence	7312	pLoF	0.590639097362825	0.38802699027691	0.999999538660422	-0.0413400021805815	21
DNAJB11	ENSG00000090520	Urea	continuous	376551	pLoF	0.591324607375205	0.942487577894293	0.376751181397017	0.000396106995152351	25
TBX1	ENSG00000184058	Urea	continuous	376551	pLoF	0.59200770588061	0.397154429039128	0.489971743208529	0.00643962909421155	13
MKS1	ENSG00000011143	Cystatin C	continuous	376784	pLoF	0.592025319451391	0.94640211057532	0.385144324378519	-0.000145271919509783	48
IFT27	ENSG00000100360	C64 Malignant neoplasm of kidney	icd10	985	pLoF	0.592402762163885	0.408590084788408	0.997521967546274	-0.0402642431144832	20
FAAP100	ENSG00000185504	N18 chronic renal failure	icd_first_occurrence	14086	pLoF	0.592552113260102	0.947437473351379	0.397402542146948	-0.000835611765792352	61
FANCC	ENSG00000158169	N17 acute renal failure	icd_first_occurrence	7312	pLoF	0.592951324551587	0.406584763443042	0.870629824644997	-0.00903444354486862	46
BRIP1	ENSG00000136492	Creatinine (enzymatic) in urine	continuous	383774	pLoF	0.593155339485494	0.389420323907398	0.986787656568106	0.00119751424268906	88
ERAP1	ENSG00000164307	Urea	continuous	376551	pLoF	0.594053374779314	0.617497701034784	0.4609622277867	0.000334137015131409	74
MMACHC	ENSG00000132763	N04 nephrotic syndrome	icd_first_occurrence	242	pLoF	0.594198988536512	0.480641946407643	0.552154556647567	-0.0409312174032355	15
BBS4	ENSG00000140463	Creatinine (enzymatic) in urine	continuous	383774	pLoF	0.594626182590096	0.394969072613174	0.85027384058319	0.00184637493225397	48
BRCA2	ENSG00000139618	Creatinine	continuous	376624	pLoF	0.594635929842889	0.370679526354385	0.404398252932623	0.000784777836221705	280
BBS9	ENSG00000122507	Q61 cystic kidney disease	icd_first_occurrence	735	pLoF	0.595629356430429	0.380047064451364	1.0	-0.0401681056298773	61
BBS1	ENSG00000174483	Cystatin C	continuous	376784	pLoF	0.596578988618389	0.382648269707724	0.90109290095949	-0.00272154414879789	48
XRCC2	ENSG00000196584	Creatinine (enzymatic) in urine	continuous	383774	pLoF	0.597132009032334	0.397963388885628	0.597836256874975	0.00210076599203125	23
BBS1	ENSG00000174483	N23 unspecified renal colic	icd_first_occurrence	4304	pLoF	0.597361936174457	0.658433658428099	0.384337194738191	0.0137665688422542	48
NEK8	ENSG00000160602	Q61 cystic kidney disease	icd_first_occurrence	735	pLoF	0.597489783254717	0.653855243646873	0.40179259841381	0.0224890673049711	39
WDR35	ENSG00000118965	Q61 cystic kidney disease	icd_first_occurrence	735	pLoF	0.597590598324035	0.380486717929779	1.0	-0.0401482075764526	90
NOD2	ENSG00000167207	Creatinine (enzymatic) in urine	continuous	383774	pLoF	0.599013788821199	0.3857187276851	0.583984784537859	0.00154850731788882	53
MKS1	ENSG00000011143	C64 Malignant neoplasm of kidney	icd10	985	pLoF	0.599458253977691	0.391600670597979	1.0	-0.0402180748552832	48
WDR35	ENSG00000118965	Urea	continuous	376551	pLoF	0.599501793110598	0.383195222673605	0.693095477983822	0.00157945353080626	90
AMOTL1	ENSG00000166025	N18 chronic renal failure	icd_first_occurrence	14086	pLoF	0.60038334533787	0.390620203352368	0.556671095922643	-0.0179744043649424	38
CC2D2A	ENSG00000048342	N04 nephrotic syndrome	icd_first_occurrence	242	pLoF	0.600708473103357	0.733650953005696	0.401966725930103	0.0161400348889014	136
CPT2	ENSG00000157184	N17 acute renal failure	icd_first_occurrence	7312	pLoF	0.601130214561394	0.395029686478076	0.886079643325994	-0.0154420707249679	39
COG1	ENSG00000166685	Q61 cystic kidney disease	icd_first_occurrence	735	pLoF	0.601399609677663	0.411732970073248	0.999854331226012	-0.0397520717154056	64
C4A	ENSG00000244731	Cystatin C	continuous	376784	pLoF	0.602161432674005	0.395136979637461	0.623686983469056	0.00394016584884897	19
FANCG	ENSG00000221829	N18 chronic renal failure	icd_first_occurrence	14086	pLoF	0.602466309973836	0.395109130186222	0.568571010640849	0.00972735388181267	55
BBS5	ENSG00000163093	Urea	continuous	376551	pLoF	0.602992568892564	0.39258189765253	0.952393873315127	-0.00325263943545619	28
ANKS6	ENSG00000165138	Microalbumin in urine	continuous	119013	pLoF	0.602995236314839	0.417278731330738	0.394102657786676	0.00452418055938498	50
MYCN	ENSG00000134323	Creatinine (enzymatic) in urine	continuous	383774	pLoF	0.603693177745744	0.953377661100181	0.426374954815902	-0.00093443209014225	4
HNRNPK	ENSG00000165119	Creatinine (enzymatic) in urine	continuous	383774	pLoF	0.604266081606	0.443245261901926	0.663357652961003	-0.00687641190374823	4
SPP1	ENSG00000118785	N28 other disorders of kidney and ureter	icd_first_occurrence	5275	pLoF	0.604480468517558	0.488736883606199	0.825618446159219	-0.00605732148632358	16
FANCM	ENSG00000187790	Creatinine (enzymatic) in urine	continuous	383774	pLoF	0.604837374074154	0.53282207177202	0.427900212247701	0.000536489926703685	124
XRCC2	ENSG00000196584	N18 chronic renal failure	icd_first_occurrence	14086	pLoF	0.605065406814633	0.401254498999419	0.80246990084732	-0.0119891259885607	23
KYNU	ENSG00000115919	I12 hypertensive renal disease	icd_first_occurrence	1513	pLoF	0.60513501236841	0.822741806332598	0.413418826602312	-0.00792035346365414	26
PRTN3	ENSG00000196415	Creatinine (enzymatic) in urine	continuous	383774	pLoF	0.605549133343886	0.473725028695624	0.830038921428227	0.00103927334025102	28
ERCC8	ENSG00000049167	Microalbumin in urine	continuous	119013	pLoF	0.60578908175665	0.396034991514288	0.630427954159823	-0.00412315320213638	32
ALG9	ENSG00000086848	Cystatin C	continuous	376784	pLoF	0.606097478147772	0.883014542856484	0.394380946335596	-0.000452338549236808	46
TMEM231	ENSG00000205084	N17 acute renal failure	icd_first_occurrence	7312	pLoF	0.606785673505885	0.931432866620254	0.398185364388819	0.0023515001991868	31
TRIM32	ENSG00000119401	N23 unspecified renal colic	icd_first_occurrence	4304	pLoF	0.607018774167467	0.949079767750156	0.411038408253819	-0.00233913170375406	31
LZTFL1	ENSG00000163818	N20 calculus of kidney and ureter	icd_first_occurrence	5879	pLoF	0.607432426247589	0.402874396609865	0.99999934864482	-0.0409046817064912	17
C4A	ENSG00000244731	Creatinine	continuous	376624	pLoF	0.607560316489445	0.771173572198403	0.399631712596273	0.00119503454306429	19
EHMT1	ENSG00000181090	N20 calculus of kidney and ureter	icd_first_occurrence	5879	pLoF	0.608180033110472	0.437819740931245	0.973217850195936	-0.0311623928093531	14
DACT1	ENSG00000165617	Urea	continuous	376551	pLoF	0.608739196748381	0.414237417202917	0.890252612722326	-0.0034901276981865	22
NOTCH2	ENSG00000134250	N20 calculus of kidney and ureter	icd_first_occurrence	5879	pLoF	0.608894133127026	0.39377665526493	1.0	-0.0370233243363916	39
ERCC4	ENSG00000175595	Creatinine (enzymatic) in urine	continuous	383774	pLoF	0.608941810568148	0.396649823572327	0.688779644762341	-0.00217388550257467	49
CFAP418	ENSG00000156172	N23 unspecified renal colic	icd_first_occurrence	4304	pLoF	0.60896149634124	0.40547625439334	0.999996972315073	-0.0400131231943656	25
COL7A1	ENSG00000114270	N17 acute renal failure	icd_first_occurrence	7312	pLoF	0.608965881062743	0.529091980430308	0.398284343936493	-0.00472617670548111	229
KYNU	ENSG00000115919	N20 calculus of kidney and ureter	icd_first_occurrence	5879	pLoF	0.608985799276474	0.412092049688754	0.961473832837402	-0.0152275916620503	26
NEK8	ENSG00000160602	Creatinine	continuous	376624	pLoF	0.609005486303631	0.499270525460498	0.409943964557508	-0.0011803046119188	39
APC2	ENSG00000115266	N28 other disorders of kidney and ureter	icd_first_occurrence	5275	pLoF	0.609896649540581	0.389148286705107	1.0	-0.0375446336577606	36
IFNGR1	ENSG00000027697	Creatinine	continuous	376624	pLoF	0.610554242601254	0.810356315222847	0.404826662948963	0.00129513075129494	13
IFT140	ENSG00000187535	N20 calculus of kidney and ureter	icd_first_occurrence	5879	pLoF	0.610794607041697	0.4144467304084	0.947385513907102	-0.00925392261486746	82
ALMS1	ENSG00000116127	N26 unspecified contracted kidney	icd_first_occurrence	176	pLoF	0.611928952817698	0.38300143138458	1.0	-0.0401163928645296	271
UBAC2	ENSG00000134882	N18 chronic renal failure	icd_first_occurrence	14086	pLoF	0.611960361522569	0.401716150744161	0.99999959442935	-0.0232666871810654	21
BBS12	ENSG00000181004	Microalbumin in urine	continuous	119013	pLoF	0.614216353978584	0.763901934213039	0.441533468844585	0.00447202513922012	10
LAMA5	ENSG00000130702	N17 acute renal failure	icd_first_occurrence	7312	pLoF	0.614243264558531	0.38193783268954	0.995654721537865	-0.00928989014097814	267
ANKS6	ENSG00000165138	I12 hypertensive renal disease	icd_first_occurrence	1513	pLoF	0.614438032104538	0.401377832785888	1.0	-0.0398440486365021	50
BBS4	ENSG00000140463	N17 acute renal failure	icd_first_occurrence	7312	pLoF	0.614474110310324	0.839521631627305	0.410043351872901	0.00338228695096587	48
NOTCH2	ENSG00000134250	Microalbumin in urine	continuous	119013	pLoF	0.614849888279812	0.73956179059403	0.404217442143545	0.0026743515993386	39
APC2	ENSG00000115266	Urea	continuous	376551	pLoF	0.615273791169607	0.394667793404832	0.530096799633861	0.00412855764734136	36
CLIP2	ENSG00000106665	Cystatin C	continuous	376784	pLoF	0.615390010528969	0.393517692299512	0.581641106653827	0.00351782033653922	36
ERCC4	ENSG00000175595	N23 unspecified renal colic	icd_first_occurrence	4304	pLoF	0.615461761450448	0.401543809334121	0.967185611277013	-0.0218850467311968	49
NOD2	ENSG00000167207	Creatinine	continuous	376624	pLoF	0.616087910166366	0.859032277980169	0.401053601944506	-0.000268290823526475	53
BRCA2	ENSG00000139618	N04 nephrotic syndrome	icd_first_occurrence	242	pLoF	0.61611947889083	0.387534831369181	1.0	-0.0389219993802417	280
RFWD3	ENSG00000168411	I12 hypertensive renal disease	icd_first_occurrence	1513	pLoF	0.616609209572078	0.397382658779814	1.0	-0.0402851972017782	59
BUD23	ENSG00000071462	N28 other disorders of kidney and ureter	icd_first_occurrence	5275	pLoF	0.616832847069373	0.410775721338416	1.0	-0.0223017613583035	39
FKBP6	ENSG00000077800	Q61 cystic kidney disease	icd_first_occurrence	735	pLoF	0.617491266384545	0.446135740365119	0.906783745484344	-0.040297625821678	26
BRIP1	ENSG00000136492	C64 Malignant neoplasm of kidney	icd10	985	pLoF	0.617585569493565	0.4545462845403	0.403376869732729	0.0205190648837237	88
ERAP1	ENSG00000164307	Q60 renal agenesis / reduction defects	icd_first_occurrence	199	pLoF	0.617770408191545	0.48375526114836	0.776817103630597	-0.0217990169551734	74
WDPCP	ENSG00000143951	N23 unspecified renal colic	icd_first_occurrence	4304	pLoF	0.618468753437134	0.992458184144852	0.39558729522635	-3.65074723338453e-05	56
IFT172	ENSG00000138002	Urea	continuous	376551	pLoF	0.618972547230592	0.513909176427983	0.391991682323848	-0.00106055824192344	123
IFT172	ENSG00000138002	N08 glomerular disorders in dis. class. elsewhere	icd_first_occurrence	531	pLoF	0.619248143120779	0.390625511245346	1.0	-0.0400067095978345	123
SPP1	ENSG00000118785	Q61 cystic kidney disease	icd_first_occurrence	735	pLoF	0.621172781468014	0.504237243642761	0.69074874211752	-0.0156752218394823	16
BAZ1B	ENSG00000009954	Microalbumin in urine	continuous	119013	pLoF	0.621401365145207	0.622412756533838	0.425559468396334	0.00485379501331714	18
WDPCP	ENSG00000143951	C64 Malignant neoplasm of kidney	icd10	985	pLoF	0.621651852017917	0.399399303526367	1.0	-0.0402018592055553	56
NUP107	ENSG00000111581	C64 Malignant neoplasm of kidney	icd10	985	pLoF	0.622209823957966	0.398184655769341	1.0	-0.0397283442692831	69
FANCL	ENSG00000115392	Creatinine (enzymatic) in urine	continuous	383774	pLoF	0.622461513289756	0.510360917939408	0.706021870523405	-0.000456186918680568	53
TMEM67	ENSG00000164953	Urea	continuous	376551	pLoF	0.622558275181564	0.40888232916969	0.638271518333381	0.000990912060406361	86
MKKS	ENSG00000125863	Microalbumin in urine	continuous	119013	pLoF	0.623030097512541	0.705551575449424	0.411547804474433	-0.00227173566220181	37
FANCM	ENSG00000187790	Urea	continuous	376551	pLoF	0.623349461661538	0.981175151687186	0.444638892694433	-1.82498863380559e-05	124
COG1	ENSG00000166685	N18 chronic renal failure	icd_first_occurrence	14086	pLoF	0.625259277531258	0.671269067521675	0.429098555766267	-0.00458778429586101	64
AMOTL1	ENSG00000166025	N19 unspecified renal failure	icd_first_occurrence	2345	pLoF	0.626398124302933	0.415611418654812	1.0	-0.0403368380261071	38
KIAA0586	ENSG00000100578	N20 calculus of kidney and ureter	icd_first_occurrence	5879	pLoF	0.626842219979016	0.468072848835342	0.998873011453326	-0.00384969733204664	111
UBAC2	ENSG00000134882	N23 unspecified renal colic	icd_first_occurrence	4304	pLoF	0.627978882404536	0.411389626496322	0.999984533341786	-0.0405535616358577	21
CPT2	ENSG00000157184	Microalbumin in urine	continuous	119013	pLoF	0.628480620149118	0.418784984671674	0.902641022364008	-0.00371142593848228	39
FANCG	ENSG00000221829	N28 other disorders of kidney and ureter	icd_first_occurrence	5275	pLoF	0.628876294081341	0.701617704627996	0.415572042125886	-0.00686476901015836	55
TMEM216	ENSG00000187049	N19 unspecified renal failure	icd_first_occurrence	2345	pLoF	0.630046886283884	0.642946725276506	0.482916883330881	0.0150292452873347	13
HLA-DPB1	ENSG00000223865	Urea	continuous	376551	pLoF	0.630119244346424	0.550825724347249	0.422034184989716	0.00168089982188955	30
MLXIPL	ENSG00000009950	N20 calculus of kidney and ureter	icd_first_occurrence	5879	pLoF	0.630205290035441	0.418213385640315	0.824863500027563	-0.0216879897889322	41
BBS5	ENSG00000163093	N19 unspecified renal failure	icd_first_occurrence	2345	pLoF	0.630545410477904	0.417256471303743	1.0	-0.0399872386386035	28
FANCG	ENSG00000221829	Cystatin C	continuous	376784	pLoF	0.630683134302324	0.417463619772022	0.459354400993161	-0.00152445514105793	55
DYNC2I1	ENSG00000126870	Q61 cystic kidney disease	icd_first_occurrence	735	pLoF	0.630799849038431	0.408266072990282	1.0	-0.0401645632147688	87
CPT2	ENSG00000157184	C64 Malignant neoplasm of kidney	icd10	985	pLoF	0.63097176286373	0.42011085926908	1.0	-0.0391477136397841	39
CILK1	ENSG00000112144	N20 calculus of kidney and ureter	icd_first_occurrence	5879	pLoF	0.631082762576886	0.414200843580447	0.908854737883509	-0.0214970471005734	46
SMC3	ENSG00000108055	Cystatin C	continuous	376784	pLoF	0.631243961931676	0.59002209749538	0.401970453093565	-0.00349899619326119	25
BRCA1	ENSG00000012048	N08 glomerular disorders in dis. class. elsewhere	icd_first_occurrence	531	pLoF	0.631463991276528	0.403301709039728	1.0	-0.0401432392274897	141
INVS	ENSG00000119509	N20 calculus of kidney and ureter	icd_first_occurrence	5879	pLoF	0.632215121791887	0.415788986230863	0.78376149868967	-0.0121464542201027	84
LAMB2	ENSG00000172037	N28 other disorders of kidney and ureter	icd_first_occurrence	5275	pLoF	0.632543182616092	0.951279004854266	0.398479717962897	0.000971814875350179	108
DYNC2LI1	ENSG00000138036	C64 Malignant neoplasm of kidney	icd10	985	pLoF	0.633061380562028	0.450705771445293	0.994882203774819	-0.0402114237255966	26
TTC8	ENSG00000165533	Urea	continuous	376551	pLoF	0.633273886976362	0.424276808961423	0.47840989167627	-0.00276518975185995	28
IFT74	ENSG00000096872	C64 Malignant neoplasm of kidney	icd10	985	pLoF	0.634006251501981	0.482960345215368	0.897281166141139	-0.015968256529592	24
MMACHC	ENSG00000132763	Q60 renal agenesis / reduction defects	icd_first_occurrence	199	pLoF	0.63445157791524	0.518317463082551	0.598247916505184	-0.0409248613439043	15
NOD2	ENSG00000167207	C64 Malignant neoplasm of kidney	icd10	985	pLoF	0.63486073149081	0.895377540807705	0.416163091435694	-0.00469165423993698	53
UBE2T	ENSG00000077152	N17 acute renal failure	icd_first_occurrence	7312	pLoF	0.634955676201914	0.433513614629714	0.998229710218433	-0.0324993372909118	14
HLA-DPB1	ENSG00000223865	N18 chronic renal failure	icd_first_occurrence	14086	pLoF	0.635204921612175	0.423334874802682	0.942539189978497	-0.0130923592447433	30
HNRNPK	ENSG00000165119	N18 chronic renal failure	icd_first_occurrence	14086	pLoF	0.635299826896964	0.470205326104818	0.933908556335676	-0.041807383498148	4
ARL6	ENSG00000113966	N20 calculus of kidney and ureter	icd_first_occurrence	5879	pLoF	0.636055684774593	0.425520471428267	0.999946818200344	-0.0408547910589946	13
KIAA0753	ENSG00000198920	I12 hypertensive renal disease	icd_first_occurrence	1513	pLoF	0.636207022106657	0.490593032298259	0.422665488952038	0.0127750709675317	82
MMP1	ENSG00000196611	N08 glomerular disorders in dis. class. elsewhere	icd_first_occurrence	531	pLoF	0.636252334770463	0.464849719450749	0.91744514734502	-0.0145046432572966	34
HLA-DPB1	ENSG00000223865	I12 hypertensive renal disease	icd_first_occurrence	1513	pLoF	0.636583228185463	0.428600240980878	0.999999975294891	-0.03828819496483	30
FANCD2	ENSG00000144554	N04 nephrotic syndrome	icd_first_occurrence	242	pLoF	0.636634881290654	0.432406393184176	1.0	-0.0402093492082397	106
BBS2	ENSG00000125124	C64 Malignant neoplasm of kidney	icd10	985	pLoF	0.636756800499212	0.441162991550643	0.996075442204785	-0.0213593049242306	63
CLCNKB	ENSG00000184908	Q61 cystic kidney disease	icd_first_occurrence	735	pLoF	0.636772867200716	0.415268611449472	1.0	-0.0354769916051066	67
TRIM32	ENSG00000119401	N19 unspecified renal failure	icd_first_occurrence	2345	pLoF	0.637201155123883	0.438602746689003	0.999999962779697	-0.0403773401893966	31
CEP290	ENSG00000198707	N18 chronic renal failure	icd_first_occurrence	14086	pLoF	0.637377676557874	0.953030455071456	0.414369695998715	-0.000265888835254312	253
GSN	ENSG00000148180	Creatinine	continuous	376624	pLoF	0.637684932246993	0.947367631686235	0.418913342531559	-0.000147151074845055	44
KYNU	ENSG00000115919	Q61 cystic kidney disease	icd_first_occurrence	735	pLoF	0.637980230775306	0.437828909300222	0.997346923646073	-0.0402536070419682	26
NCF1	ENSG00000158517	Creatinine (enzymatic) in urine	continuous	383774	pLoF	0.638309212221208	0.457953943981232	0.596201186981492	-0.00281838613675183	15
COL7A1	ENSG00000114270	N28 other disorders of kidney and ureter	icd_first_occurrence	5275	pLoF	0.638503570160872	0.875537102581045	0.423847192460848	0.00138279834575807	229
EHMT1	ENSG00000181090	N28 other disorders of kidney and ureter	icd_first_occurrence	5275	pLoF	0.63886402384275	0.468332897440571	0.986077101640634	-0.0303949353321384	14
LAMA5	ENSG00000130702	C64 Malignant neoplasm of kidney	icd10	985	pLoF	0.638882927675363	0.888183019922981	0.4093455213346	0.0039363970563953	267
IFT74	ENSG00000096872	N20 calculus of kidney and ureter	icd_first_occurrence	5879	pLoF	0.639483733925728	0.48848019908483	0.60550204553051	0.00656570322082326	24
NOTCH2	ENSG00000134250	N28 other disorders of kidney and ureter	icd_first_occurrence	5275	pLoF	0.640231108881456	0.418958963735549	1.0	-0.0362813414961098	39
INVS	ENSG00000119509	N08 glomerular disorders in dis. class. elsewhere	icd_first_occurrence	531	pLoF	0.640885718471315	0.425152381420238	1.0	-0.0401751556151976	84
BBS7	ENSG00000138686	C64 Malignant neoplasm of kidney	icd10	985	pLoF	0.641160969396886	0.422227689941222	1.0	-0.040224946300932	39
RFC2	ENSG00000049541	C64 Malignant neoplasm of kidney	icd10	985	pLoF	0.641815575502821	0.600675718045744	0.445444085448393	0.0272448619311159	25
TMEM270	ENSG00000175877	Q61 cystic kidney disease	icd_first_occurrence	735	pLoF	0.642093776549835	0.437987225219096	0.998323118187247	-0.0396903257759663	23
FANCE	ENSG00000112039	N19 unspecified renal failure	icd_first_occurrence	2345	pLoF	0.642116131763206	0.446658495124088	0.461836321807511	0.0271763676504378	38
COL7A1	ENSG00000114270	N23 unspecified renal colic	icd_first_occurrence	4304	pLoF	0.642379178944687	0.618341792514151	0.428679161388393	0.00486013946924247	229
TMEM231	ENSG00000205084	N18 chronic renal failure	icd_first_occurrence	14086	pLoF	0.642791170821918	0.428751509298687	0.881542736782101	-0.0171295302626499	31
CEP290	ENSG00000198707	N28 other disorders of kidney and ureter	icd_first_occurrence	5275	pLoF	0.643579541368397	0.419549591460942	0.869742181210922	-0.00573589399492891	253
BRD4	ENSG00000141867	N18 chronic renal failure	icd_first_occurrence	14086	pLoF	0.643612490721193	0.470708529838265	0.96484356693318	-0.0325075586825784	9
NPHP3	ENSG00000113971	N04 nephrotic syndrome	icd_first_occurrence	242	pLoF	0.643711868068749	0.430004861383121	1.0	-0.0402251764892814	115
TTC8	ENSG00000165533	Microalbumin in urine	continuous	119013	pLoF	0.644117719847007	0.688397773801874	0.435736818647162	-0.00260011934554774	28
CEP290	ENSG00000198707	N20 calculus of kidney and ureter	icd_first_occurrence	5879	pLoF	0.645585953754097	0.421576912997941	0.752416432588493	-0.00544740575394502	253
IFT140	ENSG00000187535	Creatinine (enzymatic) in urine	continuous	383774	pLoF	0.645705490478789	0.450453300520012	0.510988934390826	0.000947977731067334	82
NEK8	ENSG00000160602	I12 hypertensive renal disease	icd_first_occurrence	1513	pLoF	0.645744726415613	0.548052797286793	0.44364613330909	0.0205294081293318	39
SCLT1	ENSG00000151466	Cystatin C	continuous	376784	pLoF	0.646439043880868	0.54539181292747	0.430547305022479	-0.0018418378954437	29
IFT140	ENSG00000187535	N04 nephrotic syndrome	icd_first_occurrence	242	pLoF	0.647274281850819	0.454158771294599	0.999995247546424	-0.0403869422707372	82
BAZ1B	ENSG00000009954	N23 unspecified renal colic	icd_first_occurrence	4304	pLoF	0.647792058866113	0.446808284617144	0.998783348125576	-0.0398532703750377	18
SCLT1	ENSG00000151466	N28 other disorders of kidney and ureter	icd_first_occurrence	5275	pLoF	0.648173086840626	0.990137106381646	0.431098014199363	0.000215549746646268	29
GTF2IRD2	ENSG00000196275	Creatinine	continuous	376624	pLoF	0.648369902256538	0.662462932610462	0.440056615048642	-0.00182728280647247	19
MMUT	ENSG00000146085	Q61 cystic kidney disease	icd_first_occurrence	735	pLoF	0.648641635931223	0.426996169842689	1.0	-0.0398195119016561	59
ARL6	ENSG00000113966	Urea	continuous	376551	pLoF	0.649052458380123	0.697359628024218	0.442328383091564	0.00234989119774044	13
BBS12	ENSG00000181004	N17 acute renal failure	icd_first_occurrence	7312	pLoF	0.64917262400117	0.457162298696646	0.9805473652534	-0.0411334034151665	10
BBS10	ENSG00000179941	Microalbumin in urine	continuous	119013	pLoF	0.649354302026759	0.539499044312941	0.54394764733532	0.00311434285245021	14
TRIM32	ENSG00000119401	N20 calculus of kidney and ureter	icd_first_occurrence	5879	pLoF	0.649828110683985	0.678933496036822	0.446286777374666	0.0133334926744978	31
CC2D2A	ENSG00000048342	Microalbumin in urine	continuous	119013	pLoF	0.649858502948505	0.56239170035526	0.441914787204643	0.00122219289861114	136
BBIP1	ENSG00000214413	N28 other disorders of kidney and ureter	icd_first_occurrence	5275	pLoF	0.649917989694571	0.501350216665168	0.959746495156028	-0.0276523580152187	8
PRTN3	ENSG00000196415	N04 nephrotic syndrome	icd_first_occurrence	242	pLoF	0.650277031842278	0.519533985648797	0.678965563063698	-0.0406353742916978	28
ERCC6	ENSG00000225830	Cystatin C	continuous	376784	pLoF	0.650896876123757	0.920810694829506	0.422109151453047	-0.000103285216099596	116
FANCG	ENSG00000221829	N19 unspecified renal failure	icd_first_occurrence	2345	pLoF	0.651055987133822	0.436845183643921	0.999556079704583	-0.0214466139828823	55
TSC2	ENSG00000103197	Urea	continuous	376551	pLoF	0.651352157329708	0.575104841543046	0.70772623450382	0.000547236628848724	26
MMACHC	ENSG00000132763	Creatinine (enzymatic) in urine	continuous	383774	pLoF	0.651962444681508	0.881054922607346	0.536310544395493	0.000203566299922625	15
MMP1	ENSG00000196611	I12 hypertensive renal disease	icd_first_occurrence	1513	pLoF	0.652716230852419	0.479158640672965	0.86973982644469	0.00840524545906761	34
TMEM231	ENSG00000205084	N19 unspecified renal failure	icd_first_occurrence	2345	pLoF	0.653058253347928	0.436089502829631	1.0	-0.0393594760140419	31
ERCC6	ENSG00000225830	Q61 cystic kidney disease	icd_first_occurrence	735	pLoF	0.653295700105661	0.425817220736467	0.932917646648035	-0.0214351849525663	116
NOD2	ENSG00000167207	Microalbumin in urine	continuous	119013	pLoF	0.653749805568035	0.439269948353504	0.532468472872285	0.0025669774248022	53
CLPB	ENSG00000162129	N17 acute renal failure	icd_first_occurrence	7312	pLoF	0.653951283202988	0.480202640325835	0.831810675717287	-0.0110255139641174	48
BBIP1	ENSG00000214413	N20 calculus of kidney and ureter	icd_first_occurrence	5879	pLoF	0.654094493454679	0.508007512323363	0.952487858610086	-0.0281272539853369	8
C4A	ENSG00000244731	N20 calculus of kidney and ureter	icd_first_occurrence	5879	pLoF	0.654665276433991	0.841676068159299	0.444251743234098	0.00792110700129279	19
MMP1	ENSG00000196611	Microalbumin in urine	continuous	119013	pLoF	0.654742557014229	0.48153781234679	0.524350605860862	0.000917571187767784	34
GSN	ENSG00000148180	N17 acute renal failure	icd_first_occurrence	7312	pLoF	0.654748911870122	0.434179422271775	0.452908641490161	0.0161513169674968	44
BBS10	ENSG00000179941	Creatinine	continuous	376624	pLoF	0.655778104725661	0.854312954964503	0.523604657807234	0.000400783955653331	14
BBS10	ENSG00000179941	Q61 cystic kidney disease	icd_first_occurrence	735	pLoF	0.655950028873545	0.528823669426904	0.670798941903879	-0.0403192378120613	14
TSC2	ENSG00000103197	Microalbumin in urine	continuous	119013	pLoF	0.656251731145743	0.659622288574643	0.568949001020447	-0.00079621207270333	26
DNAJB11	ENSG00000090520	N20 calculus of kidney and ureter	icd_first_occurrence	5879	pLoF	0.656409288786694	0.433575447958344	1.0	-0.0406733638673638	25
HLA-DPA1	ENSG00000231389	C64 Malignant neoplasm of kidney	icd10	985	pLoF	0.656430483152724	0.753333715514788	0.458651154106848	0.0133764263722002	22
APOA1	ENSG00000118137	N17 acute renal failure	icd_first_occurrence	7312	pLoF	0.657364858125117	0.450299707504619	0.999991925172912	-0.0411062017759631	17
TMEM270	ENSG00000175877	N17 acute renal failure	icd_first_occurrence	7312	pLoF	0.657459945707525	0.449299132364442	0.833893864074113	-0.0125630218685009	23
COL7A1	ENSG00000114270	N25 impaired renal tubular function	icd_first_occurrence	160	pLoF	0.658022700594186	0.439969667868742	1.0	-0.0402447903649031	229
C4A	ENSG00000244731	N28 other disorders of kidney and ureter	icd_first_occurrence	5275	pLoF	0.658080168406672	0.446151899738759	1.0	-0.0356702040197849	19
XRCC2	ENSG00000196584	C64 Malignant neoplasm of kidney	icd10	985	pLoF	0.659090894986385	0.451681448836899	0.999853789334218	-0.0402265847105426	23
INVS	ENSG00000119509	Urea	continuous	376551	pLoF	0.659156277584153	0.441945575879605	0.521654926758071	0.00132935691176657	84
NCF1	ENSG00000158517	N19 unspecified renal failure	icd_first_occurrence	2345	pLoF	0.659165881030185	0.477862791166364	0.996954254003251	-0.0403404665817694	15
NEK8	ENSG00000160602	N18 chronic renal failure	icd_first_occurrence	14086	pLoF	0.659285651455749	0.496272168759377	0.460930981215911	0.00819048416165592	39
MMACHC	ENSG00000132763	N26 unspecified contracted kidney	icd_first_occurrence	176	pLoF	0.659584664121563	0.543970364110875	0.625020926636392	-0.0409317236516432	15
BBS4	ENSG00000140463	Q61 cystic kidney disease	icd_first_occurrence	735	pLoF	0.659810350466243	0.451979370972061	1.0	-0.0401675094478484	48
SLX4	ENSG00000188827	Q63 other congenital malformations of kidney	icd_first_occurrence	452	pLoF	0.659858732248391	0.432431621214803	1.0	-0.038170938385247	100
SCLT1	ENSG00000151466	I12 hypertensive renal disease	icd_first_occurrence	1513	pLoF	0.661125810001004	0.442471624595498	0.999999547090362	-0.0403556247328754	29
SMC3	ENSG00000108055	Creatinine	continuous	376624	pLoF	0.661285428591881	0.427431044392609	0.816172366209533	-0.00457508173324057	25
IFT122	ENSG00000163913	Creatinine (enzymatic) in urine	continuous	383774	pLoF	0.661600113913524	0.934436909026965	0.454564496930314	-0.000105132140260874	101
FANCL	ENSG00000115392	Urea	continuous	376551	pLoF	0.661845940799099	0.549425222492738	0.763690189876073	-0.000423655920063299	53
TBX1	ENSG00000184058	N18 chronic renal failure	icd_first_occurrence	14086	pLoF	0.662033569721438	0.895052695100843	0.457235883382126	0.00543030106756299	13
IFT27	ENSG00000100360	Microalbumin in urine	continuous	119013	pLoF	0.662199289937774	0.878991769445469	0.472433993975082	0.000697602734477676	20
ZNF423	ENSG00000102935	Cystatin C	continuous	376784	pLoF	0.662206920617387	0.460054353109784	0.962470257751202	-0.00690868218716527	11
VPS37D	ENSG00000176428	Urea	continuous	376551	pLoF	0.662350902958999	0.456198451745404	0.489524795756118	0.00741873133641203	10
CLPB	ENSG00000162129	N08 glomerular disorders in dis. class. elsewhere	icd_first_occurrence	531	pLoF	0.662569028683203	0.487969388539004	0.999978014025875	-0.0402340977323477	48
WT1	ENSG00000184937	N18 chronic renal failure	icd_first_occurrence	14086	pLoF	0.662639008536231	0.533143048076042	0.733739275731609	-0.0426195875154981	3
DNAJC30	ENSG00000176410	N28 other disorders of kidney and ureter	icd_first_occurrence	5275	pLoF	0.663014914242631	0.453128130749763	0.999999604037611	-0.0367928252912889	18
KIAA0586	ENSG00000100578	I12 hypertensive renal disease	icd_first_occurrence	1513	pLoF	0.663581690696074	0.64712018802257	0.501001306438575	0.00475535157855288	111
FAH	ENSG00000103876	N28 other disorders of kidney and ureter	icd_first_occurrence	5275	pLoF	0.663818638307147	0.474761831116465	0.729337698741414	0.0108245308874508	33
IFT122	ENSG00000163913	N08 glomerular disorders in dis. class. elsewhere	icd_first_occurrence	531	pLoF	0.66442609737256	0.457055583780288	1.0	-0.0283042274680124	101
ERCC4	ENSG00000175595	I12 hypertensive renal disease	icd_first_occurrence	1513	pLoF	0.66459833010149	0.841958779960996	0.439466758320451	0.00844555323666081	49
BBS2	ENSG00000125124	N04 nephrotic syndrome	icd_first_occurrence	242	pLoF	0.664674290978103	0.468696453878173	1.0	-0.0403055095617015	63
KMT2D	ENSG00000167548	Urea	continuous	376551	pLoF	0.664706900278631	0.879481996643001	0.451276678858177	-0.000747506929212483	28
BRIP1	ENSG00000136492	Cystatin C	continuous	376784	pLoF	0.664724495751103	0.770477394911841	0.452830225674265	-0.000386815555722759	88
CHRM3	ENSG00000133019	N28 other disorders of kidney and ureter	icd_first_occurrence	5275	pLoF	0.66548747219209	0.480204408845045	0.97813781397395	-0.0407595805812659	13
RPGRIP1L	ENSG00000103494	Creatinine (enzymatic) in urine	continuous	383774	pLoF	0.665839699410391	0.436317686593585	0.495692426753193	-0.00137160249499008	96
DNAJB11	ENSG00000090520	N28 other disorders of kidney and ureter	icd_first_occurrence	5275	pLoF	0.666137073859193	0.436457830328677	1.0	-0.0406019827749964	25
CRB2	ENSG00000148204	Urea	continuous	376551	pLoF	0.666418718116566	0.520414770904686	0.943816218488195	0.000515299786113752	98
DACT1	ENSG00000165617	Microalbumin in urine	continuous	119013	pLoF	0.666577615177095	0.460033229945565	0.511281116043329	0.00778478965269748	22
BRCA2	ENSG00000139618	Q60 renal agenesis / reduction defects	icd_first_occurrence	199	pLoF	0.666626852484172	0.429633120646772	1.0	-0.0387582494343611	280
CRB2	ENSG00000148204	Creatinine (enzymatic) in urine	continuous	383774	pLoF	0.666812076710329	0.765605903747842	0.520739297076454	-0.000234944323283307	98
TMEM216	ENSG00000187049	Q61 cystic kidney disease	icd_first_occurrence	735	pLoF	0.667213000935826	0.527385271428757	0.734535245065541	-0.0403326405067872	13
NPHP3	ENSG00000113971	N17 acute renal failure	icd_first_occurrence	7312	pLoF	0.667341961747909	0.655261074771035	0.450152775445202	0.00412113575489795	115
APOA1	ENSG00000118137	Microalbumin in urine	continuous	119013	pLoF	0.667417200839101	0.738570398070616	0.465991516040096	0.00415980071563501	17
SH2B1	ENSG00000178188	N17 acute renal failure	icd_first_occurrence	7312	pLoF	0.667569968223002	0.468886906116454	0.999993104031001	-0.034638190450262	17
RPGRIP1L	ENSG00000103494	N08 glomerular disorders in dis. class. elsewhere	icd_first_occurrence	531	pLoF	0.667839804209202	0.439032905621916	1.0	-0.0379359937169549	96
SMC3	ENSG00000108055	Microalbumin in urine	continuous	119013	pLoF	0.66815541751757	0.964123429315271	0.469716251281624	-0.000655439352119352	25
C4A	ENSG00000244731	Microalbumin in urine	continuous	119013	pLoF	0.668428932242517	0.810210540664451	0.450492459227237	-0.00229493588150084	19
AHI1	ENSG00000135541	N28 other disorders of kidney and ureter	icd_first_occurrence	5275	pLoF	0.668928189092998	0.444897221373426	0.563347990116551	0.00910225901911211	99
ALMS1	ENSG00000116127	N28 other disorders of kidney and ureter	icd_first_occurrence	5275	pLoF	0.669127460788065	0.431822246763748	0.535158628140293	0.00633170347687656	271
FBXO22	ENSG00000167196	N19 unspecified renal failure	icd_first_occurrence	2345	pLoF	0.669296080423749	0.474071156457783	0.994468873202824	-0.0382172107487033	19
INVS	ENSG00000119509	Q63 other congenital malformations of kidney	icd_first_occurrence	452	pLoF	0.6692987942842	0.45005591337182	1.0	-0.040170933519515	84
HRAS	ENSG00000174775	C64 Malignant neoplasm of kidney	icd10	985	pLoF	0.669378637889897	0.550109911810781	0.647539124807509	-0.0403051353095472	10
SMC3	ENSG00000108055	N17 acute renal failure	icd_first_occurrence	7312	pLoF	0.669710838006943	0.448149159632859	1.0	-0.0412333792318084	25
CC2D2A	ENSG00000048342	N28 other disorders of kidney and ureter	icd_first_occurrence	5275	pLoF	0.669774670061313	0.668381277975573	0.460597053778849	0.00434622437373414	136
APC2	ENSG00000115266	N23 unspecified renal colic	icd_first_occurrence	4304	pLoF	0.67043046723204	0.445545398301125	1.0	-0.037683959495359	36
MMP1	ENSG00000196611	N23 unspecified renal colic	icd_first_occurrence	4304	pLoF	0.671847729887733	0.683464705180078	0.497511380147786	-0.00292406746068752	34
JAG1	ENSG00000101384	N18 chronic renal failure	icd_first_occurrence	14086	pLoF	0.672022031772612	0.512072355821325	0.977569716495644	-0.0287532658307055	9
SMC3	ENSG00000108055	Creatinine (enzymatic) in urine	continuous	383774	pLoF	0.672923348188724	0.437629081934054	0.662908126344578	-0.00532857024518743	25
METTL27	ENSG00000165171	N25 impaired renal tubular function	icd_first_occurrence	160	pLoF	0.673320237917978	0.48849698713204	0.996383003003084	-0.0391271228474782	21
FBXO22	ENSG00000167196	Cystatin C	continuous	376784	pLoF	0.673344595046133	0.861710649271626	0.490371015987994	0.000712827037718654	19
BBS9	ENSG00000122507	N19 unspecified renal failure	icd_first_occurrence	2345	pLoF	0.673677183518279	0.748727300056227	0.449461285598972	0.00806440964498356	61
LIMK1	ENSG00000106683	N17 acute renal failure	icd_first_occurrence	7312	pLoF	0.67391665029082	0.4604830722714	1.0	-0.0353266308940799	22
VPS37D	ENSG00000176428	Microalbumin in urine	continuous	119013	pLoF	0.673991402343136	0.53951469076108	0.54453566731362	-0.0171051792479998	10
ERCC6	ENSG00000225830	Q60 renal agenesis / reduction defects	icd_first_occurrence	199	pLoF	0.674158817543308	0.443371485131534	1.0	-0.0398754022445892	116
FANCG	ENSG00000221829	Microalbumin in urine	continuous	119013	pLoF	0.674540557429073	0.455802921764102	0.559838702814472	0.00260382862018419	55
ELN	ENSG00000049540	Creatinine	continuous	376624	pLoF	0.675055384365586	0.462970364465354	0.899005626649708	-0.00125035816346296	39
SLC7A7	ENSG00000155465	C64 Malignant neoplasm of kidney	icd10	985	pLoF	0.675055705125891	0.458022977841746	1.0	-0.0401929479088208	40
ARL6	ENSG00000113966	N28 other disorders of kidney and ureter	icd_first_occurrence	5275	pLoF	0.675087891933068	0.457555652112582	0.999992501010889	-0.0407131609342894	13
BBS12	ENSG00000181004	Cystatin C	continuous	376784	pLoF	0.675151800904904	0.473645801301567	0.862932884274049	0.00465694498263267	10
MLXIPL	ENSG00000009950	I12 hypertensive renal disease	icd_first_occurrence	1513	pLoF	0.676230638101054	0.457690362216747	1.0	-0.0402787111668029	41
CSPP1	ENSG00000104218	Urea	continuous	376551	pLoF	0.676895458971147	0.458521704861654	0.529135587374346	0.000966161736612903	113
CPT2	ENSG00000157184	N28 other disorders of kidney and ureter	icd_first_occurrence	5275	pLoF	0.677284314488235	0.459165207346294	0.570104509503925	-0.0155389729212967	39
CLCNKB	ENSG00000184908	N28 other disorders of kidney and ureter	icd_first_occurrence	5275	pLoF	0.679931760980579	0.807932007862689	0.451004187328155	0.00381509175667216	67
RPGRIP1L	ENSG00000103494	N23 unspecified renal colic	icd_first_occurrence	4304	pLoF	0.680729847286272	0.927885793249201	0.450606188162413	0.00161660239925535	96
MAD2L2	ENSG00000116670	N19 unspecified renal failure	icd_first_occurrence	2345	pLoF	0.68078408661263	0.470631163735935	0.999975897287248	-0.0403904353110875	14
CLIP2	ENSG00000106665	Microalbumin in urine	continuous	119013	pLoF	0.68081957583628	0.466859847128838	0.542430511476102	0.0065818507910912	36
EHMT1	ENSG00000181090	N23 unspecified renal colic	icd_first_occurrence	4304	pLoF	0.681431984907927	0.505121238942724	0.98836094895719	-0.0310157682734421	14
ERCC4	ENSG00000175595	C64 Malignant neoplasm of kidney	icd10	985	pLoF	0.681731861739131	0.460497313626643	1.0	-0.0402000086925885	49
IFT172	ENSG00000138002	I12 hypertensive renal disease	icd_first_occurrence	1513	pLoF	0.682204481296966	0.447784305871366	0.993031636804646	-0.0201815725270884	123
ALG5	ENSG00000120697	N28 other disorders of kidney and ureter	icd_first_occurrence	5275	pLoF	0.682676980959269	0.463837271714178	1.0	-0.0406776452919357	21
MMACHC	ENSG00000132763	N25 impaired renal tubular function	icd_first_occurrence	160	pLoF	0.682731100692341	0.565833378080349	0.657983235249896	-0.0409202346260813	15
BBS9	ENSG00000122507	N08 glomerular disorders in dis. class. elsewhere	icd_first_occurrence	531	pLoF	0.682851329890412	0.456607098753556	1.0	-0.0401567426479747	61
CHRM3	ENSG00000133019	N20 calculus of kidney and ureter	icd_first_occurrence	5879	pLoF	0.683055348644051	0.489362845229252	0.993342172887304	-0.0407790892930668	13
MYCN	ENSG00000134323	Creatinine	continuous	376624	pLoF	0.68335761504034	0.713184155747545	0.499662947428278	-0.00510102368813774	4
BRIP1	ENSG00000136492	N17 acute renal failure	icd_first_occurrence	7312	pLoF	0.684497090918302	0.472330853369932	0.809998531270459	0.00773184470888903	88
BBS7	ENSG00000138686	Microalbumin in urine	continuous	119013	pLoF	0.684992469287209	0.575745196560359	0.459716764169907	-0.00269775676049526	39
UBAC2	ENSG00000134882	Cystatin C	continuous	376784	pLoF	0.685205076435334	0.509672908153346	0.46265659539305	-0.00295367136060851	21
ANKS6	ENSG00000165138	N23 unspecified renal colic	icd_first_occurrence	4304	pLoF	0.685784449603498	0.464753950283502	0.98297560618465	-0.0197916861321947	50
ERCC8	ENSG00000049167	C64 Malignant neoplasm of kidney	icd10	985	pLoF	0.685839576918604	0.471297997409637	0.999998384318055	-0.0402067548498245	32
JAG1	ENSG00000101384	Microalbumin in urine	continuous	119013	pLoF	0.685886624286639	0.527537967733928	0.643532567306315	0.0101692993729857	9
TTC8	ENSG00000165533	I12 hypertensive renal disease	icd_first_occurrence	1513	pLoF	0.686232900312667	0.472474059814023	1.0	-0.0402776899333949	28
MMP1	ENSG00000196611	N20 calculus of kidney and ureter	icd_first_occurrence	5879	pLoF	0.686457937264343	0.864251771446641	0.51148012771495	0.00103124524739709	34
ALG9	ENSG00000086848	Urea	continuous	376551	pLoF	0.686529986758843	0.464311565571013	0.856768000767918	-0.00240188573189079	46
FANCD2	ENSG00000144554	N23 unspecified renal colic	icd_first_occurrence	4304	pLoF	0.687212768904285	0.480386662176506	0.982100741605295	-0.00838915752524858	106
CILK1	ENSG00000112144	Urea	continuous	376551	pLoF	0.68782437305288	0.460072381158842	0.813292092464948	0.00220511757300239	46
MMACHC	ENSG00000132763	I12 hypertensive renal disease	icd_first_occurrence	1513	pLoF	0.688494979256821	0.640385258562662	0.575029618380965	0.0107626207552501	15
HSD11B2	ENSG00000176387	N23 unspecified renal colic	icd_first_occurrence	4304	pLoF	0.689260179746005	0.473629363230835	0.999999916292113	-0.0358406538879301	24
FANCA	ENSG00000187741	Cystatin C	continuous	376784	pLoF	0.689313323125488	0.456631779246665	0.872574842317553	-0.000926291085020975	172
NPHP3	ENSG00000113971	Q60 renal agenesis / reduction defects	icd_first_occurrence	199	pLoF	0.689550968963379	0.469393896370396	1.0	-0.0403027373195625	115
ALG9	ENSG00000086848	I12 hypertensive renal disease	icd_first_occurrence	1513	pLoF	0.689633756083931	0.468606736231764	1.0	-0.040294170392013	46
MMUT	ENSG00000146085	N28 other disorders of kidney and ureter	icd_first_occurrence	5275	pLoF	0.689950274457805	0.462881109578874	0.974526189481401	-0.0136734903842022	59
METTL27	ENSG00000165171	N04 nephrotic syndrome	icd_first_occurrence	242	pLoF	0.690095556070772	0.79211317868785	0.504196012316761	0.0120139825128832	21
PRTN3	ENSG00000196415	Q60 renal agenesis / reduction defects	icd_first_occurrence	199	pLoF	0.691556639982399	0.558396244192001	0.762038791593674	-0.0405605899537492	28
NPHP3	ENSG00000113971	N23 unspecified renal colic	icd_first_occurrence	4304	pLoF	0.691938103482529	0.472346645496707	0.893128632749502	-0.00857460826349878	115
BBS10	ENSG00000179941	C64 Malignant neoplasm of kidney	icd10	985	pLoF	0.692093840786561	0.579941813850054	0.567493942922536	0.0292994240505466	14
IFT27	ENSG00000100360	N28 other disorders of kidney and ureter	icd_first_occurrence	5275	pLoF	0.69216822005334	0.726758674836941	0.499268339294538	-0.00737410140721796	20
SDCCAG8	ENSG00000054282	C64 Malignant neoplasm of kidney	icd10	985	pLoF	0.69225956729835	0.771263888755062	0.482976365851411	0.0133317358123731	59
FANCC	ENSG00000158169	N04 nephrotic syndrome	icd_first_occurrence	242	pLoF	0.692510894044191	0.496205379816457	0.999998805971699	-0.0402749746723938	46
ANKS6	ENSG00000165138	N17 acute renal failure	icd_first_occurrence	7312	pLoF	0.693325552775155	0.470862111326098	0.954852605697823	-0.0156573300481502	50
BBS10	ENSG00000179941	N17 acute renal failure	icd_first_occurrence	7312	pLoF	0.693841068957968	0.569773380945938	0.906578450341842	-0.0114056594435747	14
CC2D2A	ENSG00000048342	N26 unspecified contracted kidney	icd_first_occurrence	176	pLoF	0.693910027960696	0.483849370221205	1.0	-0.0398114640011542	136
BBS2	ENSG00000125124	I12 hypertensive renal disease	icd_first_occurrence	1513	pLoF	0.693928229166171	0.492237693920823	0.841914989270674	-0.0152388969958494	63
DYNC2I1	ENSG00000126870	N19 unspecified renal failure	icd_first_occurrence	2345	pLoF	0.694948873197131	0.463978036709628	0.99236032242962	-0.0200414996595353	87
CLPB	ENSG00000162129	Creatinine	continuous	376624	pLoF	0.695541459811686	0.590354239574056	0.523009682594023	0.000874310568588361	48
BUD23	ENSG00000071462	I12 hypertensive renal disease	icd_first_occurrence	1513	pLoF	0.695862241273551	0.658597596687384	0.483811951744268	0.0220923616225346	39
MKKS	ENSG00000125863	N18 chronic renal failure	icd_first_occurrence	14086	pLoF	0.696182213745566	0.834538262638755	0.471350482236727	-0.00424689903128323	37
AMOTL1	ENSG00000166025	N28 other disorders of kidney and ureter	icd_first_occurrence	5275	pLoF	0.696685112041597	0.675225719527932	0.480307597759342	0.0133733171539671	38
KIAA0586	ENSG00000100578	N25 impaired renal tubular function	icd_first_occurrence	160	pLoF	0.696838223233203	0.540677531781622	0.998974070434182	-0.0194457926192082	111
FAH	ENSG00000103876	N19 unspecified renal failure	icd_first_occurrence	2345	pLoF	0.696853501261594	0.928552409738434	0.50888371457475	-0.00203155120865138	33
MMP1	ENSG00000196611	Q60 renal agenesis / reduction defects	icd_first_occurrence	199	pLoF	0.696889699959524	0.768764803721106	0.525739175654329	0.00970982502507272	34
FANCL	ENSG00000115392	I12 hypertensive renal disease	icd_first_occurrence	1513	pLoF	0.697228602486057	0.847103676316296	0.576563449882282	-0.00226309548212231	53
INPP5E	ENSG00000148384	N23 unspecified renal colic	icd_first_occurrence	4304	pLoF	0.698327437660189	0.848099647047646	0.483426345075117	-0.00499294470300862	48
IFT122	ENSG00000163913	Q61 cystic kidney disease	icd_first_occurrence	735	pLoF	0.698379748873531	0.942753501195385	0.492628333850875	-0.00221964141164945	101
BBS9	ENSG00000122507	Creatinine (enzymatic) in urine	continuous	383774	pLoF	0.698586101313968	0.840860135016358	0.467885081926993	-0.000375347486005835	61
BBS12	ENSG00000181004	Urea	continuous	376551	pLoF	0.699224224789946	0.684140051712702	0.497281558642796	0.00281463308243425	10
DACT1	ENSG00000165617	N20 calculus of kidney and ureter	icd_first_occurrence	5879	pLoF	0.699319334699394	0.492560354403866	0.99999984710099	-0.0262854611850307	22
SCAPER	ENSG00000140386	Urea	continuous	376551	pLoF	0.699596919264014	0.468672297180805	0.818360080013572	-0.00170532918697921	80
ERAP1	ENSG00000164307	N19 unspecified renal failure	icd_first_occurrence	2345	pLoF	0.699617391575538	0.982411817435285	0.566990684122038	0.000167473300103276	74
TTC8	ENSG00000165533	N20 calculus of kidney and ureter	icd_first_occurrence	5879	pLoF	0.699694365272322	0.485638313024268	0.845082707517504	-0.0197010038178758	28
BBS12	ENSG00000181004	N20 calculus of kidney and ureter	icd_first_occurrence	5879	pLoF	0.700139123195312	0.505640000882344	0.992449663204541	-0.0407612354211886	10
CSPP1	ENSG00000104218	N20 calculus of kidney and ureter	icd_first_occurrence	5879	pLoF	0.70055414573074	0.475361382759037	0.615438830279936	0.00815077513191868	113
PALB2	ENSG00000083093	N17 acute renal failure	icd_first_occurrence	7312	pLoF	0.701254539779125	0.747159711936698	0.479945236515979	-0.00340507090398837	94
EIF4H	ENSG00000106682	Creatinine	continuous	376624	pLoF	0.701486289494358	0.602894845134031	0.510593396761004	-0.00538274754798016	5
BRCA2	ENSG00000139618	N26 unspecified contracted kidney	icd_first_occurrence	176	pLoF	0.702912425916423	0.462682553577206	1.0	-0.038989752268289	280
SLC7A7	ENSG00000155465	Urea	continuous	376551	pLoF	0.702957157023585	0.79103347025776	0.482304543777329	-0.000659979125670663	40
METTL27	ENSG00000165171	I12 hypertensive renal disease	icd_first_occurrence	1513	pLoF	0.703232739906709	0.925086523119585	0.515141368965716	0.00172060396039107	21
ELN	ENSG00000049540	N08 glomerular disorders in dis. class. elsewhere	icd_first_occurrence	531	pLoF	0.703583560165267	0.490171909507961	0.99999959196597	-0.0398936156355019	39
ALG9	ENSG00000086848	N20 calculus of kidney and ureter	icd_first_occurrence	5879	pLoF	0.703650086143136	0.483659860047569	0.986895999318217	-0.0201558291720579	46
SLX4	ENSG00000188827	N19 unspecified renal failure	icd_first_occurrence	2345	pLoF	0.704280970418199	0.470634125565984	0.999976926115786	-0.0155433956067329	100
NUP107	ENSG00000111581	Q61 cystic kidney disease	icd_first_occurrence	735	pLoF	0.704340012347004	0.470430249935155	1.0	-0.0396428744760079	69
BBS4	ENSG00000140463	N20 calculus of kidney and ureter	icd_first_occurrence	5879	pLoF	0.704424304515485	0.558867655170177	0.489250701796616	0.010785490654108	48
ALG9	ENSG00000086848	Creatinine (enzymatic) in urine	continuous	383774	pLoF	0.704614109154234	0.857767185190843	0.480642792596359	-0.000592629890141895	46
RFC2	ENSG00000049541	Q61 cystic kidney disease	icd_first_occurrence	735	pLoF	0.704716887970184	0.508062563772508	0.999649265079467	-0.0402948781559482	25
LZTFL1	ENSG00000163818	N23 unspecified renal colic	icd_first_occurrence	4304	pLoF	0.705246315778329	0.486886623554651	1.0	-0.0406003508678868	17
ALMS1	ENSG00000116127	N25 impaired renal tubular function	icd_first_occurrence	160	pLoF	0.7056233033163	0.751519319207818	0.465882137866511	0.0149855249220531	271
BICC1	ENSG00000122870	N20 calculus of kidney and ureter	icd_first_occurrence	5879	pLoF	0.70575995633617	0.832972798024351	0.473312860870515	0.00865032326739959	31
IFNG	ENSG00000111537	Urea	continuous	376551	pLoF	0.705868986644821	0.736765323762123	0.534562332773362	-0.00165967706542088	11
TMEM270	ENSG00000175877	Creatinine	continuous	376624	pLoF	0.706085378769507	0.656970778062366	0.498285462630953	-0.000769058172238859	23
IFNGR1	ENSG00000027697	N17 acute renal failure	icd_first_occurrence	7312	pLoF	0.706610601937873	0.67148745289258	0.495954242086069	0.0211969415771872	13
C4A	ENSG00000244731	N23 unspecified renal colic	icd_first_occurrence	4304	pLoF	0.706976382785787	0.491371555731603	1.0	-0.0349417397505684	19
SLX4	ENSG00000188827	Creatinine	continuous	376624	pLoF	0.707214084032737	0.914250152880606	0.47505005329693	-0.00013780719025406	100
CPT2	ENSG00000157184	Q61 cystic kidney disease	icd_first_occurrence	735	pLoF	0.707338221915771	0.488258246015832	1.0	-0.0392564306170463	39
WDPCP	ENSG00000143951	Q61 cystic kidney disease	icd_first_occurrence	735	pLoF	0.707527008144121	0.473426517030145	1.0	-0.0401489154888329	56
NPHP1	ENSG00000144061	C64 Malignant neoplasm of kidney	icd10	985	pLoF	0.707682902214353	0.487573113584558	1.0	-0.0402167246681473	37
TSC1	ENSG00000165699	Creatinine (enzymatic) in urine	continuous	383774	pLoF	0.707719362029366	0.485698962950884	0.679666263508258	0.00562442071192276	17
GSN	ENSG00000148180	N18 chronic renal failure	icd_first_occurrence	14086	pLoF	0.708186399572305	0.528603223749924	0.481023410178332	-0.0100537690812434	44
IFNGR1	ENSG00000027697	N20 calculus of kidney and ureter	icd_first_occurrence	5879	pLoF	0.708317933146734	0.500596830136169	0.99934285854628	-0.0407334836138171	13
TMEM67	ENSG00000164953	N04 nephrotic syndrome	icd_first_occurrence	242	pLoF	0.708602707545642	0.488401944754449	1.0	-0.0349355019411673	86
DNASE1L3	ENSG00000163687	N19 unspecified renal failure	icd_first_occurrence	2345	pLoF	0.708786387687315	0.514103894664148	0.994160622587032	-0.0403705083637231	10
BICC1	ENSG00000122870	N23 unspecified renal colic	icd_first_occurrence	4304	pLoF	0.708826229256683	0.481638945091625	1.0	-0.0377978804402051	31
PRTN3	ENSG00000196415	N26 unspecified contracted kidney	icd_first_occurrence	176	pLoF	0.709258233896283	0.583458748133774	0.768648789906463	-0.0406307964703556	28
KYNU	ENSG00000115919	N08 glomerular disorders in dis. class. elsewhere	icd_first_occurrence	531	pLoF	0.70931091679244	0.510116262168871	0.999107998144809	-0.0402728391061462	26
BBS2	ENSG00000125124	Q60 renal agenesis / reduction defects	icd_first_occurrence	199	pLoF	0.709705541459723	0.509773021871858	1.0	-0.0402958252467895	63
PRTN3	ENSG00000196415	N17 acute renal failure	icd_first_occurrence	7312	pLoF	0.709903877260119	0.711087691123934	0.57630876796869	0.00442310191399626	28
ERCC6	ENSG00000225830	Urea	continuous	376551	pLoF	0.709994508202209	0.476596326767794	0.514396214885024	-0.000790925009489644	116
FANCG	ENSG00000221829	N08 glomerular disorders in dis. class. elsewhere	icd_first_occurrence	531	pLoF	0.710650385688539	0.490280101136221	1.0	-0.0401605363334725	55
TMEM270	ENSG00000175877	N08 glomerular disorders in dis. class. elsewhere	icd_first_occurrence	531	pLoF	0.712231556895194	0.507386875003632	0.999500293777542	-0.0396719975133352	23
DACT1	ENSG00000165617	N28 other disorders of kidney and ureter	icd_first_occurrence	5275	pLoF	0.712653813261942	0.503971518102247	1.0	-0.0280239139645532	22
FANCA	ENSG00000187741	N28 other disorders of kidney and ureter	icd_first_occurrence	5275	pLoF	0.713145053568669	0.816565416616876	0.475534664080267	-0.00280045236280351	172
DYNC2I1	ENSG00000126870	N08 glomerular disorders in dis. class. elsewhere	icd_first_occurrence	531	pLoF	0.713505889192951	0.480630842815037	1.0	-0.0401413384210828	87
IFT74	ENSG00000096872	N19 unspecified renal failure	icd_first_occurrence	2345	pLoF	0.713610943587797	0.56460687667401	0.975326551802288	-0.00861324341117657	24
CHRM3	ENSG00000133019	N23 unspecified renal colic	icd_first_occurrence	4304	pLoF	0.714964493955675	0.520431866664036	0.997717824907719	-0.0407168220860212	13
PALB2	ENSG00000083093	N04 nephrotic syndrome	icd_first_occurrence	242	pLoF	0.71518309084586	0.495821368524613	1.0	-0.038510223235369	94
BBS5	ENSG00000163093	Creatinine (enzymatic) in urine	continuous	383774	pLoF	0.715633334620802	0.822586869692715	0.492976721377172	0.00082895648513164	28
CC2D2A	ENSG00000048342	N25 impaired renal tubular function	icd_first_occurrence	160	pLoF	0.715873119993952	0.503724746143803	1.0	-0.0396520735348157	136
ERAP1	ENSG00000164307	N08 glomerular disorders in dis. class. elsewhere	icd_first_occurrence	531	pLoF	0.716299801741449	0.777260629616441	0.587392617597251	0.00539212304891955	74
HNRNPK	ENSG00000165119	Urea	continuous	376551	pLoF	0.716308208150786	0.550705844422769	0.708299189841386	0.00539430435507068	4
DNAJB11	ENSG00000090520	N23 unspecified renal colic	icd_first_occurrence	4304	pLoF	0.71689100421442	0.48588657422243	1.0	-0.0405242992092856	25
BBIP1	ENSG00000214413	N23 unspecified renal colic	icd_first_occurrence	4304	pLoF	0.717199585422272	0.575154866091109	0.971708695616859	-0.0264600730530313	8
RPGRIP1L	ENSG00000103494	N18 chronic renal failure	icd_first_occurrence	14086	pLoF	0.717342178669352	0.485666958783453	0.852752220751995	-0.00711202189671151	96
FANCL	ENSG00000115392	N26 unspecified contracted kidney	icd_first_occurrence	176	pLoF	0.717551596938509	0.607290587947271	0.772759689953119	-0.0175816503132074	53
GSN	ENSG00000148180	C64 Malignant neoplasm of kidney	icd10	985	pLoF	0.71808419975824	0.491911929162019	1.0	-0.0397129703726557	44
CLIP2	ENSG00000106665	Creatinine	continuous	376624	pLoF	0.718275902304619	0.484549665732113	0.658701501928367	-0.00255771238691709	36
SALL1	ENSG00000103449	Q60 renal agenesis / reduction defects	icd_first_occurrence	199	pLoF	0.719038906793066	0.65838447796349	0.671200953441511	0.0114979112185835	12
TMEM216	ENSG00000187049	N23 unspecified renal colic	icd_first_occurrence	4304	pLoF	0.719590170732228	0.567395181682969	0.62578467403276	0.01551515925941	13
FAAP100	ENSG00000185504	Creatinine	continuous	376624	pLoF	0.71960303345083	0.516162028767347	0.570857639944934	0.00123208548239717	61
HRAS	ENSG00000174775	Q61 cystic kidney disease	icd_first_occurrence	735	pLoF	0.719621386482924	0.599665333406242	0.727036049906707	-0.0402514387971382	10
METTL27	ENSG00000165171	Urea	continuous	376551	pLoF	0.719685563776378	0.533789539919898	0.611088978835185	-0.000673943825792117	21
WDR35	ENSG00000118965	Creatinine (enzymatic) in urine	continuous	383774	pLoF	0.719953869021553	0.489434474288877	0.538297713925463	-0.00123634646896132	90
FANCD2	ENSG00000144554	Q61 cystic kidney disease	icd_first_occurrence	735	pLoF	0.720046228181018	0.5159609695477	1.0	-0.0189611014540074	106
KIAA0753	ENSG00000198920	N25 impaired renal tubular function	icd_first_occurrence	160	pLoF	0.720424331343956	0.497937282735207	1.0	-0.0401522032211623	82
MMUT	ENSG00000146085	N08 glomerular disorders in dis. class. elsewhere	icd_first_occurrence	531	pLoF	0.720431392738954	0.495303747554007	1.0	-0.0399351354266186	59
KIAA0753	ENSG00000198920	Microalbumin in urine	continuous	119013	pLoF	0.720975630537779	0.946729440686169	0.500067053860781	-0.000141988781779012	82
KLRC4	ENSG00000183542	N28 other disorders of kidney and ureter	icd_first_occurrence	5275	pLoF	0.721072087328339	0.597056453038472	0.773604540019386	-0.0406087708178491	3
TBL2	ENSG00000106638	N17 acute renal failure	icd_first_occurrence	7312	pLoF	0.721153301141276	0.50443903919699	0.619075082099367	-0.0188103848476045	29
BBS10	ENSG00000179941	N08 glomerular disorders in dis. class. elsewhere	icd_first_occurrence	531	pLoF	0.721456053636664	0.597856334309392	0.773069401298129	-0.0403010501371152	14
NEK8	ENSG00000160602	N17 acute renal failure	icd_first_occurrence	7312	pLoF	0.721509856482343	0.519377116766742	0.670421475242708	0.0103750882924102	39
CSPP1	ENSG00000104218	I12 hypertensive renal disease	icd_first_occurrence	1513	pLoF	0.721767766488868	0.501044809756039	0.97887952985643	-0.0149291453814573	113
BBS12	ENSG00000181004	Creatinine (enzymatic) in urine	continuous	383774	pLoF	0.721919574096622	0.590064234732279	0.530296383872383	-0.00369922839322127	10
FANCA	ENSG00000187741	N04 nephrotic syndrome	icd_first_occurrence	242	pLoF	0.722032028130008	0.485498967388273	1.0	-0.0400886655999292	172
SPP1	ENSG00000118785	N23 unspecified renal colic	icd_first_occurrence	4304	pLoF	0.722284672472681	0.607826125906543	0.923684848012673	-0.00493829343388151	16
LAMB2	ENSG00000172037	Q63 other congenital malformations of kidney	icd_first_occurrence	452	pLoF	0.72244668591286	0.478856146023144	1.0	-0.0397969452437661	108
ALMS1	ENSG00000116127	N17 acute renal failure	icd_first_occurrence	7312	pLoF	0.722481848960273	0.482669632401756	0.972788200256826	-0.00493653752575649	271
TMEM216	ENSG00000187049	N08 glomerular disorders in dis. class. elsewhere	icd_first_occurrence	531	pLoF	0.72281260325278	0.585055099347213	0.827271130561946	-0.0403189920853852	13
APOA1	ENSG00000118137	N28 other disorders of kidney and ureter	icd_first_occurrence	5275	pLoF	0.722906259755423	0.50556523420045	0.999999538982047	-0.0406119267893978	17
TMEM270	ENSG00000175877	N19 unspecified renal failure	icd_first_occurrence	2345	pLoF	0.723495292495073	0.521510203596188	0.515374271482217	-0.0184430691370876	23
BBS12	ENSG00000181004	N28 other disorders of kidney and ureter	icd_first_occurrence	5275	pLoF	0.723687193865762	0.526571206386414	0.997169425374698	-0.0406198938480132	10
XRCC2	ENSG00000196584	Q61 cystic kidney disease	icd_first_occurrence	735	pLoF	0.723719620337856	0.516456253944153	0.999984796035129	-0.04016942481341	23
HLA-DPB1	ENSG00000223865	N17 acute renal failure	icd_first_occurrence	7312	pLoF	0.72373464858277	0.507056879750818	0.834298668503574	-0.0144796930529559	30
TMEM216	ENSG00000187049	Q63 other congenital malformations of kidney	icd_first_occurrence	452	pLoF	0.724232340190441	0.597123227964251	0.784887517290302	-0.0402560302530367	13
FANCL	ENSG00000115392	Microalbumin in urine	continuous	119013	pLoF	0.724636278208161	0.789622993848659	0.616738374538561	0.000355697809481682	53
RFWD3	ENSG00000168411	C64 Malignant neoplasm of kidney	icd10	985	pLoF	0.724837580403941	0.492155664556582	1.0	-0.0401802777147144	59
PRTN3	ENSG00000196415	N25 impaired renal tubular function	icd_first_occurrence	160	pLoF	0.724949389781855	0.5971973997848	0.81387158530674	-0.0406270368186673	28
ALMS1	ENSG00000116127	N04 nephrotic syndrome	icd_first_occurrence	242	pLoF	0.725284910428839	0.913607068261869	0.486146217677968	-0.00398007018150052	271
WDR35	ENSG00000118965	Q63 other congenital malformations of kidney	icd_first_occurrence	452	pLoF	0.726108402483497	0.47687054130069	1.0	-0.0401266193300691	90
ZNF423	ENSG00000102935	Urea	continuous	376551	pLoF	0.726413065240446	0.523943812885855	0.520845399350198	-0.00634499176720314	11
CEP19	ENSG00000174007	N19 unspecified renal failure	icd_first_occurrence	2345	pLoF	0.726743979737173	0.528520648083053	0.999550876072094	-0.0403535728367305	17
TSC2	ENSG00000103197	Creatinine (enzymatic) in urine	continuous	383774	pLoF	0.726944855171339	0.914497743726042	0.647535500236244	-0.000101966892529393	26
BBS4	ENSG00000140463	N08 glomerular disorders in dis. class. elsewhere	icd_first_occurrence	531	pLoF	0.727409598718666	0.517481904653887	1.0	-0.0401601043026784	48
NPHP3	ENSG00000113971	N26 unspecified contracted kidney	icd_first_occurrence	176	pLoF	0.727429520859178	0.506625005423772	1.0	-0.0402824123627862	115
HNRNPK	ENSG00000165119	Microalbumin in urine	continuous	119013	pLoF	0.727469397949324	0.56924978180306	0.724461435542288	0.00916619434104523	4
UBAC2	ENSG00000134882	Urea	continuous	376551	pLoF	0.727511130667417	0.635717501423154	0.504707626266304	-0.00226030306009581	21
ZNF699	ENSG00000196110	N20 calculus of kidney and ureter	icd_first_occurrence	5879	pLoF	0.727601457289412	0.563581290731029	0.546356563902134	0.0197107261346031	18
LAMA5	ENSG00000130702	N28 other disorders of kidney and ureter	icd_first_occurrence	5275	pLoF	0.727646020759733	0.477951223520627	0.727775390841836	0.00870202711532856	267
BBS5	ENSG00000163093	I12 hypertensive renal disease	icd_first_occurrence	1513	pLoF	0.727928472960543	0.508118674983465	1.0	-0.0400590276834977	28
SLC7A7	ENSG00000155465	N20 calculus of kidney and ureter	icd_first_occurrence	5879	pLoF	0.727950344991573	0.50738372904251	0.96372951165604	-0.0150542799506296	40
LAMA5	ENSG00000130702	N18 chronic renal failure	icd_first_occurrence	14086	pLoF	0.728349632549733	0.484865792804437	0.479384269159905	0.00534202861788258	267
HSD11B2	ENSG00000176387	N18 chronic renal failure	icd_first_occurrence	14086	pLoF	0.728588941268533	0.919322888769393	0.521104558743829	0.00261037180932441	24
B2M	ENSG00000166710	Creatinine	continuous	376624	pLoF	0.729115295574604	0.552217389318949	0.81554739513876	0.00753686165030559	5
ZNF423	ENSG00000102935	N18 chronic renal failure	icd_first_occurrence	14086	pLoF	0.729538554461229	0.527752758393494	0.99996681161501	-0.0333338540769132	11
CSPP1	ENSG00000104218	Q60 renal agenesis / reduction defects	icd_first_occurrence	199	pLoF	0.729707430556969	0.507046487105215	1.0	-0.0400481637074972	113
BUD23	ENSG00000071462	C64 Malignant neoplasm of kidney	icd10	985	pLoF	0.729993792695071	0.518285632883566	1.0	-0.0401178366046083	39
ARL6	ENSG00000113966	N23 unspecified renal colic	icd_first_occurrence	4304	pLoF	0.730352999200779	0.519173963774142	0.999998167789616	-0.0405550836325362	13
IFT74	ENSG00000096872	Creatinine	continuous	376624	pLoF	0.730409375875302	0.582939038390798	0.846789466546507	0.00048967958229811	24
TMEM270	ENSG00000175877	Cystatin C	continuous	376784	pLoF	0.730875224866208	0.52405004168165	0.570138256961168	0.0012434444006543	23
EIF4H	ENSG00000106682	Microalbumin in urine	continuous	119013	pLoF	0.731104091593656	0.565348707542074	0.945986849450912	-0.013099262115927	5
KLRC4	ENSG00000183542	N20 calculus of kidney and ureter	icd_first_occurrence	5879	pLoF	0.731305890604723	0.604073395036926	0.878093380368116	-0.0406240043655697	3
IFT122	ENSG00000163913	N28 other disorders of kidney and ureter	icd_first_occurrence	5275	pLoF	0.731736349866436	0.735839084791425	0.520231840215735	0.00395876382747837	101
TBL2	ENSG00000106638	Urea	continuous	376551	pLoF	0.732138121293364	0.520378746528181	0.841708662561786	-0.00235053382077614	29
IFT172	ENSG00000138002	N17 acute renal failure	icd_first_occurrence	7312	pLoF	0.732261612328008	0.489798698417377	0.988498854892512	-0.00863284191211012	123
ERCC6	ENSG00000225830	N25 impaired renal tubular function	icd_first_occurrence	160	pLoF	0.732292758952039	0.498489813478684	1.0	-0.0395732893119237	116
SLX4	ENSG00000188827	Urea	continuous	376551	pLoF	0.732393174960011	0.499225237591984	0.968224789458107	0.00103897976433065	100
SLC7A7	ENSG00000155465	Q61 cystic kidney disease	icd_first_occurrence	735	pLoF	0.732512342502084	0.510936094976532	1.0	-0.0401390354102526	40
FKBP6	ENSG00000077800	N18 chronic renal failure	icd_first_occurrence	14086	pLoF	0.732869256056014	0.562814129058136	0.706095669797331	0.0071714386426027	26
FANCG	ENSG00000221829	N20 calculus of kidney and ureter	icd_first_occurrence	5879	pLoF	0.732928587205286	0.507059724580743	0.637987471721152	0.0112390253895712	55
SDCCAG8	ENSG00000054282	N08 glomerular disorders in dis. class. elsewhere	icd_first_occurrence	531	pLoF	0.733644390130351	0.521895042612916	1.0	-0.0390717443621202	59
FKBP6	ENSG00000077800	N28 other disorders of kidney and ureter	icd_first_occurrence	5275	pLoF	0.733769492009829	0.565125376495798	0.999877378860233	-0.0114367730411167	26
MAD2L2	ENSG00000116670	N28 other disorders of kidney and ureter	icd_first_occurrence	5275	pLoF	0.734674662679538	0.888882342144125	0.525048468734497	-0.00497653214347766	14
KLRC4	ENSG00000183542	Microalbumin in urine	continuous	119013	pLoF	0.734731977842855				3
KMT2D	ENSG00000167548	N19 unspecified renal failure	icd_first_occurrence	2345	pLoF	0.734804683781505	0.516897789814386	1.0	-0.0376207804574008	28
HLA-DPA1	ENSG00000231389	Q61 cystic kidney disease	icd_first_occurrence	735	pLoF	0.734852212665066	0.532050406562837	0.999864197154628	-0.0333965961233154	22
IL23R	ENSG00000162594	N19 unspecified renal failure	icd_first_occurrence	2345	pLoF	0.735113110687861	0.523554400006507	0.999980619334266	-0.0403843072851702	18
FANCD2	ENSG00000144554	N25 impaired renal tubular function	icd_first_occurrence	160	pLoF	0.735417583977716	0.532722266927587	1.0	-0.0403092488193657	106
SMC3	ENSG00000108055	N20 calculus of kidney and ureter	icd_first_occurrence	5879	pLoF	0.735980788435058	0.504089165927048	1.0	-0.0408163781722388	25
GTF2IRD1	ENSG00000006704	N17 acute renal failure	icd_first_occurrence	7312	pLoF	0.736199931131841	0.525158693049057	1.0	-0.0304916540743384	22
FANCE	ENSG00000112039	Q61 cystic kidney disease	icd_first_occurrence	735	pLoF	0.736266248067449	0.541298614299097	0.999999830882276	-0.0401803833905247	38
HRAS	ENSG00000174775	N23 unspecified renal colic	icd_first_occurrence	4304	pLoF	0.736518545540308	0.619125474625093	0.837642116998582	-0.0157422615024112	10
FANCL	ENSG00000115392	N23 unspecified renal colic	icd_first_occurrence	4304	pLoF	0.736739187632505	0.731317009488195	0.626459437019505	0.00243794483286602	53
CTLA4	ENSG00000163599	Microalbumin in urine	continuous	119013	pLoF	0.736782373902268	0.603100532492773	0.668843859495267	-0.0145007408930847	3
MKS1	ENSG00000011143	N18 chronic renal failure	icd_first_occurrence	14086	pLoF	0.736981942700594	0.73752944856574	0.514276627678216	-0.00416710632156326	48
TBL2	ENSG00000106638	I12 hypertensive renal disease	icd_first_occurrence	1513	pLoF	0.737367174738267	0.520827101276255	1.0	-0.0402725684789935	29
PRTN3	ENSG00000196415	Creatinine	continuous	376624	pLoF	0.737427497324222	0.617005909328583	0.609674133746813	-0.000614452263365129	28
SRCAP	ENSG00000080603	N28 other disorders of kidney and ureter	icd_first_occurrence	5275	pLoF	0.737941305219578	0.505222149016692	1.0	-0.0406241720289907	31
GTF2IRD2	ENSG00000196275	N18 chronic renal failure	icd_first_occurrence	14086	pLoF	0.737986389489888	0.612197246267317	0.525843639811557	-0.0157036499426126	19
GTF2IRD1	ENSG00000006704	Creatinine	continuous	376624	pLoF	0.73840589472892	0.619766195440067	0.518212914121769	-0.00260325515509223	22
NEK8	ENSG00000160602	Q63 other congenital malformations of kidney	icd_first_occurrence	452	pLoF	0.738465007616922	0.529543943444196	0.999999922267034	-0.0401709654496486	39
AHI1	ENSG00000135541	N17 acute renal failure	icd_first_occurrence	7312	pLoF	0.73927366897452	0.926550596831453	0.511258690518832	0.000949231747341754	99
FAAP100	ENSG00000185504	Cystatin C	continuous	376784	pLoF	0.739400493523343	0.536651929433765	0.740530419386013	-0.00131897946525591	61
TBL2	ENSG00000106638	Microalbumin in urine	continuous	119013	pLoF	0.739449248320452	0.913978065282133	0.526282548186419	-0.000753545639302104	29
TMEM270	ENSG00000175877	Q63 other congenital malformations of kidney	icd_first_occurrence	452	pLoF	0.739651589514545	0.536360172252754	0.999806616289526	-0.0395265077559024	23
TMEM237	ENSG00000155755	N28 other disorders of kidney and ureter	icd_first_occurrence	5275	pLoF	0.739697548723893	0.51905687655321	0.913592551408246	-0.0110213868604016	44
MKS1	ENSG00000011143	N19 unspecified renal failure	icd_first_occurrence	2345	pLoF	0.739725720050921	0.822817176478584	0.519773612379973	0.00677959061226113	48
SRCAP	ENSG00000080603	Microalbumin in urine	continuous	119013	pLoF	0.739985989834228	0.599834807083288	0.521033033057063	0.00517098642199736	31
NCF1	ENSG00000158517	N18 chronic renal failure	icd_first_occurrence	14086	pLoF	0.740003255293657	0.897067598285024	0.561169499575972	-0.00296864025389403	15
ELN	ENSG00000049540	Q63 other congenital malformations of kidney	icd_first_occurrence	452	pLoF	0.740315786123584	0.52975294936011	0.999999825382601	-0.0400589477892064	39
CLPB	ENSG00000162129	Microalbumin in urine	continuous	119013	pLoF	0.740416663841497	0.566667777842319	0.600447301727256	0.00205323405742597	48
HOXA13	ENSG00000106031	Creatinine (enzymatic) in urine	continuous	383774	pLoF	0.740440617464801	0.540121532750996	0.828622377873605	-0.00605417600796766	10
FKBP6	ENSG00000077800	N17 acute renal failure	icd_first_occurrence	7312	pLoF	0.740734306389777	0.570686571389149	0.625177671974993	0.00964219535505868	26
IFT27	ENSG00000100360	N08 glomerular disorders in dis. class. elsewhere	icd_first_occurrence	531	pLoF	0.741099547009436	0.547966931703077	0.99994710179761	-0.0402154068882112	20
MYOCD	ENSG00000141052	Creatinine	continuous	376624	pLoF	0.741156662007011	0.559210798816821	0.797865978175781	0.00178918812080501	24
AHI1	ENSG00000135541	Q60 renal agenesis / reduction defects	icd_first_occurrence	199	pLoF	0.741542408684374	0.513355411537731	1.0	-0.0401790175443913	99
INVS	ENSG00000119509	Creatinine (enzymatic) in urine	continuous	383774	pLoF	0.742254043959038	0.520396749542728	0.716127075536624	-0.00108887863826142	84
KYNU	ENSG00000115919	Q63 other congenital malformations of kidney	icd_first_occurrence	452	pLoF	0.742331395898851	0.542012321239314	0.999906581419875	-0.040196690372343	26
INPP5E	ENSG00000148384	Q61 cystic kidney disease	icd_first_occurrence	735	pLoF	0.742405496640566	0.528690559906301	1.0	-0.0401400467496842	48
KLRC4	ENSG00000183542	N23 unspecified renal colic	icd_first_occurrence	4304	pLoF	0.74244821607631	0.625079392789436	0.824643955465905	-0.0405203810471313	3
DACT1	ENSG00000165617	N23 unspecified renal colic	icd_first_occurrence	4304	pLoF	0.742531127783362	0.541642544337535	1.0	-0.0257737298179323	22
IFNG	ENSG00000111537	Creatinine	continuous	376624	pLoF	0.742578491050992	0.836226331661721	0.573145833125281	-0.000850655964029293	11
BBS2	ENSG00000125124	N26 unspecified contracted kidney	icd_first_occurrence	176	pLoF	0.742765552338361	0.540841920380152	1.0	-0.0402969538203395	63
WDR35	ENSG00000118965	N23 unspecified renal colic	icd_first_occurrence	4304	pLoF	0.742924629048968	0.511398136356172	0.960286868781274	-0.0125566947978327	90
COL7A1	ENSG00000114270	N18 chronic renal failure	icd_first_occurrence	14086	pLoF	0.743149016559089	0.523605798186112	0.545453265156761	0.00352187780400449	229
NUP107	ENSG00000111581	N17 acute renal failure	icd_first_occurrence	7312	pLoF	0.743521690241665	0.508258964337307	0.959995734063544	-0.0111275332850332	69
RAD51	ENSG00000051180	N18 chronic renal failure	icd_first_occurrence	14086	pLoF	0.743740337170334	0.549912731403817	0.997534845532678	-0.0423444699223375	6
CLCNKB	ENSG00000184908	Q63 other congenital malformations of kidney	icd_first_occurrence	452	pLoF	0.744011017477543	0.515429685316939	1.0	-0.0361418138077841	67
PRTN3	ENSG00000196415	Microalbumin in urine	continuous	119013	pLoF	0.744012477064043	0.615909384464278	0.654316687794742	0.00139708870104773	28
CRB2	ENSG00000148204	Q63 other congenital malformations of kidney	icd_first_occurrence	452	pLoF	0.744298710574754	0.604594526112778	1.0	-0.0128988072178132	98
BBS10	ENSG00000179941	Creatinine (enzymatic) in urine	continuous	383774	pLoF	0.745352373631094	0.621624132766123	0.929542937196127	-0.00126638827370809	14
SCLT1	ENSG00000151466	C64 Malignant neoplasm of kidney	icd10	985	pLoF	0.74559432842476	0.526009090148029	0.999999906440445	-0.0402063174441274	29
TMEM231	ENSG00000205084	I12 hypertensive renal disease	icd_first_occurrence	1513	pLoF	0.746338713849279	0.525796555472595	1.0	-0.0394985421812636	31
BRD4	ENSG00000141867	Creatinine (enzymatic) in urine	continuous	383774	pLoF	0.747499236737972	0.560041620267332	0.859633064289155	0.00494482191662074	9
FANCA	ENSG00000187741	N18 chronic renal failure	icd_first_occurrence	14086	pLoF	0.747697673783243	0.510196782425331	0.92428106984855	0.00497212449153439	172
JAG1	ENSG00000101384	Creatinine (enzymatic) in urine	continuous	383774	pLoF	0.747758254506982	0.567532199458097	0.686573446718123	-0.00422786370214636	9
BRIP1	ENSG00000136492	Q60 renal agenesis / reduction defects	icd_first_occurrence	199	pLoF	0.747828177960412	0.536905633637308	1.0	-0.0404243526634006	88
SMC3	ENSG00000108055	N18 chronic renal failure	icd_first_occurrence	14086	pLoF	0.747870293517023	0.985582145613569	0.522680816347884	-0.000701832969962674	25
BBS10	ENSG00000179941	N18 chronic renal failure	icd_first_occurrence	14086	pLoF	0.748176050982824	0.632147060201245	0.672671563145286	-0.00686588750410971	14
NCF1	ENSG00000158517	I12 hypertensive renal disease	icd_first_occurrence	1513	pLoF	0.748702225394583	0.569242142377161	0.999374524608587	-0.0402898281063508	15
PALB2	ENSG00000083093	Q60 renal agenesis / reduction defects	icd_first_occurrence	199	pLoF	0.748969671415097	0.532243420860928	1.0	-0.0384328444762345	94
SH2B1	ENSG00000178188	N28 other disorders of kidney and ureter	icd_first_occurrence	5275	pLoF	0.749281851186381	0.539945148615038	0.999999698240762	-0.0355669590390485	17
IL23R	ENSG00000162594	N17 acute renal failure	icd_first_occurrence	7312	pLoF	0.749288178529803	0.811740876278756	0.541620004126137	-0.00825868821818287	18
BBS2	ENSG00000125124	Q61 cystic kidney disease	icd_first_occurrence	735	pLoF	0.749451812320041	0.769759855014317	0.547334955460574	0.00901356250977075	63
ERCC8	ENSG00000049167	Q61 cystic kidney disease	icd_first_occurrence	735	pLoF	0.749595957293281	0.536796923075654	0.999999958576769	-0.0401700182918962	32
NPHP3	ENSG00000113971	N25 impaired renal tubular function	icd_first_occurrence	160	pLoF	0.750348878212615	0.5296283149332	1.0	-0.0402029570664768	115
BBS1	ENSG00000174483	Creatinine (enzymatic) in urine	continuous	383774	pLoF	0.750371109241818	0.522906666760744	0.937256411270428	-0.00213081896593646	48
CCND1	ENSG00000110092	Creatinine (enzymatic) in urine	continuous	383774	pLoF	0.750476890905181	0.997842978626842	0.570152739578155	9.30532752033233e-05	4
CFAP418	ENSG00000156172	Urea	continuous	376551	pLoF	0.750630637733574	0.949938405479931	0.53552203522094	0.000302975375122237	25
CEP290	ENSG00000198707	Creatinine (enzymatic) in urine	continuous	383774	pLoF	0.750664984521552	0.519873946915684	0.703056711165379	0.000495452659851014	253
IL12A	ENSG00000168811	N28 other disorders of kidney and ureter	icd_first_occurrence	5275	pLoF	0.750829786852888	0.539064250884715	0.999999655305807	-0.0406317870961225	13
FANCI	ENSG00000140525	Creatinine (enzymatic) in urine	continuous	383774	pLoF	0.750937362727813	0.971032311927912	0.519378846045771	5.72533303331066e-05	124
MYCN	ENSG00000134323	N18 chronic renal failure	icd_first_occurrence	14086	pLoF	0.751928825815155	0.598385367317719	0.960038788146412	-0.0433198505475012	4
ERCC4	ENSG00000175595	Q61 cystic kidney disease	icd_first_occurrence	735	pLoF	0.752673309546194	0.528481161831411	1.0	-0.0401269254548378	49
TMEM237	ENSG00000155755	N20 calculus of kidney and ureter	icd_first_occurrence	5879	pLoF	0.753375485325839	0.765030400821065	0.532187003689472	0.00483690847481586	44
MYOCD	ENSG00000141052	Microalbumin in urine	continuous	119013	pLoF	0.753440499452416	0.582262298515416	0.850420686211555	0.00343738017277115	24
MAD2L2	ENSG00000116670	N18 chronic renal failure	icd_first_occurrence	14086	pLoF	0.753726998122163	0.916341114384882	0.541310054861069	0.00248108742115418	14
BBIP1	ENSG00000214413	Cystatin C	continuous	376784	pLoF	0.754417564532101	0.896893907382486	0.612434162819199	-0.000611284805841255	8
FANCA	ENSG00000187741	Q60 renal agenesis / reduction defects	icd_first_occurrence	199	pLoF	0.754819756735534	0.520129718802873	1.0	-0.0400735785776557	172
FAH	ENSG00000103876	N04 nephrotic syndrome	icd_first_occurrence	242	pLoF	0.754986360584294	0.568364891495264	0.999979029882758	-0.0401959612223393	33
NOD2	ENSG00000167207	N20 calculus of kidney and ureter	icd_first_occurrence	5879	pLoF	0.75560175831236	0.531132747296485	0.597188400448134	0.00999573320993397	53
CFAP418	ENSG00000156172	N19 unspecified renal failure	icd_first_occurrence	2345	pLoF	0.75600875768809	0.546581879500553	1.0	-0.0396591331658753	25
CRB2	ENSG00000148204	Microalbumin in urine	continuous	119013	pLoF	0.756047846217329	0.617982490260041	0.983653410789446	0.000725305787620061	98
BBS9	ENSG00000122507	N23 unspecified renal colic	icd_first_occurrence	4304	pLoF	0.756077051153847	0.545310179198629	0.524523443269431	0.0110219992355755	61
MLXIPL	ENSG00000009950	C64 Malignant neoplasm of kidney	icd10	985	pLoF	0.756275424235611	0.540076810032956	1.0	-0.0401963662150325	41
TRIM32	ENSG00000119401	N28 other disorders of kidney and ureter	icd_first_occurrence	5275	pLoF	0.756554269259134	0.55172059665794	0.697835926384911	0.0209000688258705	31
FANCA	ENSG00000187741	Microalbumin in urine	continuous	119013	pLoF	0.756608135961547	0.620332689057115	0.522463518266953	0.00124809212684869	172
TBX1	ENSG00000184058	N20 calculus of kidney and ureter	icd_first_occurrence	5879	pLoF	0.757207664106504	0.549795275110541	0.999959365340734	-0.0407439001929448	13
IL12A	ENSG00000168811	N20 calculus of kidney and ureter	icd_first_occurrence	5879	pLoF	0.757355292756598	0.542831394679092	0.999999635412188	-0.0406546239924957	13
BBS4	ENSG00000140463	N19 unspecified renal failure	icd_first_occurrence	2345	pLoF	0.757483621213993	0.547967628114457	0.955964226325476	-0.0180096051733555	48
LIMK1	ENSG00000106683	N20 calculus of kidney and ureter	icd_first_occurrence	5879	pLoF	0.758408194248875	0.539438685521111	1.0	-0.0362977105314113	22
CILK1	ENSG00000112144	C64 Malignant neoplasm of kidney	icd10	985	pLoF	0.758626935666268	0.530427621719577	1.0	-0.0397659734470248	46
GTF2IRD1	ENSG00000006704	N20 calculus of kidney and ureter	icd_first_occurrence	5879	pLoF	0.759223715927388	0.548506325546755	1.0	-0.0306864612737285	22
TSC1	ENSG00000165699	N20 calculus of kidney and ureter	icd_first_occurrence	5879	pLoF	0.759532460361424	0.540008393605704	1.0	-0.0408734782536549	17
C4A	ENSG00000244731	N17 acute renal failure	icd_first_occurrence	7312	pLoF	0.759589769858821	0.925438916226525	0.543020850727341	0.00354086898893061	19
FBXO22	ENSG00000167196	I12 hypertensive renal disease	icd_first_occurrence	1513	pLoF	0.76011207653361	0.569608226103152	0.999713990815923	-0.0382934751109267	19
BUD23	ENSG00000071462	N23 unspecified renal colic	icd_first_occurrence	4304	pLoF	0.760331517505181	0.549138128595768	1.0	-0.0180096451324837	39
NPHP1	ENSG00000144061	Q61 cystic kidney disease	icd_first_occurrence	735	pLoF	0.760369113747585	0.551363290561019	1.0	-0.0402035413539615	37
TTC8	ENSG00000165533	C64 Malignant neoplasm of kidney	icd10	985	pLoF	0.760659180221969	0.547990275729661	1.0	-0.0401978702376404	28
IFT27	ENSG00000100360	Q63 other congenital malformations of kidney	icd_first_occurrence	452	pLoF	0.761603336055486	0.569198763200991	0.999966421397359	-0.0401846825700408	20
SPP1	ENSG00000118785	Creatinine (enzymatic) in urine	continuous	383774	pLoF	0.761642532801591	0.760386880622317	0.650830659208597	0.000286778353076934	16
RAD51	ENSG00000051180	Microalbumin in urine	continuous	119013	pLoF	0.761662004311819	0.635716846802524	0.63236485658599	-0.0107868032859001	6
BAZ1B	ENSG00000009954	N19 unspecified renal failure	icd_first_occurrence	2345	pLoF	0.761740021699314	0.567811459464595	0.999879244156024	-0.039604273265755	18
BRIP1	ENSG00000136492	N26 unspecified contracted kidney	icd_first_occurrence	176	pLoF	0.762281085283869	0.560867087031131	1.0	-0.0401533676721156	88
IFNGR1	ENSG00000027697	N23 unspecified renal colic	icd_first_occurrence	4304	pLoF	0.762464759826487	0.561799708701062	0.999842334756414	-0.040496298634389	13
RFC2	ENSG00000049541	N08 glomerular disorders in dis. class. elsewhere	icd_first_occurrence	531	pLoF	0.763651356968754	0.568458401882419	0.999988903108985	-0.0402406796803633	25
HNRNPK	ENSG00000165119	N20 calculus of kidney and ureter	icd_first_occurrence	5879	pLoF	0.764191194869666	0.615512718100563	0.962705004374192	-0.0408357899641732	4
MKS1	ENSG00000011143	N08 glomerular disorders in dis. class. elsewhere	icd_first_occurrence	531	pLoF	0.764198532037845	0.541840761426998	1.0	-0.0401334351115033	48
NPHP1	ENSG00000144061	Urea	continuous	376551	pLoF	0.765037341571835	0.551307168281417	0.782431440252716	0.00170505015379425	37
MMUT	ENSG00000146085	N17 acute renal failure	icd_first_occurrence	7312	pLoF	0.7650851445387	0.542058253611018	0.999098259223484	-0.00968721589287531	59
BBS4	ENSG00000140463	Q63 other congenital malformations of kidney	icd_first_occurrence	452	pLoF	0.765108792212279	0.553462552078721	1.0	-0.0401262137352007	48
FANCA	ENSG00000187741	Creatinine (enzymatic) in urine	continuous	383774	pLoF	0.765232772890271	0.530168927919046	0.999574553089356	-0.000820197480768352	172
FANCC	ENSG00000158169	N26 unspecified contracted kidney	icd_first_occurrence	176	pLoF	0.765632651642113	0.570753920826819	0.999999999722597	-0.040268088708588	46
WT1	ENSG00000184937	N17 acute renal failure	icd_first_occurrence	7312	pLoF	0.765902208752905	0.651850824367574	0.909717007080352	-0.0413476092240312	3
NUP107	ENSG00000111581	N08 glomerular disorders in dis. class. elsewhere	icd_first_occurrence	531	pLoF	0.766017814127685	0.532007257304633	1.0	-0.0397288765873408	69
BBS10	ENSG00000179941	N20 calculus of kidney and ureter	icd_first_occurrence	5879	pLoF	0.767254384710562	0.743646089790334	0.650324700734613	0.00720802405168943	14
CSPP1	ENSG00000104218	Creatinine	continuous	376624	pLoF	0.7675240652162	0.555034414598064	0.547539733963122	0.000640980285126159	113
HNRNPK	ENSG00000165119	N17 acute renal failure	icd_first_occurrence	7312	pLoF	0.768274701500877	0.607984231952418	0.97175782203515	-0.0408885795038707	4
FAAP100	ENSG00000185504	Urea	continuous	376551	pLoF	0.769042079420398	0.811678730084397	0.567698474999208	-0.000542774835815081	61
SH2B1	ENSG00000178188	N20 calculus of kidney and ureter	icd_first_occurrence	5879	pLoF	0.769129322361668	0.554663206929547	0.999999800084158	-0.0370265244474526	17
AHI1	ENSG00000135541	Urea	continuous	376551	pLoF	0.769177469846104	0.542798536907735	0.886453311456899	-0.000797061767860004	99
BBS2	ENSG00000125124	N18 chronic renal failure	icd_first_occurrence	14086	pLoF	0.769232250604292	0.567554507888973	0.901700395576748	-0.00424806409687288	63
KIAA0753	ENSG00000198920	Q61 cystic kidney disease	icd_first_occurrence	735	pLoF	0.769561054900386	0.89834939238631	0.548511731414823	-0.00333608925874344	82
LIMK1	ENSG00000106683	N28 other disorders of kidney and ureter	icd_first_occurrence	5275	pLoF	0.770061525202091	0.550332576789872	1.0	-0.0360384384038802	22
TMEM270	ENSG00000175877	N18 chronic renal failure	icd_first_occurrence	14086	pLoF	0.770139898419778	0.933119810073826	0.563963688650041	-0.00107074420940567	23
CFAP418	ENSG00000156172	Creatinine	continuous	376624	pLoF	0.770503972143432	0.917139709338804	0.556696743974611	-0.000417869508459227	25
TMEM67	ENSG00000164953	N26 unspecified contracted kidney	icd_first_occurrence	176	pLoF	0.770806654310854	0.552994504942038	1.0	-0.0355446092852547	86
PALB2	ENSG00000083093	Creatinine (enzymatic) in urine	continuous	383774	pLoF	0.771161337349964	0.881179634532813	0.559143344362981	0.000195262872504961	94
HLA-DPA1	ENSG00000231389	Creatinine (enzymatic) in urine	continuous	383774	pLoF	0.771549356747484	0.673152664599747	0.571063694545001	-0.000878795052994686	22
LZTFL1	ENSG00000163818	N17 acute renal failure	icd_first_occurrence	7312	pLoF	0.771848673127499	0.875872907508348	0.557017477943409	0.0066016034935652	17
KIAA0586	ENSG00000100578	N08 glomerular disorders in dis. class. elsewhere	icd_first_occurrence	531	pLoF	0.772275263378303	0.62219121776326	0.732051220965344	-0.00848346497081046	111
TBL2	ENSG00000106638	N20 calculus of kidney and ureter	icd_first_occurrence	5879	pLoF	0.772420145817138	0.664398851978994	0.565078002220043	0.0140258070899849	29
CSPP1	ENSG00000104218	N25 impaired renal tubular function	icd_first_occurrence	160	pLoF	0.773788425574497	0.552420458533585	1.0	-0.0400004506778439	113
VPS37D	ENSG00000176428	N18 chronic renal failure	icd_first_occurrence	14086	pLoF	0.773820387208986	0.574933218637218	0.999725283070883	-0.0397657866402837	10
WT1	ENSG00000184937	Creatinine	continuous	376624	pLoF	0.774174383569066	0.633060281438893	1.0	-0.00494526026051162	3
DYNC2LI1	ENSG00000138036	N08 glomerular disorders in dis. class. elsewhere	icd_first_occurrence	531	pLoF	0.774342563288624	0.589701128441949	0.999983425532544	-0.0401353674850879	26
MAD2L2	ENSG00000116670	I12 hypertensive renal disease	icd_first_occurrence	1513	pLoF	0.774441971010552	0.564013072141545	0.999998367001647	-0.0403000944974794	14
FAH	ENSG00000103876	Creatinine (enzymatic) in urine	continuous	383774	pLoF	0.774601697631304	0.836529491025582	0.587938067376283	-0.00033843112337884	33
BBS12	ENSG00000181004	N23 unspecified renal colic	icd_first_occurrence	4304	pLoF	0.774605941436225	0.578725363966716	0.999414490967295	-0.0404935592724484	10
EIF4H	ENSG00000106682	N18 chronic renal failure	icd_first_occurrence	14086	pLoF	0.774819096468061	0.590778619174037	0.995201166578918	-0.0421675071022484	5
BRCA1	ENSG00000012048	Creatinine	continuous	376624	pLoF	0.776159213778837	0.621978737269646	0.537502713266181	0.000697875284260546	141
HRAS	ENSG00000174775	N08 glomerular disorders in dis. class. elsewhere	icd_first_occurrence	531	pLoF	0.776457402311013	0.667085219182099	0.81264766554606	-0.0402381019884468	10
CPT2	ENSG00000157184	Cystatin C	continuous	376784	pLoF	0.776498359640663	0.977180351637949	0.560958480675252	-6.57420891036686e-05	39
AMOTL1	ENSG00000166025	Cystatin C	continuous	376784	pLoF	0.776611853055112	0.860995651258181	0.555501323128763	0.000576844032835281	38
CPT2	ENSG00000157184	N08 glomerular disorders in dis. class. elsewhere	icd_first_occurrence	531	pLoF	0.776628495101614	0.55977213215277	1.0	-0.0392857167303712	39
EIF4H	ENSG00000106682	Creatinine (enzymatic) in urine	continuous	383774	pLoF	0.777237600372627	0.738829114655475	0.591578075326798	0.00410940606873146	5
XRCC2	ENSG00000196584	N08 glomerular disorders in dis. class. elsewhere	icd_first_occurrence	531	pLoF	0.777649459326682	0.5758782411538	0.999998852437579	-0.0401641693776861	23
FANCC	ENSG00000158169	N25 impaired renal tubular function	icd_first_occurrence	160	pLoF	0.777778743116224	0.58429126662538	1.0	-0.0402651305472446	46
BBS4	ENSG00000140463	Microalbumin in urine	continuous	119013	pLoF	0.777946345260228	0.565046885869409	0.59885608733748	0.00227275890799366	48
KIAA0586	ENSG00000100578	N28 other disorders of kidney and ureter	icd_first_occurrence	5275	pLoF	0.778445372625725	0.93117403407126	0.630751048551513	0.000487254817227975	111
FANCI	ENSG00000140525	N04 nephrotic syndrome	icd_first_occurrence	242	pLoF	0.778926012780652	0.550559094033917	1.0	-0.0400703902975931	124
DACT1	ENSG00000165617	Creatinine (enzymatic) in urine	continuous	383774	pLoF	0.779305741794872	0.672224865688202	0.578541834664541	0.00179439051152498	22
BRIP1	ENSG00000136492	N25 impaired renal tubular function	icd_first_occurrence	160	pLoF	0.779523168307819	0.577643167060883	1.0	-0.0402849626788128	88
SCLT1	ENSG00000151466	N18 chronic renal failure	icd_first_occurrence	14086	pLoF	0.779618124030409	0.563068200720443	0.985539518120303	-0.0103768273872266	29
AHI1	ENSG00000135541	N25 impaired renal tubular function	icd_first_occurrence	160	pLoF	0.780507793523412	0.553757220341548	1.0	-0.0401781209000214	99
ANKS6	ENSG00000165138	Q61 cystic kidney disease	icd_first_occurrence	735	pLoF	0.78094526215115	0.559299080795226	1.0	-0.0397258498592776	50
UBAC2	ENSG00000134882	N19 unspecified renal failure	icd_first_occurrence	2345	pLoF	0.78139963217963	0.570997479501607	0.999999710992261	-0.0402755820351173	21
NUP107	ENSG00000111581	N20 calculus of kidney and ureter	icd_first_occurrence	5879	pLoF	0.781603200237266	0.547505597550211	0.752895267739371	-0.0114640909486416	69
FANCA	ENSG00000187741	I12 hypertensive renal disease	icd_first_occurrence	1513	pLoF	0.782043478568874	0.546954517730671	0.739384781671841	-0.0138111324170236	172
ALG5	ENSG00000120697	N18 chronic renal failure	icd_first_occurrence	14086	pLoF	0.782539315799343	0.827907140276771	0.56619863648523	-0.00758902617797623	21
BRD4	ENSG00000141867	N17 acute renal failure	icd_first_occurrence	7312	pLoF	0.782698533597642	0.601290581457412	0.996638436483595	-0.0331366523584327	9
ERAP1	ENSG00000164307	Q61 cystic kidney disease	icd_first_occurrence	735	pLoF	0.783521840898374	0.665328122372999	0.795475196506182	-0.00708090534146325	74
GTF2IRD1	ENSG00000006704	N28 other disorders of kidney and ureter	icd_first_occurrence	5275	pLoF	0.783629196194495	0.569476428271252	1.0	-0.0322288074516354	22
TBX1	ENSG00000184058	N28 other disorders of kidney and ureter	icd_first_occurrence	5275	pLoF	0.783662212767175	0.570619142954888	0.99999933759168	-0.0405778040552277	13
SDCCAG8	ENSG00000054282	N19 unspecified renal failure	icd_first_occurrence	2345	pLoF	0.783719390335634	0.573275130823472	0.643853057437078	-0.0162064200923384	59
IFT122	ENSG00000163913	Microalbumin in urine	continuous	119013	pLoF	0.784529953584266	0.584152336512316	0.962563056281996	0.00139072334215459	101
SCAPER	ENSG00000140386	N08 glomerular disorders in dis. class. elsewhere	icd_first_occurrence	531	pLoF	0.784638749014666	0.551308569547909	1.0	-0.0401260283338475	80
HLA-DPA1	ENSG00000231389	N08 glomerular disorders in dis. class. elsewhere	icd_first_occurrence	531	pLoF	0.784662403241487	0.599495581111834	0.999950697976017	-0.0272992643646305	22
BBS1	ENSG00000174483	C64 Malignant neoplasm of kidney	icd10	985	pLoF	0.784798716915245	0.558249453204186	1.0	-0.0399553745117472	48
MEN1	ENSG00000133895	N18 chronic renal failure	icd_first_occurrence	14086	pLoF	0.784810242079581	0.585182384110947	0.999794786023462	-0.0416986918571492	10
APC2	ENSG00000115266	N19 unspecified renal failure	icd_first_occurrence	2345	pLoF	0.785025328943682	0.55296798259542	1.0	-0.0377705075640957	36
BUD23	ENSG00000071462	Q61 cystic kidney disease	icd_first_occurrence	735	pLoF	0.785073475991349	0.581335366503871	1.0	-0.0399673337707805	39
SALL1	ENSG00000103449	Urea	continuous	376551	pLoF	0.785201605314352	0.724089448715656	0.774543580353194	0.000196276008305632	12
BBIP1	ENSG00000214413	Urea	continuous	376551	pLoF	0.78546217058291	0.991011264254143	0.646480388623028	6.11649055375001e-05	8
FANCM	ENSG00000187790	I12 hypertensive renal disease	icd_first_occurrence	1513	pLoF	0.785620834190011	0.608759037577972	0.901110606145073	-0.00760748748701218	124
PALB2	ENSG00000083093	N19 unspecified renal failure	icd_first_occurrence	2345	pLoF	0.785698491497482	0.856547422660974	0.569180485164406	0.00325776023309432	94
PAN2	ENSG00000135473	N20 calculus of kidney and ureter	icd_first_occurrence	5879	pLoF	0.786068574807281	0.551483880351365	0.980528056143269	-0.0172127524982611	65
BRCA2	ENSG00000139618	C64 Malignant neoplasm of kidney	icd10	985	pLoF	0.786221298968792	0.547831071141409	0.993797560335219	-0.0130663006578948	280
SRCAP	ENSG00000080603	N23 unspecified renal colic	icd_first_occurrence	4304	pLoF	0.786942390298912	0.561587835393409	1.0	-0.0404854245444711	31
FANCA	ENSG00000187741	N26 unspecified contracted kidney	icd_first_occurrence	176	pLoF	0.787365940772568	0.550868875758978	1.0	-0.0401102213894429	172
BRIP1	ENSG00000136492	I12 hypertensive renal disease	icd_first_occurrence	1513	pLoF	0.787653322387831	0.588477877878967	0.99940386048693	-0.0128069612597377	88
MYOCD	ENSG00000141052	C64 Malignant neoplasm of kidney	icd10	985	pLoF	0.787754454548038	0.619023280211758	0.999896894097264	-0.0401926475433588	24
ZNF699	ENSG00000196110	Cystatin C	continuous	376784	pLoF	0.789327744757485	0.628432926828901	0.964460033493767	0.00185069106444308	18
KMT2D	ENSG00000167548	I12 hypertensive renal disease	icd_first_occurrence	1513	pLoF	0.789553025212937	0.576596913967757	1.0	-0.0378959141977197	28
KIAA0586	ENSG00000100578	N04 nephrotic syndrome	icd_first_occurrence	242	pLoF	0.789620040621522	0.64725067432219	0.657551082813959	-0.0118683823900074	111
HRAS	ENSG00000174775	Q63 other congenital malformations of kidney	icd_first_occurrence	452	pLoF	0.789756129202892	0.673609046929382	0.895673148668932	-0.040218620840616	10
UBE2T	ENSG00000077152	N23 unspecified renal colic	icd_first_occurrence	4304	pLoF	0.789759497897366	0.588372255849413	0.999976660154835	-0.0294335423894449	14
MMACHC	ENSG00000132763	Q61 cystic kidney disease	icd_first_occurrence	735	pLoF	0.790170262509646	0.685291824474983	0.917122951717784	-0.0135757940541701	15
TMEM67	ENSG00000164953	N25 impaired renal tubular function	icd_first_occurrence	160	pLoF	0.790183452552389	0.575493646373815	1.0	-0.0356194425258347	86
GTF2IRD2	ENSG00000196275	N19 unspecified renal failure	icd_first_occurrence	2345	pLoF	0.790515300708359	0.57818767643315	0.999999837710556	-0.0403394159012332	19
MYOCD	ENSG00000141052	Creatinine (enzymatic) in urine	continuous	383774	pLoF	0.79065374245003	0.620695838047269	0.779992488599522	0.00175535800993572	24
DNASE1L3	ENSG00000163687	I12 hypertensive renal disease	icd_first_occurrence	1513	pLoF	0.791578018524942	0.604250988064034	0.999205738583408	-0.0402614987554609	10
LAMA5	ENSG00000130702	Q60 renal agenesis / reduction defects	icd_first_occurrence	199	pLoF	0.791649990799821	0.545645767487844	1.0	-0.0393314085865805	267
CLCNKB	ENSG00000184908	N19 unspecified renal failure	icd_first_occurrence	2345	pLoF	0.792161799709591	0.735582648087406	0.565254944429606	0.00794445840339709	67
SLX4	ENSG00000188827	N04 nephrotic syndrome	icd_first_occurrence	242	pLoF	0.792363111313925	0.561342444646041	1.0	-0.0383529549457882	100
PALB2	ENSG00000083093	N26 unspecified contracted kidney	icd_first_occurrence	176	pLoF	0.792674024192667	0.57908663529825	1.0	-0.0382507080158377	94
RAD51	ENSG00000051180	Urea	continuous	376551	pLoF	0.792770274211481	0.785213310135228	0.601029855113081	-0.00321241530366225	6
SLC7A7	ENSG00000155465	N08 glomerular disorders in dis. class. elsewhere	icd_first_occurrence	531	pLoF	0.79283287256299	0.577514234584357	1.0	-0.0401329040551198	40
ZNF699	ENSG00000196110	C64 Malignant neoplasm of kidney	icd10	985	pLoF	0.79286000225963	0.636842875843629	0.998955500431819	-0.040213567222433	18
TMEM216	ENSG00000187049	N28 other disorders of kidney and ureter	icd_first_occurrence	5275	pLoF	0.793174461497147	0.965763317232088	0.67244868066759	0.00100761746956149	13
SPP1	ENSG00000118785	N19 unspecified renal failure	icd_first_occurrence	2345	pLoF	0.794328837875152	0.693106596194104	0.961618174665565	-0.00518875936563474	16
IL23R	ENSG00000162594	Creatinine	continuous	376624	pLoF	0.794457972592129	0.591356470655553	0.824448881608993	0.00211850607556332	18
RFC2	ENSG00000049541	Q63 other congenital malformations of kidney	icd_first_occurrence	452	pLoF	0.794500299114605	0.607862506311732	0.999995542789962	-0.0400695542841567	25
MKS1	ENSG00000011143	Q63 other congenital malformations of kidney	icd_first_occurrence	452	pLoF	0.79523943877157	0.576640079528075	1.0	-0.040111692103353	48
HLA-DPB1	ENSG00000223865	Q61 cystic kidney disease	icd_first_occurrence	735	pLoF	0.795982948814434	0.58414316944371	1.0	-0.0378017751339664	30
FANCE	ENSG00000112039	N08 glomerular disorders in dis. class. elsewhere	icd_first_occurrence	531	pLoF	0.796045311543083	0.611889591233913	1.0	-0.0401641970965727	38
PALB2	ENSG00000083093	Microalbumin in urine	continuous	119013	pLoF	0.796429740380006	0.590081339303161	0.874026029903288	0.00129529559533531	94
FAAP100	ENSG00000185504	I12 hypertensive renal disease	icd_first_occurrence	1513	pLoF	0.796464057487038	0.916275499993646	0.599167797772392	0.00400345207420609	61
INPP5E	ENSG00000148384	N08 glomerular disorders in dis. class. elsewhere	icd_first_occurrence	531	pLoF	0.796598752343079	0.588854962722083	1.0	-0.0401493952486169	48
MLXIPL	ENSG00000009950	N23 unspecified renal colic	icd_first_occurrence	4304	pLoF	0.797031567494946	0.817151828773743	0.583295090317222	0.00695925734786477	41
IL23R	ENSG00000162594	I12 hypertensive renal disease	icd_first_occurrence	1513	pLoF	0.797611182376667	0.596663022223721	0.999998397759175	-0.0403120535120368	18
GTF2IRD1	ENSG00000006704	N23 unspecified renal colic	icd_first_occurrence	4304	pLoF	0.798213778158566	0.587411388555942	1.0	-0.0324351424210387	22
IFT74	ENSG00000096872	N08 glomerular disorders in dis. class. elsewhere	icd_first_occurrence	531	pLoF	0.799269982914715	0.83633907433213	0.664023453739027	0.00646111788726707	24
BBIP1	ENSG00000214413	N19 unspecified renal failure	icd_first_occurrence	2345	pLoF	0.799573375507173	0.653842420108341	0.995834418597716	-0.0280142851293203	8
CC2D2A	ENSG00000048342	N23 unspecified renal colic	icd_first_occurrence	4304	pLoF	0.799877690664384	0.649750771214524	0.594745075133633	-0.00513113285696959	136
IFT172	ENSG00000138002	N04 nephrotic syndrome	icd_first_occurrence	242	pLoF	0.800202804073471	0.563007445925379	1.0	-0.0397827738695391	123
CLPB	ENSG00000162129	N04 nephrotic syndrome	icd_first_occurrence	242	pLoF	0.800593786385068	0.632988111301178	1.0	-0.0401993051283447	48
CEP19	ENSG00000174007	I12 hypertensive renal disease	icd_first_occurrence	1513	pLoF	0.800704144872761	0.619919864674527	0.999929602950802	-0.0402568563257935	17
LZTFL1	ENSG00000163818	Creatinine (enzymatic) in urine	continuous	383774	pLoF	0.800806436260325	0.979329328530433	0.588242286343794	0.000169647737773793	17
ALG9	ENSG00000086848	N17 acute renal failure	icd_first_occurrence	7312	pLoF	0.800912440690511	0.780527068933732	0.584897734751625	0.00693437518671631	46
PALB2	ENSG00000083093	N25 impaired renal tubular function	icd_first_occurrence	160	pLoF	0.801428261856699	0.591257610649499	1.0	-0.0388490943493241	94
CPT2	ENSG00000157184	Q63 other congenital malformations of kidney	icd_first_occurrence	452	pLoF	0.801601486172807	0.592080995329763	1.0	-0.0396705244472789	39
IFT27	ENSG00000100360	N19 unspecified renal failure	icd_first_occurrence	2345	pLoF	0.80186380999038	0.614641786057217	0.917796981253643	-0.015827203526892	20
TBL2	ENSG00000106638	C64 Malignant neoplasm of kidney	icd10	985	pLoF	0.801867395383654	0.598247779473132	1.0	-0.040187937155996	29
INVS	ENSG00000119509	N04 nephrotic syndrome	icd_first_occurrence	242	pLoF	0.802070305155439	0.584923341184995	1.0	-0.0401453891522098	84
PRTN3	ENSG00000196415	N28 other disorders of kidney and ureter	icd_first_occurrence	5275	pLoF	0.802385526287936	0.690543767572615	0.691644204045384	0.00548409049654015	28
IFNG	ENSG00000111537	I12 hypertensive renal disease	icd_first_occurrence	1513	pLoF	0.802551095485971	0.629063220586523	0.999113542716949	-0.0402796360108332	11
EHMT1	ENSG00000181090	N19 unspecified renal failure	icd_first_occurrence	2345	pLoF	0.803481654879755	0.632252637384628	0.999574039286946	-0.030839460863417	14
AHI1	ENSG00000135541	N08 glomerular disorders in dis. class. elsewhere	icd_first_occurrence	531	pLoF	0.803706820565908	0.909066706903125	0.582717958881029	-0.00415012473629324	99
SMC3	ENSG00000108055	N23 unspecified renal colic	icd_first_occurrence	4304	pLoF	0.803916970155584	0.578001938205983	1.0	-0.0405455217361062	25
NUP107	ENSG00000111581	Creatinine (enzymatic) in urine	continuous	383774	pLoF	0.803976057211561	0.574465460588275	0.752319350991229	0.00127147589068805	69
SH2B1	ENSG00000178188	N23 unspecified renal colic	icd_first_occurrence	4304	pLoF	0.804566815815617	0.596954134433467	0.999999785171145	-0.0365940703207042	17
CHRM3	ENSG00000133019	N19 unspecified renal failure	icd_first_occurrence	2345	pLoF	0.804743924742136	0.639443368413785	0.999331509726761	-0.0404267267341491	13
CILK1	ENSG00000112144	Q61 cystic kidney disease	icd_first_occurrence	735	pLoF	0.805063660636825	0.582709994579627	1.0	-0.0396623948421671	46
ERCC4	ENSG00000175595	N08 glomerular disorders in dis. class. elsewhere	icd_first_occurrence	531	pLoF	0.805573544096455	0.585976243389471	1.0	-0.0401191168373746	49
NOTCH2	ENSG00000134250	N19 unspecified renal failure	icd_first_occurrence	2345	pLoF	0.805627562189343	0.583952626859836	1.0	-0.0364674213098867	39
ERCC8	ENSG00000049167	N08 glomerular disorders in dis. class. elsewhere	icd_first_occurrence	531	pLoF	0.805698142328517	0.60305027473223	1.0	-0.0401458722084968	32
IL12A	ENSG00000168811	N23 unspecified renal colic	icd_first_occurrence	4304	pLoF	0.805841574423346	0.597808038378574	0.999999654665576	-0.0404586069752334	13
MLXIPL	ENSG00000009950	Q61 cystic kidney disease	icd_first_occurrence	735	pLoF	0.806077579922299	0.594527592847036	1.0	-0.0400769600369114	41
IFNG	ENSG00000111537	Cystatin C	continuous	376784	pLoF	0.80624088002426	0.945499297610596	0.646471888781337	0.000320327942575282	11
NPHP1	ENSG00000144061	N08 glomerular disorders in dis. class. elsewhere	icd_first_occurrence	531	pLoF	0.80678091646421	0.607158184393278	1.0	-0.0401623870035244	37
HNRNPK	ENSG00000165119	N28 other disorders of kidney and ureter	icd_first_occurrence	5275	pLoF	0.807108461116626	0.650843752166025	0.985595469651693	-0.0405567651472636	4
FANCE	ENSG00000112039	Q63 other congenital malformations of kidney	icd_first_occurrence	452	pLoF	0.807268537686962	0.632163885375816	1.0	-0.0401481754394878	38
NCF1	ENSG00000158517	Urea	continuous	376551	pLoF	0.807391106641979	0.634699981790084	0.686537120547993	-0.00193410893909589	15
KIAA0586	ENSG00000100578	N23 unspecified renal colic	icd_first_occurrence	4304	pLoF	0.807438752734998	0.80124918168772	0.66954982290308	0.00157900794596969	111
IFT122	ENSG00000163913	N04 nephrotic syndrome	icd_first_occurrence	242	pLoF	0.80749415565923	0.61951582431234	1.0	-0.0278222260772699	101
AMOTL1	ENSG00000166025	C64 Malignant neoplasm of kidney	icd10	985	pLoF	0.807938277717364	0.593115850674166	1.0	-0.0401701870885639	38
XRCC2	ENSG00000196584	Q63 other congenital malformations of kidney	icd_first_occurrence	452	pLoF	0.808898075817525	0.612467017535302	0.999999762596935	-0.0401311279599767	23
RPGRIP1L	ENSG00000103494	I12 hypertensive renal disease	icd_first_occurrence	1513	pLoF	0.809271805442063	0.582832162671487	0.975664771387982	-0.0159484707029469	96
DACT1	ENSG00000165617	Creatinine	continuous	376624	pLoF	0.809505260091953	0.852409535096679	0.613336583320802	0.000662977187320928	22
COG1	ENSG00000166685	N04 nephrotic syndrome	icd_first_occurrence	242	pLoF	0.809623743607038	0.63907463661194	1.0	-0.0396337050352958	64
BRD4	ENSG00000141867	Cystatin C	continuous	376784	pLoF	0.810403462557936	0.888552797716986	0.624882671838117	0.00109818069530619	9
PAN2	ENSG00000135473	C64 Malignant neoplasm of kidney	icd10	985	pLoF	0.810589528380112	0.579693810717595	1.0	-0.039899665756914	65
FAH	ENSG00000103876	N26 unspecified contracted kidney	icd_first_occurrence	176	pLoF	0.810743132164545	0.627300075245954	0.999999484345385	-0.0402325763200904	33
DNAJB11	ENSG00000090520	N17 acute renal failure	icd_first_occurrence	7312	pLoF	0.810769567524751	0.813096784343447	0.592134882022127	0.0107826561629379	25
HLA-DPB1	ENSG00000223865	Creatinine	continuous	376624	pLoF	0.810977667067223	0.607582266203692	0.602336401074401	0.00120600255693466	30
TMEM216	ENSG00000187049	N04 nephrotic syndrome	icd_first_occurrence	242	pLoF	0.811210312453359	0.698034232009278	0.938012180640823	-0.0402865087462676	13
FBXO22	ENSG00000167196	Microalbumin in urine	continuous	119013	pLoF	0.811758963885447	0.642953090945071	0.714362726546796	0.00390112908589758	19
TSC1	ENSG00000165699	N23 unspecified renal colic	icd_first_occurrence	4304	pLoF	0.811766252473969	0.596010747561846	1.0	-0.0406425073267663	17
BBS5	ENSG00000163093	C64 Malignant neoplasm of kidney	icd10	985	pLoF	0.811941683003348	0.598456156997424	1.0	-0.0397708681989642	28
SCLT1	ENSG00000151466	Q61 cystic kidney disease	icd_first_occurrence	735	pLoF	0.812512055812529	0.600712925782088	1.0	-0.0401103045848245	29
AHI1	ENSG00000135541	Q63 other congenital malformations of kidney	icd_first_occurrence	452	pLoF	0.813351152525174	1.0	0.595399718629955	9.14307543189276e-05	99
MAD2L2	ENSG00000116670	Cystatin C	continuous	376784	pLoF	0.813426423271195	0.611107274919441	0.740106883586648	-0.00199022707549679	14
BRCA1	ENSG00000012048	N04 nephrotic syndrome	icd_first_occurrence	242	pLoF	0.813550394846536	0.581442364154888	1.0	-0.0401163210073806	141
SLX4	ENSG00000188827	N20 calculus of kidney and ureter	icd_first_occurrence	5879	pLoF	0.813932748620499	0.585648069869542	0.686248340920352	-0.00722663570291999	100
SPP1	ENSG00000118785	N17 acute renal failure	icd_first_occurrence	7312	pLoF	0.813943728782888	0.717421235378219	0.87944066627906	-0.00272069330290916	16
FKBP6	ENSG00000077800	N04 nephrotic syndrome	icd_first_occurrence	242	pLoF	0.814050348922959	0.665093991417117	0.999789649892375	-0.0401910960889253	26
NSD1	ENSG00000165671	I12 hypertensive renal disease	icd_first_occurrence	1513	pLoF	0.814463128078575	0.600847468828626	1.0	-0.0371620682524219	32
SCAPER	ENSG00000140386	Q63 other congenital malformations of kidney	icd_first_occurrence	452	pLoF	0.814677340126139	0.588751476530706	1.0	-0.0400941045266134	80
BBS10	ENSG00000179941	N04 nephrotic syndrome	icd_first_occurrence	242	pLoF	0.814743818720536	0.7122262253217	0.912621745285187	-0.0402703191134533	14
CHRM3	ENSG00000133019	N18 chronic renal failure	icd_first_occurrence	14086	pLoF	0.814829464654465	0.660486745236917	0.999997970423429	-0.0148163601383955	13
NOD2	ENSG00000167207	N04 nephrotic syndrome	icd_first_occurrence	242	pLoF	0.814959877877862	0.607828049065667	1.0	-0.0401661722759397	53
AHI1	ENSG00000135541	C64 Malignant neoplasm of kidney	icd10	985	pLoF	0.815433098123963	0.926222048623303	0.595383187105998	-0.0024624641419573	99
CFAP418	ENSG00000156172	I12 hypertensive renal disease	icd_first_occurrence	1513	pLoF	0.816212525484177	0.615586834184635	1.0	-0.0398768969504177	25
NCF1	ENSG00000158517	C64 Malignant neoplasm of kidney	icd10	985	pLoF	0.817125214361939	0.641407277824672	0.999965174644138	-0.0402364873859011	15
SCAPER	ENSG00000140386	Creatinine (enzymatic) in urine	continuous	383774	pLoF	0.817506293963206	0.994562656649952	0.591815767312692	-2.42216086219782e-05	80
IFT74	ENSG00000096872	N23 unspecified renal colic	icd_first_occurrence	4304	pLoF	0.817719033619205	0.688844658289388	0.957079774787044	-0.00433334929808725	24
MKKS	ENSG00000125863	N23 unspecified renal colic	icd_first_occurrence	4304	pLoF	0.8179653109422	1.0	0.604946359022827	-0.000263722771794157	37
WDPCP	ENSG00000143951	I12 hypertensive renal disease	icd_first_occurrence	1513	pLoF	0.818076634874475	0.921054789404944	0.600234649522512	-0.00364583614546917	56
SLX4	ENSG00000188827	Q60 renal agenesis / reduction defects	icd_first_occurrence	199	pLoF	0.818100381562497	0.591027613022883	1.0	-0.0384870523445879	100
MYOCD	ENSG00000141052	Q61 cystic kidney disease	icd_first_occurrence	735	pLoF	0.818551090992199	0.658696523599043	0.999996863337974	-0.0401428165038501	24
TMEM237	ENSG00000155755	N04 nephrotic syndrome	icd_first_occurrence	242	pLoF	0.818956866792137	0.609372880590103	1.0	-0.0401443462467052	44
RAD21	ENSG00000164754	N18 chronic renal failure	icd_first_occurrence	14086	pLoF	0.819157010936179	0.643628830859939	0.997169880810028	-0.0415671660166727	5
COL7A1	ENSG00000114270	Q63 other congenital malformations of kidney	icd_first_occurrence	452	pLoF	0.81963507086729	0.605551238531551	0.838465169520447	-0.0155573294203017	229
BRD4	ENSG00000141867	N20 calculus of kidney and ureter	icd_first_occurrence	5879	pLoF	0.819698683024195	0.632630669003782	0.999818101238819	-0.0331762896605816	9
INPP5E	ENSG00000148384	Q63 other congenital malformations of kidney	icd_first_occurrence	452	pLoF	0.819772381287416	0.613745534879459	1.0	-0.0401115512860236	48
CFAP418	ENSG00000156172	Microalbumin in urine	continuous	119013	pLoF	0.819854238680644	0.634342636833844	0.6431402824388	-0.00469122536945745	25
SLC7A7	ENSG00000155465	Q63 other congenital malformations of kidney	icd_first_occurrence	452	pLoF	0.820103186748886	0.606128708191164	1.0	-0.0401009026184979	40
BBS5	ENSG00000163093	N18 chronic renal failure	icd_first_occurrence	14086	pLoF	0.820291679723488	0.608408587634693	0.767881734130988	-0.0102120626995308	28
BBS9	ENSG00000122507	C64 Malignant neoplasm of kidney	icd10	985	pLoF	0.820308825907325	0.964968360945617	0.609804033631705	-0.00170335918437758	61
KIAA0753	ENSG00000198920	Urea	continuous	376551	pLoF	0.820817266749355	0.606727284662598	0.716031338408078	-0.000578589090880944	82
C4A	ENSG00000244731	N19 unspecified renal failure	icd_first_occurrence	2345	pLoF	0.82088280254609	0.611320707541716	1.0	-0.0358083650630984	19
LAMA5	ENSG00000130702	N26 unspecified contracted kidney	icd_first_occurrence	176	pLoF	0.820900546618624	0.578752162624858	1.0	-0.0394109411841337	267
MMACHC	ENSG00000132763	N23 unspecified renal colic	icd_first_occurrence	4304	pLoF	0.821215208071345	0.843573793004501	0.724516846209003	0.00279686971219703	15
IFT74	ENSG00000096872	Q63 other congenital malformations of kidney	icd_first_occurrence	452	pLoF	0.821307119426949	0.692734704461103	0.985500164673539	-0.013339009306111	24
CC2D2A	ENSG00000048342	Cystatin C	continuous	376784	pLoF	0.821763109024126	0.620800958250385	0.624503202224912	0.000525413553847167	136
FAAP100	ENSG00000185504	N08 glomerular disorders in dis. class. elsewhere	icd_first_occurrence	531	pLoF	0.822123801994164	0.627613961017749	1.0	-0.032027447732955	61
DNAJB11	ENSG00000090520	N19 unspecified renal failure	icd_first_occurrence	2345	pLoF	0.823205956831952	0.605250337468601	1.0	-0.0403300050973212	25
FANCD2	ENSG00000144554	I12 hypertensive renal disease	icd_first_occurrence	1513	pLoF	0.8232547522944	0.638958067013193	0.998167522193153	-0.00942101919132026	106
FANCL	ENSG00000115392	C64 Malignant neoplasm of kidney	icd10	985	pLoF	0.823504724799251	0.731911806495982	0.999999960055572	-0.00504247314776844	53
FANCG	ENSG00000221829	Urea	continuous	376551	pLoF	0.823835999048555	0.611265361833078	0.809509207624568	0.00101838583291709	55
CLIP2	ENSG00000106665	I12 hypertensive renal disease	icd_first_occurrence	1513	pLoF	0.823964938206733	0.601392606295454	1.0	-0.0402391007843135	36
IFT74	ENSG00000096872	Q61 cystic kidney disease	icd_first_occurrence	735	pLoF	0.824359352581836	0.697096436541273	0.902109463348138	0.0103060756500273	24
CEP290	ENSG00000198707	N19 unspecified renal failure	icd_first_occurrence	2345	pLoF	0.824656053555264	0.600503782433971	0.85276987729461	-0.00552715462107659	253
IFNGR1	ENSG00000027697	Creatinine (enzymatic) in urine	continuous	383774	pLoF	0.824746480486686	0.637024164095019	0.650933080866327	0.00303805648017184	13
CLPB	ENSG00000162129	Q60 renal agenesis / reduction defects	icd_first_occurrence	199	pLoF	0.824900678958493	0.662619454014951	0.999999958147114	-0.0401946118107621	48
FAH	ENSG00000103876	N25 impaired renal tubular function	icd_first_occurrence	160	pLoF	0.825055713682349	0.647752031225875	0.999999690112097	-0.0402741875027845	33
NOTCH2	ENSG00000134250	Creatinine (enzymatic) in urine	continuous	383774	pLoF	0.82525584634334	0.603567864364473	0.828867483069714	0.00256601446073507	39
BAZ1B	ENSG00000009954	I12 hypertensive renal disease	icd_first_occurrence	1513	pLoF	0.826066825291329	0.655518777019815	0.999970007362302	-0.0397422308658146	18
NUP107	ENSG00000111581	N23 unspecified renal colic	icd_first_occurrence	4304	pLoF	0.826122043401503	0.602332967947262	0.606692381559353	0.0116372824245003	69
MLXIPL	ENSG00000009950	N28 other disorders of kidney and ureter	icd_first_occurrence	5275	pLoF	0.826284485048737	0.996013961809449	0.615820809499135	-0.000305849105559738	41
DNAJB11	ENSG00000090520	Creatinine (enzymatic) in urine	continuous	383774	pLoF	0.826751654898042	0.60597437248911	0.853873887028409	-0.00284433575966101	25
ZNF699	ENSG00000196110	Q61 cystic kidney disease	icd_first_occurrence	735	pLoF	0.827006192734645	0.683337394452574	0.999889929189664	-0.0401462259876514	18
IFT172	ENSG00000138002	Q60 renal agenesis / reduction defects	icd_first_occurrence	199	pLoF	0.827102330942443	0.597190233958398	1.0	-0.0399432689778982	123
EBF3	ENSG00000108001	N18 chronic renal failure	icd_first_occurrence	14086	pLoF	0.827173768714736	0.688827474782011	0.982921612748606	-0.0422960586321022	4
MYCN	ENSG00000134323	N17 acute renal failure	icd_first_occurrence	7312	pLoF	0.827486892277024	0.706413757923304	0.970901439374025	-0.0417633834208498	4
BBS2	ENSG00000125124	Microalbumin in urine	continuous	119013	pLoF	0.827610285364441	0.646816529599526	0.639323757453024	0.00117492624565829	63
VPS37D	ENSG00000176428	N20 calculus of kidney and ureter	icd_first_occurrence	5879	pLoF	0.827670774321298	0.634107430665909	0.999995577498467	-0.0342188862426085	10
WT1	ENSG00000184937	N28 other disorders of kidney and ureter	icd_first_occurrence	5275	pLoF	0.828022198301308	0.7179488285617	1.0	-0.0406865692574262	3
NCF1	ENSG00000158517	Q61 cystic kidney disease	icd_first_occurrence	735	pLoF	0.828297035301186	0.663353148919907	0.999956730929988	-0.0401783126966848	15
ARL6	ENSG00000113966	N19 unspecified renal failure	icd_first_occurrence	2345	pLoF	0.828443293482835	0.620816192123259	0.99999966302858	-0.0403824646868395	13
LIMK1	ENSG00000106683	N23 unspecified renal colic	icd_first_occurrence	4304	pLoF	0.828475214872227	0.616632122503191	1.0	-0.0367195024387435	22
WDR35	ENSG00000118965	N17 acute renal failure	icd_first_occurrence	7312	pLoF	0.828626979593445	0.604741803542959	0.877345042945118	-0.00759553887721937	90
FBXO22	ENSG00000167196	Urea	continuous	376551	pLoF	0.829121284934759	0.741976281497571	0.676435147874423	-0.00143775003062456	19
FANCG	ENSG00000221829	C64 Malignant neoplasm of kidney	icd10	985	pLoF	0.829283408007292	0.918597379505134	0.620249196919648	0.00434139268381304	55
KYNU	ENSG00000115919	N04 nephrotic syndrome	icd_first_occurrence	242	pLoF	0.829539357705888	0.652468856658389	0.99999796357992	-0.0401403434001925	26
CSPP1	ENSG00000104218	Q63 other congenital malformations of kidney	icd_first_occurrence	452	pLoF	0.829733731293906	1.0	0.623247134967209	-0.000183263215002988	113
CILK1	ENSG00000112144	N28 other disorders of kidney and ureter	icd_first_occurrence	5275	pLoF	0.829905638985907	0.613394556131234	0.655867135211679	0.0132328537561048	46
WT1	ENSG00000184937	N20 calculus of kidney and ureter	icd_first_occurrence	5879	pLoF	0.829921809907622	0.715483089204107	1.0	-0.0407609915623318	3
COG1	ENSG00000166685	Q60 renal agenesis / reduction defects	icd_first_occurrence	199	pLoF	0.829925218013418	0.668233816585726	1.0	-0.0396021981253277	64
RPGRIP1L	ENSG00000103494	N04 nephrotic syndrome	icd_first_occurrence	242	pLoF	0.830068662972637	0.604671760818322	1.0	-0.0388126097780916	96
HSD11B2	ENSG00000176387	N19 unspecified renal failure	icd_first_occurrence	2345	pLoF	0.830117178799598	0.626723357740433	1.0	-0.0323595351173437	24
FANCE	ENSG00000112039	N20 calculus of kidney and ureter	icd_first_occurrence	5879	pLoF	0.830243915621999	0.984536386336688	0.652662858222657	0.00051623841046968	38
JAG1	ENSG00000101384	N17 acute renal failure	icd_first_occurrence	7312	pLoF	0.830630327379598	0.675765649033273	0.999339084568773	-0.028165716482551	9
MKKS	ENSG00000125863	C64 Malignant neoplasm of kidney	icd10	985	pLoF	0.830695663972833	0.622344599988334	1.0	-0.0364835384646957	37
KYNU	ENSG00000115919	Creatinine (enzymatic) in urine	continuous	383774	pLoF	0.831029019230925	0.651637024842084	0.916456927213566	0.000948498816733898	26
HNRNPK	ENSG00000165119	N23 unspecified renal colic	icd_first_occurrence	4304	pLoF	0.831287022766002	0.689158287384074	0.987243096256392	-0.0404574101701585	4
IFT122	ENSG00000163913	Q60 renal agenesis / reduction defects	icd_first_occurrence	199	pLoF	0.83134396063261	0.648757986030471	1.0	-0.0285822148487762	101
DNASE1L3	ENSG00000163687	C64 Malignant neoplasm of kidney	icd10	985	pLoF	0.831798003652775	0.661699882906196	0.999649776977404	-0.0401900768249753	10
INVS	ENSG00000119509	Q60 renal agenesis / reduction defects	icd_first_occurrence	199	pLoF	0.832034380719149	0.620083381172662	1.0	-0.0401487779740558	84
ARL6	ENSG00000113966	Creatinine (enzymatic) in urine	continuous	383774	pLoF	0.832232830261956	0.949487708854937	0.632612991571894	0.000385238807290351	13
FANCL	ENSG00000115392	Cystatin C	continuous	376784	pLoF	0.832277724724936	0.744023925807547	0.948787085173798	-0.000216990682101131	53
LAMB2	ENSG00000172037	N04 nephrotic syndrome	icd_first_occurrence	242	pLoF	0.832278945606116	0.600954227339359	1.0	-0.0398491617624601	108
MYOCD	ENSG00000141052	N20 calculus of kidney and ureter	icd_first_occurrence	5879	pLoF	0.832498130886634	0.671059327922768	1.0	-0.013950996635487	24
TMEM216	ENSG00000187049	Q60 renal agenesis / reduction defects	icd_first_occurrence	199	pLoF	0.832599192666312	0.726309000247538	0.967896654942366	-0.0402834733000541	13
KLRC4	ENSG00000183542	Creatinine (enzymatic) in urine	continuous	383774	pLoF	0.832830822262636	0.750674937262313	0.829162381723809	0.00250697759871073	3
FAH	ENSG00000103876	N23 unspecified renal colic	icd_first_occurrence	4304	pLoF	0.833062216406642	0.693140429314119	0.653524174175164	-0.00649382021266918	33
BBS9	ENSG00000122507	N04 nephrotic syndrome	icd_first_occurrence	242	pLoF	0.833557595811874	0.617842859066392	1.0	-0.0401124407536325	61
ALG5	ENSG00000120697	N19 unspecified renal failure	icd_first_occurrence	2345	pLoF	0.833632190087675	0.62617407819345	1.0	-0.0403710248402127	21
NEK8	ENSG00000160602	N04 nephrotic syndrome	icd_first_occurrence	242	pLoF	0.833912406757789	0.645298490749011	1.0	-0.0401495710421826	39
FANCC	ENSG00000158169	N23 unspecified renal colic	icd_first_occurrence	4304	pLoF	0.834057136531347	0.799366561408331	0.6469866823137	0.00356612287864481	46
BBS10	ENSG00000179941	N26 unspecified contracted kidney	icd_first_occurrence	176	pLoF	0.83424011736947	0.739728731725144	0.936706511810249	-0.0402771274101579	14
MMP1	ENSG00000196611	Q63 other congenital malformations of kidney	icd_first_occurrence	452	pLoF	0.834336902545131	0.689547445834226	0.754062209930163	-0.00861891321660371	34
ANKS6	ENSG00000165138	N08 glomerular disorders in dis. class. elsewhere	icd_first_occurrence	531	pLoF	0.834656425904579	0.621601265858616	1.0	-0.0396741954130725	50
HSD11B2	ENSG00000176387	N17 acute renal failure	icd_first_occurrence	7312	pLoF	0.834850165763532	0.906956979658006	0.633545202254931	0.0045548797942237	24
NOD2	ENSG00000167207	Q60 renal agenesis / reduction defects	icd_first_occurrence	199	pLoF	0.835407553315168	0.633077869286902	1.0	-0.0401597638622279	53
SCAPER	ENSG00000140386	N23 unspecified renal colic	icd_first_occurrence	4304	pLoF	0.83568506335004	0.611740839258797	0.989209859611749	-0.0118659498729065	80
FANCI	ENSG00000140525	N26 unspecified contracted kidney	icd_first_occurrence	176	pLoF	0.835720315969603	0.61562352705458	1.0	-0.0400435337247734	124
FKBP6	ENSG00000077800	Q60 renal agenesis / reduction defects	icd_first_occurrence	199	pLoF	0.835773986736271	0.695770465015105	0.999943627377587	-0.0402635781516412	26
BRCA1	ENSG00000012048	Q60 renal agenesis / reduction defects	icd_first_occurrence	199	pLoF	0.836599959519937	0.608574193638852	1.0	-0.0400932387658807	141
TMEM216	ENSG00000187049	N17 acute renal failure	icd_first_occurrence	7312	pLoF	0.83683739900314	0.928102327018473	0.729016741076183	-0.00178982929545795	13
ALMS1	ENSG00000116127	Microalbumin in urine	continuous	119013	pLoF	0.836922072407627	0.615689617076516	0.91252141692124	-0.000844712556728297	271
LAMA5	ENSG00000130702	N25 impaired renal tubular function	icd_first_occurrence	160	pLoF	0.83693238281454	0.597770243962421	1.0	-0.0393825340712312	267
FANCM	ENSG00000187790	N28 other disorders of kidney and ureter	icd_first_occurrence	5275	pLoF	0.836958783242468	0.695855384092866	0.6707328385675	-0.00311680599771784	124
BRD4	ENSG00000141867	N28 other disorders of kidney and ureter	icd_first_occurrence	5275	pLoF	0.837007867673343	0.665114208375766	0.999645221706387	-0.0321496745441467	9
AMOTL1	ENSG00000166025	N20 calculus of kidney and ureter	icd_first_occurrence	5879	pLoF	0.83708719314195	0.828575697851034	0.628666110227429	0.00653088450692296	38
IL12A	ENSG00000168811	Creatinine	continuous	376624	pLoF	0.837135175013014	0.72348941222704	0.634726272415491	0.00200605977075848	13
HLA-DPB1	ENSG00000223865	N28 other disorders of kidney and ureter	icd_first_occurrence	5275	pLoF	0.837358085517061	0.864597323055606	0.631664412995637	-0.0043449418751877	30
FANCG	ENSG00000221829	Creatinine	continuous	376624	pLoF	0.838032835753056	0.757376316658873	0.628973607630823	0.000515753452237177	55
TMEM231	ENSG00000205084	C64 Malignant neoplasm of kidney	icd10	985	pLoF	0.838057760503701	0.629294911873647	1.0	-0.0392089046262138	31
BBS1	ENSG00000174483	Q61 cystic kidney disease	icd_first_occurrence	735	pLoF	0.838169703551791	0.619111986638433	1.0	-0.0396749924119016	48
UBAC2	ENSG00000134882	I12 hypertensive renal disease	icd_first_occurrence	1513	pLoF	0.838246368058213	0.646456387017359	1.0	-0.0402166649910065	21
MAD2L2	ENSG00000116670	C64 Malignant neoplasm of kidney	icd10	985	pLoF	0.838458208654931	0.640289070613888	0.999999676538687	-0.0402007349225938	14
BUD23	ENSG00000071462	N08 glomerular disorders in dis. class. elsewhere	icd_first_occurrence	531	pLoF	0.838781686652599	0.649822630377728	1.0	-0.0399573336251292	39
WDR35	ENSG00000118965	N04 nephrotic syndrome	icd_first_occurrence	242	pLoF	0.838797311145064	0.617118960015064	1.0	-0.0401026637680296	90
TMEM237	ENSG00000155755	C64 Malignant neoplasm of kidney	icd10	985	pLoF	0.839745537793019	0.974984736104891	0.639150632310267	-0.00129557961769965	44
CHRM3	ENSG00000133019	N17 acute renal failure	icd_first_occurrence	7312	pLoF	0.839906871169458	0.7240351084728	0.685646387283499	0.0171144313206372	13
TMEM270	ENSG00000175877	N04 nephrotic syndrome	icd_first_occurrence	242	pLoF	0.839922791779247	0.657689138354718	0.999999175997738	-0.0397017470948292	23
RFWD3	ENSG00000168411	N08 glomerular disorders in dis. class. elsewhere	icd_first_occurrence	531	pLoF	0.840414684564526	0.618172918777668	1.0	-0.0401064367937519	59
KIAA0586	ENSG00000100578	C64 Malignant neoplasm of kidney	icd10	985	pLoF	0.84073465438889	0.713142177858605	0.978219696638966	-0.00473282881385494	111
KLRC4	ENSG00000183542	N19 unspecified renal failure	icd_first_occurrence	2345	pLoF	0.840774219056854	0.740955149358965	1.0	-0.0402715060558894	3
FAAP100	ENSG00000185504	Q63 other congenital malformations of kidney	icd_first_occurrence	452	pLoF	0.841655055753873	0.654735047450443	1.0	-0.0315964430911591	61
FANCI	ENSG00000140525	N25 impaired renal tubular function	icd_first_occurrence	160	pLoF	0.841889480907566	0.624283369919808	1.0	-0.0400078323146309	124
CLPB	ENSG00000162129	N26 unspecified contracted kidney	icd_first_occurrence	176	pLoF	0.841910306490388	0.683378779602412	0.99999996511597	-0.0401984849680972	48
IFNGR1	ENSG00000027697	N19 unspecified renal failure	icd_first_occurrence	2345	pLoF	0.842190199605011	0.655453747406458	0.999998860878017	-0.040320819264991	13
BUD23	ENSG00000071462	Q63 other congenital malformations of kidney	icd_first_occurrence	452	pLoF	0.842358517310303	0.661941916822138	1.0	-0.0402141125873803	39
TMEM216	ENSG00000187049	N26 unspecified contracted kidney	icd_first_occurrence	176	pLoF	0.843221804157718	0.745259065949522	0.970219211162931	-0.0402841243583355	13
VPS37D	ENSG00000176428	Creatinine (enzymatic) in urine	continuous	383774	pLoF	0.843364849748445	0.649594105896557	0.668899895116049	-0.00419998042679466	10
STX1A	ENSG00000106089	N18 chronic renal failure	icd_first_occurrence	14086	pLoF	0.843465470834343	0.677844431898609	0.998444485112749	-0.041730130387301	6
NSD1	ENSG00000165671	Cystatin C	continuous	376784	pLoF	0.843782603567046	0.638213671327793	0.638413934548339	-0.00180617433214789	32
BRCA2	ENSG00000139618	N08 glomerular disorders in dis. class. elsewhere	icd_first_occurrence	531	pLoF	0.843904303184457	0.613449602993253	0.999782437300032	-0.0149627163116118	280
WDPCP	ENSG00000143951	N19 unspecified renal failure	icd_first_occurrence	2345	pLoF	0.844165626739421	0.629523845468301	0.825273268737293	-0.0146122134651929	56
BBS10	ENSG00000179941	N25 impaired renal tubular function	icd_first_occurrence	160	pLoF	0.844176746943655	0.747277096817829	0.97277979582026	-0.0402694228615858	14
FANCG	ENSG00000221829	N04 nephrotic syndrome	icd_first_occurrence	242	pLoF	0.844217465273132	0.638718286145613	1.0	-0.0401261660091402	55
HLA-DPB1	ENSG00000223865	N08 glomerular disorders in dis. class. elsewhere	icd_first_occurrence	531	pLoF	0.844428350180476	0.642847253974658	1.0	-0.0378336077602733	30
ERCC4	ENSG00000175595	Cystatin C	continuous	376784	pLoF	0.845062448486756	0.724380906695588	0.633883660185792	0.000868542793727973	49
CLPB	ENSG00000162129	N25 impaired renal tubular function	icd_first_occurrence	160	pLoF	0.84527269552068	0.69018881500541	1.0	-0.0401975158821277	48
TMEM270	ENSG00000175877	N20 calculus of kidney and ureter	icd_first_occurrence	5879	pLoF	0.845442679897251	0.66452810178818	0.884711439705925	0.00781500538511976	23
BBS9	ENSG00000122507	I12 hypertensive renal disease	icd_first_occurrence	1513	pLoF	0.845955218927282	0.639262964153815	0.876771330652371	-0.0147587791548655	61
FKBP6	ENSG00000077800	N26 unspecified contracted kidney	icd_first_occurrence	176	pLoF	0.846020053360515	0.710163426483855	0.99997605821313	-0.0401805406368131	26
BBS10	ENSG00000179941	Q60 renal agenesis / reduction defects	icd_first_occurrence	199	pLoF	0.846308245122468	0.749894696939906	0.972531962227109	-0.040252080887026	14
CEP19	ENSG00000174007	C64 Malignant neoplasm of kidney	icd10	985	pLoF	0.847223993314817	0.683634567059596	0.999996986914291	-0.0401770792345046	17
IFT122	ENSG00000163913	N26 unspecified contracted kidney	icd_first_occurrence	176	pLoF	0.847429475665333	0.671780354183014	1.0	-0.0273811973415036	101
JAG1	ENSG00000101384	N20 calculus of kidney and ureter	icd_first_occurrence	5879	pLoF	0.84752055037269	0.6873316249015	0.999814599687919	-0.0294763487837787	9
INVS	ENSG00000119509	N26 unspecified contracted kidney	icd_first_occurrence	176	pLoF	0.84848358377898	0.642390333503029	1.0	-0.0401299427692638	84
TBL2	ENSG00000106638	Q61 cystic kidney disease	icd_first_occurrence	735	pLoF	0.848684478946135	0.660846031794922	1.0	-0.0401155649460769	29
STX1A	ENSG00000106089	Creatinine	continuous	376624	pLoF	0.848685418229812	0.665569853171569	0.729776803288713	-0.00507422131082362	6
APC2	ENSG00000115266	I12 hypertensive renal disease	icd_first_occurrence	1513	pLoF	0.849693684560146	0.635223305797871	1.0	-0.0374410275270428	36
MMUT	ENSG00000146085	N04 nephrotic syndrome	icd_first_occurrence	242	pLoF	0.850067223413771	0.651633991543497	1.0	-0.0398433479468039	59
BUD23	ENSG00000071462	Microalbumin in urine	continuous	119013	pLoF	0.850136853194752	0.986949910350449	0.692793456791523	0.000114530589858282	39
TMEM216	ENSG00000187049	N25 impaired renal tubular function	icd_first_occurrence	160	pLoF	0.850222766226424	0.753873064764344	0.980332363720787	-0.0402855857728585	13
TRIM32	ENSG00000119401	N17 acute renal failure	icd_first_occurrence	7312	pLoF	0.850450980338409	0.926002510279258	0.660911961521282	0.00271036267062778	31
FANCD2	ENSG00000144554	Creatinine (enzymatic) in urine	continuous	383774	pLoF	0.850471155422816	0.919557332907368	0.682270379281197	0.00012130303939169	106
ELN	ENSG00000049540	Q60 renal agenesis / reduction defects	icd_first_occurrence	199	pLoF	0.850868701505637	0.673559865108522	1.0	-0.0398248554783477	39
XRCC2	ENSG00000196584	Urea	continuous	376551	pLoF	0.850958351705461	0.856729901222208	0.667726174526916	-0.00046370439273939	23
PAN2	ENSG00000135473	N28 other disorders of kidney and ureter	icd_first_occurrence	5275	pLoF	0.85124038510416	0.631351991768626	0.97442204186135	-0.0144932184794278	65
FANCM	ENSG00000187790	N08 glomerular disorders in dis. class. elsewhere	icd_first_occurrence	531	pLoF	0.851377246693799	0.693700940223354	0.84738803820833	-0.00986614070290003	124
RAD51	ENSG00000051180	N17 acute renal failure	icd_first_occurrence	7312	pLoF	0.851594846785155	0.676784203971911	0.999614401239628	-0.0410059748588318	6
EHMT1	ENSG00000181090	I12 hypertensive renal disease	icd_first_occurrence	1513	pLoF	0.85178418237999	0.693799269584191	0.999911957562948	-0.0302909664163859	14
KYNU	ENSG00000115919	Q60 renal agenesis / reduction defects	icd_first_occurrence	199	pLoF	0.851922155976183	0.685394530256994	0.999999602265386	-0.0401028689955874	26
SCLT1	ENSG00000151466	N08 glomerular disorders in dis. class. elsewhere	icd_first_occurrence	531	pLoF	0.852545815718168	0.653258280508663	1.0	-0.0402301729393484	29
BBS9	ENSG00000122507	Q60 renal agenesis / reduction defects	icd_first_occurrence	199	pLoF	0.852564559186086	0.644107506511109	1.0	-0.0400976827200731	61
WT1	ENSG00000184937	N23 unspecified renal colic	icd_first_occurrence	4304	pLoF	0.852983537264939	0.747541696945875	1.0	-0.040592328472151	3
IFNG	ENSG00000111537	Microalbumin in urine	continuous	119013	pLoF	0.853220953285105	0.724955904917965	0.963148480855548	0.00272907879215889	11
FBXO22	ENSG00000167196	Q61 cystic kidney disease	icd_first_occurrence	735	pLoF	0.853430609932528	0.700609320167423	0.999999224690661	-0.0387507073646027	19
TRIM32	ENSG00000119401	Q61 cystic kidney disease	icd_first_occurrence	735	pLoF	0.853502132864611	0.665317201454493	1.0	-0.0401149388306633	31
RFWD3	ENSG00000168411	N17 acute renal failure	icd_first_occurrence	7312	pLoF	0.854117935127854	0.817330013102184	0.63822498868883	-0.004797053602482	59
CILK1	ENSG00000112144	N08 glomerular disorders in dis. class. elsewhere	icd_first_occurrence	531	pLoF	0.854132718732488	0.645807882699848	1.0	-0.0397736284857485	46
ALG5	ENSG00000120697	Creatinine (enzymatic) in urine	continuous	383774	pLoF	0.854334140133624	0.703765607025922	0.65027028001281	0.00228144888951476	21
MYOCD	ENSG00000141052	N08 glomerular disorders in dis. class. elsewhere	icd_first_occurrence	531	pLoF	0.854620191066631	0.716600673253254	0.999999375060562	-0.0401300406554819	24
IFT27	ENSG00000100360	N04 nephrotic syndrome	icd_first_occurrence	242	pLoF	0.854927390551516	0.680017052999264	0.999999587250861	-0.0401514353647029	20
SCLT1	ENSG00000151466	Microalbumin in urine	continuous	119013	pLoF	0.855406905198087	0.867759572473909	0.66053628517517	0.00100424864163414	29
EHMT1	ENSG00000181090	Creatinine (enzymatic) in urine	continuous	383774	pLoF	0.85558485726369	0.72628188950224	0.692918402136952	0.00159432599054777	14
RAD51	ENSG00000051180	N20 calculus of kidney and ureter	icd_first_occurrence	5879	pLoF	0.855612468442743	0.681603285466637	0.999679229538916	-0.0409128654482369	6
ERCC6	ENSG00000225830	N08 glomerular disorders in dis. class. elsewhere	icd_first_occurrence	531	pLoF	0.856364073237242	0.651684307768423	0.999998977508888	-0.0144952098331691	116
WDR35	ENSG00000118965	Q60 renal agenesis / reduction defects	icd_first_occurrence	199	pLoF	0.856500040561349	0.641804726328501	1.0	-0.040070584132933	90
RPGRIP1L	ENSG00000103494	Q60 renal agenesis / reduction defects	icd_first_occurrence	199	pLoF	0.856775222104956	0.639158957770176	1.0	-0.0391492733919996	96
FKBP6	ENSG00000077800	N25 impaired renal tubular function	icd_first_occurrence	160	pLoF	0.856872469006512	0.722486432250247	0.999988547015463	-0.0402215830646801	26
XRCC2	ENSG00000196584	N20 calculus of kidney and ureter	icd_first_occurrence	5879	pLoF	0.856956640795171	0.679445618417641	0.851778654106744	0.0092677265041774	23
APOA1	ENSG00000118137	N19 unspecified renal failure	icd_first_occurrence	2345	pLoF	0.857112112054985	0.66542083010374	1.0	-0.0402978729172492	17
TTC8	ENSG00000165533	N08 glomerular disorders in dis. class. elsewhere	icd_first_occurrence	531	pLoF	0.857259553235454	0.661412983641226	1.0	-0.0401598888171906	28
IFT172	ENSG00000138002	N25 impaired renal tubular function	icd_first_occurrence	160	pLoF	0.857260919710321	0.635490614516441	1.0	-0.039963454079386	123
IL23R	ENSG00000162594	C64 Malignant neoplasm of kidney	icd10	985	pLoF	0.857522624067661	0.68144844529921	0.999999705236847	-0.0402015013043959	18
KMT2D	ENSG00000167548	Creatinine (enzymatic) in urine	continuous	383774	pLoF	0.857526104018057	0.813757819293759	0.659752601805145	0.00112567959016862	28
SDCCAG8	ENSG00000054282	N04 nephrotic syndrome	icd_first_occurrence	242	pLoF	0.85757969354497	0.668176058870134	1.0	-0.0390524807886956	59
BBS4	ENSG00000140463	N04 nephrotic syndrome	icd_first_occurrence	242	pLoF	0.858007390287118	0.665978362250185	1.0	-0.0401191545242893	48
BRD4	ENSG00000141867	N23 unspecified renal colic	icd_first_occurrence	4304	pLoF	0.858167024923292	0.6898831844852	0.999925941881608	-0.0313598089204479	9
HOXA13	ENSG00000106031	Creatinine	continuous	376624	pLoF	0.858484044039239	0.759339416064241	0.675467726814379	-0.00254271813285139	10
MYOCD	ENSG00000141052	Q63 other congenital malformations of kidney	icd_first_occurrence	452	pLoF	0.858494136409661	0.719415432981604	0.999999936127631	-0.0401153219052804	24
FANCG	ENSG00000221829	I12 hypertensive renal disease	icd_first_occurrence	1513	pLoF	0.858591708029146	0.762303662003236	0.658983107364014	-0.00996826480043564	55
ZNF699	ENSG00000196110	N08 glomerular disorders in dis. class. elsewhere	icd_first_occurrence	531	pLoF	0.858819648203815	0.731840011923812	0.999985550145122	-0.0401322994023006	18
NEK8	ENSG00000160602	Q60 renal agenesis / reduction defects	icd_first_occurrence	199	pLoF	0.85890284117044	0.677144342486334	1.0	-0.0401409179829359	39
IFNG	ENSG00000111537	C64 Malignant neoplasm of kidney	icd10	985	pLoF	0.858959643963358	0.698944750327491	0.999932977404441	-0.040179504425142	11
AHI1	ENSG00000135541	Q61 cystic kidney disease	icd_first_occurrence	735	pLoF	0.859089627247037	0.65119139895428	0.866459032890044	-0.013989029509819	99
MLXIPL	ENSG00000009950	N08 glomerular disorders in dis. class. elsewhere	icd_first_occurrence	531	pLoF	0.85942626241322	0.662567250538365	1.0	-0.0401117036150199	41
NUP107	ENSG00000111581	N28 other disorders of kidney and ureter	icd_first_occurrence	5275	pLoF	0.859717891127118	0.645078137947271	0.914663522632136	-0.00934080955261225	69
GSN	ENSG00000148180	Q63 other congenital malformations of kidney	icd_first_occurrence	452	pLoF	0.860201616947973	0.650872993692423	1.0	-0.0392733508779215	44
LAMB2	ENSG00000172037	Q60 renal agenesis / reduction defects	icd_first_occurrence	199	pLoF	0.860208663853822	0.638035031844971	1.0	-0.0397978790425607	108
B2M	ENSG00000166710	N17 acute renal failure	icd_first_occurrence	7312	pLoF	0.860219186391477	0.734103729987616	0.992232189770505	-0.041125350880899	5
PKD2	ENSG00000118762	C64 Malignant neoplasm of kidney	icd10	985	pLoF	0.860555612777433	0.653543419577712	1.0	-0.0401822073863552	39
NOD2	ENSG00000167207	N25 impaired renal tubular function	icd_first_occurrence	160	pLoF	0.861152909406372	0.671771786877757	1.0	-0.0401578083704388	53
RPGRIP1L	ENSG00000103494	C64 Malignant neoplasm of kidney	icd10	985	pLoF	0.861543897564089	0.915517046781938	0.647742548674656	-0.0038214721967472	96
XRCC2	ENSG00000196584	Creatinine	continuous	376624	pLoF	0.861673470960566	0.683556338553508	0.871044560010506	0.000871273639854915	23
COG1	ENSG00000166685	N26 unspecified contracted kidney	icd_first_occurrence	176	pLoF	0.861695809830025	0.69812399077278	1.0	-0.0395615120026489	64
RFWD3	ENSG00000168411	N20 calculus of kidney and ureter	icd_first_occurrence	5879	pLoF	0.862483281974101	0.919120008805667	0.649792950462747	0.00236338876523735	59
RPGRIP1L	ENSG00000103494	N19 unspecified renal failure	icd_first_occurrence	2345	pLoF	0.862989504524735	0.865040585436318	0.648940209570308	0.00394948678598086	96
COL7A1	ENSG00000114270	C64 Malignant neoplasm of kidney	icd10	985	pLoF	0.863004443358908	0.676344737626675	0.663032186071303	-0.0083615252685061	229
PAN2	ENSG00000135473	Microalbumin in urine	continuous	119013	pLoF	0.863265363135871	0.658372897987689	0.711357731745988	-0.00356019699318763	65
KYNU	ENSG00000115919	N26 unspecified contracted kidney	icd_first_occurrence	176	pLoF	0.863386530113432	0.703724028901981	0.999999759176321	-0.0402027041687852	26
JAG1	ENSG00000101384	N23 unspecified renal colic	icd_first_occurrence	4304	pLoF	0.86368628479797	0.713743415606025	0.999815775300528	-0.0289634108083655	9
HLA-DPB1	ENSG00000223865	Q63 other congenital malformations of kidney	icd_first_occurrence	452	pLoF	0.863784359037488	0.670236227129727	1.0	-0.0381883623961374	30
MAD2L2	ENSG00000116670	Creatinine (enzymatic) in urine	continuous	383774	pLoF	0.864056249042241	0.782047007628771	0.677154991753329	0.00115965235543461	14
SCAPER	ENSG00000140386	N19 unspecified renal failure	icd_first_occurrence	2345	pLoF	0.864091561414056	0.650599729205254	0.925930059786077	-0.0139996959729545	80
BBS5	ENSG00000163093	Q61 cystic kidney disease	icd_first_occurrence	735	pLoF	0.864238436301693	0.662107228043936	1.0	-0.0393766674424161	28
NOTCH2	ENSG00000134250	I12 hypertensive renal disease	icd_first_occurrence	1513	pLoF	0.864544992821984	0.65810109223703	1.0	-0.036474284360426	39
FANCI	ENSG00000140525	N23 unspecified renal colic	icd_first_occurrence	4304	pLoF	0.864655800303393	1.0	0.651048275349755	-0.00011986485811502	124
ELN	ENSG00000049540	N26 unspecified contracted kidney	icd_first_occurrence	176	pLoF	0.864801788818497	0.696528697962228	1.0	-0.0397500906571678	39
FANCE	ENSG00000112039	Microalbumin in urine	continuous	119013	pLoF	0.864813152962222	0.72239733848962	0.814145933411638	-0.00191179477192842	38
ANKS6	ENSG00000165138	N18 chronic renal failure	icd_first_occurrence	14086	pLoF	0.865111444135407	0.841850957720407	0.659831393468901	-0.00319963152381749	50
MEN1	ENSG00000133895	N17 acute renal failure	icd_first_occurrence	7312	pLoF	0.865257847893907	0.700559187221886	0.999983350912296	-0.0408782216074228	10
EHMT1	ENSG00000181090	Cystatin C	continuous	376784	pLoF	0.865480391770822	0.710292564187945	0.839079028991584	-0.00162615534193903	14
IL23R	ENSG00000162594	Creatinine (enzymatic) in urine	continuous	383774	pLoF	0.86581665058358	0.749463232626579	0.691863140000011	-0.00148919093331338	18
RAD21	ENSG00000164754	N17 acute renal failure	icd_first_occurrence	7312	pLoF	0.865857737086	0.702513671866471	0.998882951257204	-0.0411450510816233	5
ALG9	ENSG00000086848	N23 unspecified renal colic	icd_first_occurrence	4304	pLoF	0.866068329861966	0.70699928919947	0.666985904639793	-0.012116504349102	46
RFWD3	ENSG00000168411	Q63 other congenital malformations of kidney	icd_first_occurrence	452	pLoF	0.86624166278363	0.654378862991772	1.0	-0.0400779212891144	59
BBS7	ENSG00000138686	Creatinine	continuous	376624	pLoF	0.866649956391702	0.678448716805036	0.817515150688018	0.000810847206837853	39
ALMS1	ENSG00000116127	N20 calculus of kidney and ureter	icd_first_occurrence	5879	pLoF	0.866657862975166	0.653133388936748	0.780393802774563	-0.00349755048250848	271
CILK1	ENSG00000112144	Q63 other congenital malformations of kidney	icd_first_occurrence	452	pLoF	0.86666515397856	0.66190287823938	1.0	-0.0394077192035621	46
TMEM237	ENSG00000155755	N26 unspecified contracted kidney	icd_first_occurrence	176	pLoF	0.866745802546663	0.673942695129125	1.0	-0.040145658144529	44
RPGRIP1L	ENSG00000103494	N26 unspecified contracted kidney	icd_first_occurrence	176	pLoF	0.866936069989245	0.653271157503162	1.0	-0.0383558287300424	96
KMT2D	ENSG00000167548	C64 Malignant neoplasm of kidney	icd10	985	pLoF	0.867240068839973	0.672770560057753	1.0	-0.0367868896855137	28
DYNC2LI1	ENSG00000138036	N04 nephrotic syndrome	icd_first_occurrence	242	pLoF	0.867639156815013	0.710667551669749	0.999999904286661	-0.0401420624685835	26
IFT74	ENSG00000096872	Microalbumin in urine	continuous	119013	pLoF	0.867787974217258	0.983448711745837	0.754561161992282	4.82809595607345e-05	24
DNASE1L3	ENSG00000163687	Q61 cystic kidney disease	icd_first_occurrence	735	pLoF	0.868603092363003	0.712673395514744	0.999940179851609	-0.040132578899091	10
SCAPER	ENSG00000140386	Microalbumin in urine	continuous	119013	pLoF	0.868776458858137	0.722227977551634	0.66249435585134	0.00160928283096763	80
MKKS	ENSG00000125863	N17 acute renal failure	icd_first_occurrence	7312	pLoF	0.868858024826858	0.977726222648803	0.669274596334544	0.00080626744913542	37
KMT2D	ENSG00000167548	N20 calculus of kidney and ureter	icd_first_occurrence	5879	pLoF	0.868864844707848	0.99027527607774	0.675634695653563	0.000673197229496851	28
SRCAP	ENSG00000080603	N19 unspecified renal failure	icd_first_occurrence	2345	pLoF	0.869003022848621	0.661650148477744	1.0	-0.0403296557785369	31
MLXIPL	ENSG00000009950	Q63 other congenital malformations of kidney	icd_first_occurrence	452	pLoF	0.869047410643736	0.672153921081101	1.0	-0.0401408912703928	41
SH2B1	ENSG00000178188	N19 unspecified renal failure	icd_first_occurrence	2345	pLoF	0.86915666384665	0.685982691611003	1.0	-0.0342310911926454	17
UBE2T	ENSG00000077152	N18 chronic renal failure	icd_first_occurrence	14086	pLoF	0.869319720772935	0.687350168630538	0.893367935669338	-0.0127043279963072	14
NPHP3	ENSG00000113971	Microalbumin in urine	continuous	119013	pLoF	0.869334111087772	0.710735923898377	0.672050359244396	0.00080270056046644	115
FANCE	ENSG00000112039	N04 nephrotic syndrome	icd_first_occurrence	242	pLoF	0.869737700912801	0.723546247103093	1.0	-0.0401291844379266	38
MMUT	ENSG00000146085	Q60 renal agenesis / reduction defects	icd_first_occurrence	199	pLoF	0.869801145785593	0.675874034707671	1.0	-0.0398900733390539	59
DNAJC30	ENSG00000176410	I12 hypertensive renal disease	icd_first_occurrence	1513	pLoF	0.869932009968069	0.679034535194373	1.0	-0.0362147208571771	18
LAMB2	ENSG00000172037	N26 unspecified contracted kidney	icd_first_occurrence	176	pLoF	0.870035257243644	0.655979283445005	1.0	-0.0397720162557824	108
FANCD2	ENSG00000144554	Creatinine	continuous	376624	pLoF	0.870035857857022	0.713402097174644	0.884447877180777	0.000369958281450483	106
NSD1	ENSG00000165671	C64 Malignant neoplasm of kidney	icd10	985	pLoF	0.870654982674412	0.679560567890436	1.0	-0.0367181567188521	32
FANCG	ENSG00000221829	Q60 renal agenesis / reduction defects	icd_first_occurrence	199	pLoF	0.87075528891322	0.672329075342069	1.0	-0.0400947555810724	55
ELN	ENSG00000049540	N25 impaired renal tubular function	icd_first_occurrence	160	pLoF	0.871042870635958	0.704976319674466	1.0	-0.0400494524526886	39
TMEM237	ENSG00000155755	I12 hypertensive renal disease	icd_first_occurrence	1513	pLoF	0.871691153743065	0.681854976660006	0.994068127903069	-0.0134846601268925	44
IFT122	ENSG00000163913	Urea	continuous	376551	pLoF	0.871758738924636	0.752230804723153	0.71257956782708	-0.000416750120389439	101
ALG9	ENSG00000086848	N08 glomerular disorders in dis. class. elsewhere	icd_first_occurrence	531	pLoF	0.871902768480967	0.674424256918462	1.0	-0.0401062552268571	46
VPS37D	ENSG00000176428	N23 unspecified renal colic	icd_first_occurrence	4304	pLoF	0.872124453379364	0.691467818648451	0.999998439773137	-0.0351453042802178	10
MAD2L2	ENSG00000116670	Q61 cystic kidney disease	icd_first_occurrence	735	pLoF	0.872556958800796	0.690278585913489	1.0	-0.040122801191098	14
BRCA1	ENSG00000012048	N25 impaired renal tubular function	icd_first_occurrence	160	pLoF	0.872847194652004	0.657822522481284	1.0	-0.0400987023354116	141
FANCI	ENSG00000140525	Creatinine	continuous	376624	pLoF	0.872935729745648	0.833073654167324	0.665457993616164	0.000279488168780065	124
FANCA	ENSG00000187741	Urea	continuous	376551	pLoF	0.873248090179998	0.856175323662628	0.664162373727301	-0.00024089646563558	172
BBS4	ENSG00000140463	Creatinine	continuous	376624	pLoF	0.873734463567719	0.912327571377034	0.687059312416826	-0.000203428233996003	48
RFC2	ENSG00000049541	Q60 renal agenesis / reduction defects	icd_first_occurrence	199	pLoF	0.873795407994111	0.726127425914665	1.0	-0.0403084533678226	25
IL12A	ENSG00000168811	N19 unspecified renal failure	icd_first_occurrence	2345	pLoF	0.873824961925149	0.685798228383487	1.0	-0.0403468711294001	13
KYNU	ENSG00000115919	N25 impaired renal tubular function	icd_first_occurrence	160	pLoF	0.874563147956191	0.72289898049949	0.999999808828862	-0.0399592983782023	26
BBS7	ENSG00000138686	N04 nephrotic syndrome	icd_first_occurrence	242	pLoF	0.874607545418422	0.68891506636229	1.0	-0.0401102187773435	39
IFT27	ENSG00000100360	Q60 renal agenesis / reduction defects	icd_first_occurrence	199	pLoF	0.87485449742626	0.708091775981909	0.999999780397632	-0.0401025935817315	20
RFC2	ENSG00000049541	N19 unspecified renal failure	icd_first_occurrence	2345	pLoF	0.875063027892767	0.722239651470132	0.99965520842209	-0.0120311622455616	25
BBS4	ENSG00000140463	Q60 renal agenesis / reduction defects	icd_first_occurrence	199	pLoF	0.875249740128387	0.691584127269499	1.0	-0.0401057376879342	48
EIF4H	ENSG00000106682	N17 acute renal failure	icd_first_occurrence	7312	pLoF	0.87535675248151	0.718329891535545	0.998952727103222	-0.0408522624856159	5
TMEM270	ENSG00000175877	N25 impaired renal tubular function	icd_first_occurrence	160	pLoF	0.875367946719967	0.716103995426794	0.999999714922237	-0.0395982377087666	23
UBAC2	ENSG00000134882	C64 Malignant neoplasm of kidney	icd10	985	pLoF	0.875527940953175	0.705616942753099	1.0	-0.0401555890451899	21
FBXO22	ENSG00000167196	N08 glomerular disorders in dis. class. elsewhere	icd_first_occurrence	531	pLoF	0.875559323937555	0.735597444214418	0.99999970174131	-0.0387645960930152	19
EBF3	ENSG00000108001	Microalbumin in urine	continuous	119013	pLoF	0.87556700351478				4
FAAP100	ENSG00000185504	N19 unspecified renal failure	icd_first_occurrence	2345	pLoF	0.875590198917461	0.775209433037669	0.699007902897718	-0.00839701933325246	61
DYNC2LI1	ENSG00000138036	Creatinine	continuous	376624	pLoF	0.875809535917175	0.830395205187181	0.718626763112446	0.000450158150882927	26
MKKS	ENSG00000125863	Q61 cystic kidney disease	icd_first_occurrence	735	pLoF	0.875860800238707	0.678119069764447	1.0	-0.0370985973364174	37
FANCG	ENSG00000221829	N26 unspecified contracted kidney	icd_first_occurrence	176	pLoF	0.875946882027172	0.682215777220217	1.0	-0.0401245572864565	55
EIF4H	ENSG00000106682	N20 calculus of kidney and ureter	icd_first_occurrence	5879	pLoF	0.875956180606509	0.730789729418581	0.998166080432713	-0.0406888644866326	5
HOXA13	ENSG00000106031	N17 acute renal failure	icd_first_occurrence	7312	pLoF	0.876077003454165	0.705992962357348	0.999954167267379	-0.0332621767838489	10
SMC3	ENSG00000108055	N19 unspecified renal failure	icd_first_occurrence	2345	pLoF	0.876114435093287	0.672780106641379	1.0	-0.0403384827027868	25
LIMK1	ENSG00000106683	N19 unspecified renal failure	icd_first_occurrence	2345	pLoF	0.876309933439919	0.681799709559027	1.0	-0.0353170021175376	22
CC2D2A	ENSG00000048342	Creatinine (enzymatic) in urine	continuous	383774	pLoF	0.876334142192669	0.693727504762161	0.988204792261834	-0.000438419942676377	136
CLCNKB	ENSG00000184908	Q60 renal agenesis / reduction defects	icd_first_occurrence	199	pLoF	0.876354264657736	0.673865323630003	1.0	-0.0344680168759565	67
HSD11B2	ENSG00000176387	I12 hypertensive renal disease	icd_first_occurrence	1513	pLoF	0.876478736903077	0.689993928982162	1.0	-0.0327591026639029	24
ZNF699	ENSG00000196110	Q63 other congenital malformations of kidney	icd_first_occurrence	452	pLoF	0.876810302849639	0.752915109460647	0.999999385951703	-0.0401060158022902	18
IFNGR1	ENSG00000027697	I12 hypertensive renal disease	icd_first_occurrence	1513	pLoF	0.876901630372645	0.709886822449657	0.999999638277268	-0.0402654843564138	13
FANCC	ENSG00000158169	N18 chronic renal failure	icd_first_occurrence	14086	pLoF	0.876906544188306	0.768016748676401	0.704751484419697	0.00233224444340706	46
DNASE1L3	ENSG00000163687	Creatinine	continuous	376624	pLoF	0.877081208224676	0.998135730969906	0.734832154182676	5.19163667781741e-05	10
BBS9	ENSG00000122507	N25 impaired renal tubular function	icd_first_occurrence	160	pLoF	0.877146348139857	0.684023783857889	1.0	-0.0401308283354383	61
RPGRIP1L	ENSG00000103494	Microalbumin in urine	continuous	119013	pLoF	0.877358464330422	0.673642401240033	0.983669799741894	-0.00139661776149931	96
WDR35	ENSG00000118965	N26 unspecified contracted kidney	icd_first_occurrence	176	pLoF	0.877396067314327	0.669461769911999	1.0	-0.0400982822138202	90
TBL2	ENSG00000106638	N08 glomerular disorders in dis. class. elsewhere	icd_first_occurrence	531	pLoF	0.877715918770686	0.704617374248903	1.0	-0.0401101340454724	29
BRCA1	ENSG00000012048	N20 calculus of kidney and ureter	icd_first_occurrence	5879	pLoF	0.877864035551913	0.664314695557874	0.941900064498288	0.00625040432960296	141
CSPP1	ENSG00000104218	Cystatin C	continuous	376784	pLoF	0.87824385438483	0.683354133656399	0.873233490286893	-0.000499860921744412	113
NCF1	ENSG00000158517	N08 glomerular disorders in dis. class. elsewhere	icd_first_occurrence	531	pLoF	0.878331327579762	0.725321558950692	0.999998972921426	-0.0401326090290668	15
INVS	ENSG00000119509	N17 acute renal failure	icd_first_occurrence	7312	pLoF	0.878890890711101	0.681588496099334	0.901406336050948	0.00546842270652203	84
ZNF423	ENSG00000102935	N28 other disorders of kidney and ureter	icd_first_occurrence	5275	pLoF	0.879212838759823	0.704703025843454	0.999999991403547	-0.0320222055914785	11
ARL6	ENSG00000113966	I12 hypertensive renal disease	icd_first_occurrence	1513	pLoF	0.879307248294911	0.692175596230184	1.0	-0.0403143461681288	13
C4A	ENSG00000244731	I12 hypertensive renal disease	icd_first_occurrence	1513	pLoF	0.879490583492316	0.686857047918396	1.0	-0.035639837568406	19
CFAP418	ENSG00000156172	C64 Malignant neoplasm of kidney	icd10	985	pLoF	0.879507816549595	0.701829774984282	1.0	-0.0393616622901272	25
CHRM3	ENSG00000133019	Urea	continuous	376551	pLoF	0.879756668852571	1.0	0.75824648224832	6.62013574925761e-05	13
XRCC2	ENSG00000196584	N04 nephrotic syndrome	icd_first_occurrence	242	pLoF	0.879788506536545	0.713091471422281	1.0	-0.0401106495710569	23
VPS37D	ENSG00000176428	N28 other disorders of kidney and ureter	icd_first_occurrence	5275	pLoF	0.879914113884653	0.699948043641764	0.999999176460792	-0.0366838973768235	10
KCTD1	ENSG00000134504	N18 chronic renal failure	icd_first_occurrence	14086	pLoF	0.879925261482572	0.740547759615696	0.996881172920194	-0.0411630268572612	4
RAD51	ENSG00000051180	N28 other disorders of kidney and ureter	icd_first_occurrence	5275	pLoF	0.879979834256589	0.712532097137614	0.999873569496989	-0.0406245661530294	6
SCLT1	ENSG00000151466	Q63 other congenital malformations of kidney	icd_first_occurrence	452	pLoF	0.880157613668693	0.693623021928812	1.0	-0.0400803130889906	29
DYNC2I1	ENSG00000126870	Q60 renal agenesis / reduction defects	icd_first_occurrence	199	pLoF	0.880512385262566	0.672323429314072	1.0	-0.0400877726855826	87
SDCCAG8	ENSG00000054282	Q60 renal agenesis / reduction defects	icd_first_occurrence	199	pLoF	0.880525077920806	0.700862535837154	1.0	-0.0394586042592309	59
MMUT	ENSG00000146085	N26 unspecified contracted kidney	icd_first_occurrence	176	pLoF	0.880652349274317	0.698727015734917	1.0	-0.0398397970950381	59
BBS12	ENSG00000181004	I12 hypertensive renal disease	icd_first_occurrence	1513	pLoF	0.88067726760285	0.736359337279969	0.999960724688825	-0.0402375774778134	10
BBS1	ENSG00000174483	N08 glomerular disorders in dis. class. elsewhere	icd_first_occurrence	531	pLoF	0.880836692049583	0.676340881442862	1.0	-0.0399047397876954	48
RFWD3	ENSG00000168411	Cystatin C	continuous	376784	pLoF	0.881089111444726	0.92108696746517	0.674004861539254	0.000261255572886252	59
TRIM32	ENSG00000119401	N08 glomerular disorders in dis. class. elsewhere	icd_first_occurrence	531	pLoF	0.881142546592923	0.70655405975162	1.0	-0.0401111597653877	31
NEK8	ENSG00000160602	N25 impaired renal tubular function	icd_first_occurrence	160	pLoF	0.881244368152112	0.712255603599561	1.0	-0.0401402382534346	39
APC2	ENSG00000115266	Creatinine (enzymatic) in urine	continuous	383774	pLoF	0.881340758975658	0.898358657212662	0.675500506085925	0.000616798050546898	36
CLCNKB	ENSG00000184908	I12 hypertensive renal disease	icd_first_occurrence	1513	pLoF	0.881638046964416	0.681311452074975	0.826247822782136	-0.0120811735691062	67
LAMB2	ENSG00000172037	N25 impaired renal tubular function	icd_first_occurrence	160	pLoF	0.882376544729118	0.6734463662982	1.0	-0.0397222917575904	108
CPT2	ENSG00000157184	N04 nephrotic syndrome	icd_first_occurrence	242	pLoF	0.882446660594134	0.695725415537988	1.0	-0.039315031099119	39
BRIP1	ENSG00000136492	N19 unspecified renal failure	icd_first_occurrence	2345	pLoF	0.88257915746286	0.846305753674518	0.718725728233271	0.00355486886834781	88
CPT2	ENSG00000157184	N20 calculus of kidney and ureter	icd_first_occurrence	5879	pLoF	0.882629236429263	0.692694334218686	0.783721106358406	0.00764445569411664	39
IFT27	ENSG00000100360	N23 unspecified renal colic	icd_first_occurrence	4304	pLoF	0.882678930338925	1.0	0.718093668294978	4.64973622619644e-06	20
IFNG	ENSG00000111537	Q61 cystic kidney disease	icd_first_occurrence	735	pLoF	0.882813626768714	0.737623793737424	0.999981894575484	-0.0401207977119901	11
ERCC8	ENSG00000049167	I12 hypertensive renal disease	icd_first_occurrence	1513	pLoF	0.882829936523565	0.840886821399068	0.713448943571944	0.00894293852786992	32
IFT172	ENSG00000138002	N20 calculus of kidney and ureter	icd_first_occurrence	5879	pLoF	0.883120968258143	0.833189503624703	0.671291096377746	0.00287543871551996	123
WDR35	ENSG00000118965	N25 impaired renal tubular function	icd_first_occurrence	160	pLoF	0.883165721858506	0.680062403806655	1.0	-0.0400544459912576	90
FANCI	ENSG00000140525	Q61 cystic kidney disease	icd_first_occurrence	735	pLoF	0.8831764152167	0.939047506553159	0.684614472309298	-0.00285311597550729	124
HLA-DPA1	ENSG00000231389	N04 nephrotic syndrome	icd_first_occurrence	242	pLoF	0.883244149804044	0.713202037984029	0.999999705782493	-0.0336032331382341	22
WDPCP	ENSG00000143951	N04 nephrotic syndrome	icd_first_occurrence	242	pLoF	0.883308014229527	0.685117665961424	1.0	-0.0401036248336697	56
RAD21	ENSG00000164754	N20 calculus of kidney and ureter	icd_first_occurrence	5879	pLoF	0.883386881952387	0.723056783630163	0.999513685839177	-0.0409249136936039	5
TBL2	ENSG00000106638	N28 other disorders of kidney and ureter	icd_first_occurrence	5275	pLoF	0.883634297927435	0.710139315189604	0.998324574161379	-0.0125100313052019	29
RPGRIP1L	ENSG00000103494	N25 impaired renal tubular function	icd_first_occurrence	160	pLoF	0.883982295553727	0.676508748018431	1.0	-0.0393051995667401	96
GTF2I	ENSG00000263001	Creatinine (enzymatic) in urine	continuous	383774	pLoF	0.884371494273148	0.740219977182267	0.979452209809781	0.00434243082821288	5
AMOTL1	ENSG00000166025	N08 glomerular disorders in dis. class. elsewhere	icd_first_occurrence	531	pLoF	0.88463841721235	0.693154057405677	1.0	-0.04010511624887	38
NUP107	ENSG00000111581	N04 nephrotic syndrome	icd_first_occurrence	242	pLoF	0.884754962774415	0.682551692727129	1.0	-0.0398718814097865	69
ALG5	ENSG00000120697	Creatinine	continuous	376624	pLoF	0.885121681602898	0.691619819260837	0.836521689970606	0.0020832614291354	21
FANCE	ENSG00000112039	Q60 renal agenesis / reduction defects	icd_first_occurrence	199	pLoF	0.885322186503056	0.7497012252601	1.0	-0.0401223559566454	38
XRCC2	ENSG00000196584	N28 other disorders of kidney and ureter	icd_first_occurrence	5275	pLoF	0.885510263180246	1.0	0.719387907261455	-0.000234046690917817	23
CLIP2	ENSG00000106665	N18 chronic renal failure	icd_first_occurrence	14086	pLoF	0.885702790128528	0.694876677244087	0.975466671364432	-0.00980778045489905	36
PALB2	ENSG00000083093	N23 unspecified renal colic	icd_first_occurrence	4304	pLoF	0.886065468702665	0.719773891601593	0.991008923717845	-0.00467975253653271	94
ALG9	ENSG00000086848	Q63 other congenital malformations of kidney	icd_first_occurrence	452	pLoF	0.886095848377142	0.693664570126567	1.0	-0.0400796473373767	46
GTF2IRD1	ENSG00000006704	Creatinine (enzymatic) in urine	continuous	383774	pLoF	0.886327766571622	0.695192314178886	0.808521175497772	0.0024498037880171	22
CLCNKB	ENSG00000184908	N20 calculus of kidney and ureter	icd_first_occurrence	5879	pLoF	0.886500903215418	0.927375078941493	0.685545497056478	-0.00137105388568765	67
ERCC8	ENSG00000049167	N04 nephrotic syndrome	icd_first_occurrence	242	pLoF	0.887049855955546	0.721484314295464	1.0	-0.0401084857400666	32
NPHP1	ENSG00000144061	N20 calculus of kidney and ureter	icd_first_occurrence	5879	pLoF	0.887422633939662	0.9094035883407	0.720703346605514	0.0027406492068376	37
BBS7	ENSG00000138686	Q60 renal agenesis / reduction defects	icd_first_occurrence	199	pLoF	0.887668260623513	0.714083660059392	1.0	-0.0401068381239155	39
MYCN	ENSG00000134323	Microalbumin in urine	continuous	119013	pLoF	0.888218572959302	0.749740181977641	0.913686090969744	-0.00727887987447209	4
PAN2	ENSG00000135473	N08 glomerular disorders in dis. class. elsewhere	icd_first_occurrence	531	pLoF	0.88830859462944	0.681818476362335	1.0	-0.0397336485761096	65
CHRM3	ENSG00000133019	C64 Malignant neoplasm of kidney	icd10	985	pLoF	0.888328107911942	0.766517188196446	0.99999521437278	-0.0401831224603453	13
TTC8	ENSG00000165533	Q63 other congenital malformations of kidney	icd_first_occurrence	452	pLoF	0.888500468933704	0.703892210013292	1.0	-0.040238618191773	28
BAZ1B	ENSG00000009954	Q61 cystic kidney disease	icd_first_occurrence	735	pLoF	0.888606242292378	0.74899279445016	0.999999729065856	-0.0389084803586399	18
ALG5	ENSG00000120697	I12 hypertensive renal disease	icd_first_occurrence	1513	pLoF	0.888838909914089	0.70370900853461	1.0	-0.0402612458719888	21
FANCG	ENSG00000221829	N25 impaired renal tubular function	icd_first_occurrence	160	pLoF	0.888975892698784	0.701210269453771	1.0	-0.0401264360760939	55
IFT27	ENSG00000100360	N26 unspecified contracted kidney	icd_first_occurrence	176	pLoF	0.889069335338539	0.728065005209845	0.999999828544942	-0.0401644162452102	20
BRIP1	ENSG00000136492	N28 other disorders of kidney and ureter	icd_first_occurrence	5275	pLoF	0.889170271784801	0.733708697875565	0.87282054719509	-0.00429055418660982	88
STX1A	ENSG00000106089	N20 calculus of kidney and ureter	icd_first_occurrence	5879	pLoF	0.889289462898464	0.722394982326781	0.999940085220428	-0.0407996038014888	6
BBIP1	ENSG00000214413	C64 Malignant neoplasm of kidney	icd10	985	pLoF	0.889532599181901	0.767331018029122	0.999803693203193	-0.0275205201587194	8
EHMT1	ENSG00000181090	C64 Malignant neoplasm of kidney	icd10	985	pLoF	0.889553219159589	0.75064790175716	0.999968438212785	-0.0302616383069902	14
IL23R	ENSG00000162594	Q61 cystic kidney disease	icd_first_occurrence	735	pLoF	0.889734958936879	0.727980880465365	1.0	-0.0401055133497028	18
TBX1	ENSG00000184058	N19 unspecified renal failure	icd_first_occurrence	2345	pLoF	0.889815197807214	0.713485321674119	1.0	-0.0402728137260898	13
FAH	ENSG00000103876	N20 calculus of kidney and ureter	icd_first_occurrence	5879	pLoF	0.88988674334263	0.731935570343299	0.758379231711627	0.00490780371443439	33
CILK1	ENSG00000112144	Microalbumin in urine	continuous	119013	pLoF	0.890104096228202	0.784189159214922	0.711686663330846	0.00161259853314586	46
KYNU	ENSG00000115919	Cystatin C	continuous	376784	pLoF	0.890113305629431	0.956419465023737	0.742883836652815	0.000113197716755318	26
RAD51	ENSG00000051180	N23 unspecified renal colic	icd_first_occurrence	4304	pLoF	0.890498623417931	0.730517233467287	0.999880768591878	-0.0405492452371104	6
B2M	ENSG00000166710	N28 other disorders of kidney and ureter	icd_first_occurrence	5275	pLoF	0.89102437534787	0.763173170021628	0.998793887059713	-0.0406420081933749	5
RFC2	ENSG00000049541	N26 unspecified contracted kidney	icd_first_occurrence	176	pLoF	0.89118431200554	0.748416185909364	1.0	-0.0400821782614476	25
CSPP1	ENSG00000104218	N08 glomerular disorders in dis. class. elsewhere	icd_first_occurrence	531	pLoF	0.891552038979838	0.939570416315412	0.70509700209882	-0.0028749942304206	113
BBS4	ENSG00000140463	N26 unspecified contracted kidney	icd_first_occurrence	176	pLoF	0.891710753330897	0.714418110175185	1.0	-0.0400802143653574	48
SCAPER	ENSG00000140386	N04 nephrotic syndrome	icd_first_occurrence	242	pLoF	0.892328499959174	0.691067009244071	1.0	-0.0400774534845889	80
CLCNKB	ENSG00000184908	N25 impaired renal tubular function	icd_first_occurrence	160	pLoF	0.892379861253517	0.699444673654048	1.0	-0.0357011835238421	67
MEN1	ENSG00000133895	N28 other disorders of kidney and ureter	icd_first_occurrence	5275	pLoF	0.892448371115899	0.72072292749614	0.999999945096581	-0.0405084729577206	10
DYNC2LI1	ENSG00000138036	Q60 renal agenesis / reduction defects	icd_first_occurrence	199	pLoF	0.892501948226321	0.740227136737462	1.0	-0.0400884591963995	26
SDCCAG8	ENSG00000054282	N26 unspecified contracted kidney	icd_first_occurrence	176	pLoF	0.892570054704387	0.722139090709624	1.0	-0.0389315083109395	59
NPHP1	ENSG00000144061	N04 nephrotic syndrome	icd_first_occurrence	242	pLoF	0.892682040659649	0.73557857789812	1.0	-0.04005315899729	37
NCF1	ENSG00000158517	Q63 other congenital malformations of kidney	icd_first_occurrence	452	pLoF	0.892979818831458	0.750141247338161	0.999999358144798	-0.040130305414376	15
FANCC	ENSG00000158169	N19 unspecified renal failure	icd_first_occurrence	2345	pLoF	0.893070809689318	0.820576637266991	0.731173573102576	0.00431690470232816	46
DYNC2I1	ENSG00000126870	N26 unspecified contracted kidney	icd_first_occurrence	176	pLoF	0.893096590498974	0.69217435875822	1.0	-0.0400924661175486	87
MMUT	ENSG00000146085	N25 impaired renal tubular function	icd_first_occurrence	160	pLoF	0.893124094070079	0.717982690929274	1.0	-0.0396966069311535	59
SLC7A7	ENSG00000155465	N04 nephrotic syndrome	icd_first_occurrence	242	pLoF	0.893127755149097	0.707887683419745	1.0	-0.0400864126272382	40
SLC7A7	ENSG00000155465	N17 acute renal failure	icd_first_occurrence	7312	pLoF	0.893320689859453	0.70706043449497	0.844937831100812	0.00725151046719318	40
CLCNKB	ENSG00000184908	N18 chronic renal failure	icd_first_occurrence	14086	pLoF	0.893553245271443	0.7435085763328	0.696244729546659	-0.00340623258365693	67
HNRNPK	ENSG00000165119	N19 unspecified renal failure	icd_first_occurrence	2345	pLoF	0.893686746752891	0.767451607658364	0.996132688720814	-0.0402747423647182	4
EIF4H	ENSG00000106682	N23 unspecified renal colic	icd_first_occurrence	4304	pLoF	0.893695061132954	0.76152609441807	0.998957769942632	-0.0405167398233593	5
B2M	ENSG00000166710	N20 calculus of kidney and ureter	icd_first_occurrence	5879	pLoF	0.894044945923237	0.76549323331316	0.998729725316554	-0.04064223557864	5
METTL27	ENSG00000165171	Q63 other congenital malformations of kidney	icd_first_occurrence	452	pLoF	0.894237034660765	0.741071892560064	0.834902115178212	-0.0111685531935376	21
RFC2	ENSG00000049541	N25 impaired renal tubular function	icd_first_occurrence	160	pLoF	0.894237050841813	0.755000926031314	1.0	-0.0401855138215208	25
INPP5E	ENSG00000148384	N04 nephrotic syndrome	icd_first_occurrence	242	pLoF	0.894237428393623	0.716634361225884	1.0	-0.0400871976684616	48
XRCC2	ENSG00000196584	Q60 renal agenesis / reduction defects	icd_first_occurrence	199	pLoF	0.894361627683143	0.738553353008504	1.0	-0.0401050459074662	23
SCAPER	ENSG00000140386	N17 acute renal failure	icd_first_occurrence	7312	pLoF	0.894624880699469	0.990739581665825	0.694749639247446	-0.000284243190892552	80
EIF4H	ENSG00000106682	N28 other disorders of kidney and ureter	icd_first_occurrence	5275	pLoF	0.895010303222794	0.744459747348103	0.999522745415201	-0.0405336537476437	5
UBE2T	ENSG00000077152	I12 hypertensive renal disease	icd_first_occurrence	1513	pLoF	0.895301537233011	0.723497089630842	0.999999339698378	-0.0331465928042298	14
APC2	ENSG00000115266	C64 Malignant neoplasm of kidney	icd10	985	pLoF	0.89539285244043	0.703699337806595	1.0	-0.0373030856886318	36
NSD1	ENSG00000165671	Q61 cystic kidney disease	icd_first_occurrence	735	pLoF	0.89581218830947	0.721246217214484	1.0	-0.0365060338938792	32
GTF2IRD1	ENSG00000006704	N19 unspecified renal failure	icd_first_occurrence	2345	pLoF	0.89612039439721	0.719408402485077	1.0	-0.0297183514783482	22
IFT27	ENSG00000100360	N25 impaired renal tubular function	icd_first_occurrence	160	pLoF	0.896581415788589	0.737023068676739	0.999999835691045	-0.0401564366251601	20
AMOTL1	ENSG00000166025	Q63 other congenital malformations of kidney	icd_first_occurrence	452	pLoF	0.896604128484904	0.713737405711875	1.0	-0.0400803205052796	38
RFWD3	ENSG00000168411	N19 unspecified renal failure	icd_first_occurrence	2345	pLoF	0.897171423099439	0.936449375873099	0.701418880979261	-0.00293492735282221	59
IFT140	ENSG00000187535	N23 unspecified renal colic	icd_first_occurrence	4304	pLoF	0.897466098265233	0.765962824449335	0.974627393443162	-0.00384656662306725	82
DYNC2LI1	ENSG00000138036	N26 unspecified contracted kidney	icd_first_occurrence	176	pLoF	0.897633573357724	0.756841733723871	1.0	-0.0399483738789896	26
HLA-DPA1	ENSG00000231389	Q60 renal agenesis / reduction defects	icd_first_occurrence	199	pLoF	0.89778688827793	0.738989147964103	0.99999977166205	-0.0309884877185706	22
NUP107	ENSG00000111581	Q60 renal agenesis / reduction defects	icd_first_occurrence	199	pLoF	0.897812544398091	0.704480994689209	1.0	-0.0399800086181495	69
CEP19	ENSG00000174007	N08 glomerular disorders in dis. class. elsewhere	icd_first_occurrence	531	pLoF	0.898086528383486	0.763460207007323	0.999999868225709	-0.0401036524384405	17
TBL2	ENSG00000106638	Q63 other congenital malformations of kidney	icd_first_occurrence	452	pLoF	0.898293114325286	0.73013096518537	1.0	-0.0400825368985887	29
UBAC2	ENSG00000134882	Q61 cystic kidney disease	icd_first_occurrence	735	pLoF	0.898518901555957	0.743487054424794	1.0	-0.0401010946353618	21
DACT1	ENSG00000165617	I12 hypertensive renal disease	icd_first_occurrence	1513	pLoF	0.898556273743335	0.721828804620237	1.0	-0.0296516459528305	22
WDPCP	ENSG00000143951	Q60 renal agenesis / reduction defects	icd_first_occurrence	199	pLoF	0.898580994097611	0.708227425036837	1.0	-0.0400871457109859	56
BUD23	ENSG00000071462	N04 nephrotic syndrome	icd_first_occurrence	242	pLoF	0.898593831157239	0.751587003568233	1.0	-0.0399519130875856	39
BBS1	ENSG00000174483	Q63 other congenital malformations of kidney	icd_first_occurrence	452	pLoF	0.898764648674928	0.705329148094773	1.0	-0.0395238616396899	48
BBS5	ENSG00000163093	N08 glomerular disorders in dis. class. elsewhere	icd_first_occurrence	531	pLoF	0.898840519484881	0.713082909470462	1.0	-0.0395547686543636	28
RAD51	ENSG00000051180	Creatinine (enzymatic) in urine	continuous	383774	pLoF	0.899161146628238	0.943215257644126	0.740252872084705	0.000852408358375254	6
SDCCAG8	ENSG00000054282	N25 impaired renal tubular function	icd_first_occurrence	160	pLoF	0.899327834280633	0.734556103657929	1.0	-0.039077420602633	59
CCND1	ENSG00000110092	N17 acute renal failure	icd_first_occurrence	7312	pLoF	0.899493594432947	0.76131141295169	0.997835270004429	-0.0411701460962829	4
APOA1	ENSG00000118137	I12 hypertensive renal disease	icd_first_occurrence	1513	pLoF	0.899506921630697	0.729353928970569	1.0	-0.040240243197474	17
CPT2	ENSG00000157184	Q60 renal agenesis / reduction defects	icd_first_occurrence	199	pLoF	0.89966670954101	0.723526577155114	1.0	-0.0393839027686465	39
DNASE1L3	ENSG00000163687	N08 glomerular disorders in dis. class. elsewhere	icd_first_occurrence	531	pLoF	0.899841582634786	0.762819318153783	0.999991300797635	-0.0401028576635076	10
ERCC6	ENSG00000225830	N19 unspecified renal failure	icd_first_occurrence	2345	pLoF	0.899865016868926	0.725829168546446	0.999858508888999	-0.00536312899293455	116
XRCC2	ENSG00000196584	N26 unspecified contracted kidney	icd_first_occurrence	176	pLoF	0.900211190009062	0.752996869756224	1.0	-0.0401101673226221	23
CEP290	ENSG00000198707	Q61 cystic kidney disease	icd_first_occurrence	735	pLoF	0.900237236735528	0.772877183561757	0.704458479681933	0.00544501148409221	253
DYNC2LI1	ENSG00000138036	N25 impaired renal tubular function	icd_first_occurrence	160	pLoF	0.900395726916527	0.760387918781794	1.0	-0.040125530922043	26
TMEM231	ENSG00000205084	N08 glomerular disorders in dis. class. elsewhere	icd_first_occurrence	531	pLoF	0.900418778748396	0.715600817712368	1.0	-0.0386607598076131	31
ANKS6	ENSG00000165138	Urea	continuous	376551	pLoF	0.900576410827228	0.809423516489138	0.712219885581641	-0.000663528356451176	50
HOXA13	ENSG00000106031	N20 calculus of kidney and ureter	icd_first_occurrence	5879	pLoF	0.900704739379928	0.7501304731774	0.999997233738081	-0.0284135047058268	10
TMEM231	ENSG00000205084	Urea	continuous	376551	pLoF	0.901038932296919	0.765014301901663	0.714142699016056	-0.00108800743653102	31
MEN1	ENSG00000133895	N23 unspecified renal colic	icd_first_occurrence	4304	pLoF	0.901041538309721	0.730400029542059	0.99999999395215	-0.0404622807033728	10
BBS4	ENSG00000140463	N25 impaired renal tubular function	icd_first_occurrence	160	pLoF	0.901362546159185	0.72932141124851	1.0	-0.0401053390836108	48
DNASE1L3	ENSG00000163687	Q63 other congenital malformations of kidney	icd_first_occurrence	452	pLoF	0.901760402278746	0.768642503669907	0.999991790373016	-0.0401021442075074	10
TRIM32	ENSG00000119401	Q63 other congenital malformations of kidney	icd_first_occurrence	452	pLoF	0.902015285582576	0.73801084575215	1.0	-0.0400791768193254	31
MAD2L2	ENSG00000116670	N08 glomerular disorders in dis. class. elsewhere	icd_first_occurrence	531	pLoF	0.90203050547262	0.735221445571537	1.0	-0.0401267070191591	14
FAAP100	ENSG00000185504	N04 nephrotic syndrome	icd_first_occurrence	242	pLoF	0.902182386878264	0.742511102147507	1.0	-0.0316822882593921	61
UBAC2	ENSG00000134882	Creatinine (enzymatic) in urine	continuous	383774	pLoF	0.902418696465197	0.746961908796918	0.841194162421991	0.00152984660261266	21
PAN2	ENSG00000135473	Q63 other congenital malformations of kidney	icd_first_occurrence	452	pLoF	0.902626593527387	0.704171469881585	1.0	-0.0394051027770538	65
CPT2	ENSG00000157184	N26 unspecified contracted kidney	icd_first_occurrence	176	pLoF	0.902645645580319	0.730712503657559	1.0	-0.0394741447575647	39
SH2B1	ENSG00000178188	I12 hypertensive renal disease	icd_first_occurrence	1513	pLoF	0.902711721132681	0.738373180842805	1.0	-0.0335620709808879	17
BBS1	ENSG00000174483	Urea	continuous	376551	pLoF	0.902859935046503	0.870635487328637	0.710986341871111	-0.000542036585223378	48
RAD21	ENSG00000164754	N28 other disorders of kidney and ureter	icd_first_occurrence	5275	pLoF	0.902992306856657	0.753821053961686	0.999688110115417	-0.0406470078081793	5
DYNC2I1	ENSG00000126870	N25 impaired renal tubular function	icd_first_occurrence	160	pLoF	0.903074344272812	0.707565320888208	1.0	-0.0400807136702074	87
CILK1	ENSG00000112144	N18 chronic renal failure	icd_first_occurrence	14086	pLoF	0.903208503365712	0.891598724139697	0.723890945475091	-0.00221941621415015	46
FANCI	ENSG00000140525	C64 Malignant neoplasm of kidney	icd10	985	pLoF	0.903246036686107	0.713410932639387	0.888358161803351	-0.0117042910170072	124
DYNC2LI1	ENSG00000138036	N19 unspecified renal failure	icd_first_occurrence	2345	pLoF	0.903386938018696	0.763844745719958	0.971867889224206	-0.0104454275500097	26
TTC8	ENSG00000165533	N23 unspecified renal colic	icd_first_occurrence	4304	pLoF	0.903665642533415	0.730273933847725	0.954956738033478	-0.0117487684939723	28
WDPCP	ENSG00000143951	N26 unspecified contracted kidney	icd_first_occurrence	176	pLoF	0.904349721464333	0.722184620208928	1.0	-0.040130708956147	56
BBS7	ENSG00000138686	N26 unspecified contracted kidney	icd_first_occurrence	176	pLoF	0.904365240092931	0.742328291687399	1.0	-0.0401037325326175	39
BUD23	ENSG00000071462	N20 calculus of kidney and ureter	icd_first_occurrence	5879	pLoF	0.905590346050079	0.76167163265508	0.996280608621273	-0.00783605626438014	39
CFAP418	ENSG00000156172	Q61 cystic kidney disease	icd_first_occurrence	735	pLoF	0.905622568532422	0.737657490289481	1.0	-0.0391029884691035	25
NSD1	ENSG00000165671	N17 acute renal failure	icd_first_occurrence	7312	pLoF	0.906214815436997	0.738486492041525	0.995908393632328	-0.0110767506474001	32
CLIP2	ENSG00000106665	Q61 cystic kidney disease	icd_first_occurrence	735	pLoF	0.906228362745566	0.719215893268942	1.0	-0.040094220176726	36
SCAPER	ENSG00000140386	Q60 renal agenesis / reduction defects	icd_first_occurrence	199	pLoF	0.906612670751205	0.7150136937554	1.0	-0.0400746130226205	80
SLX4	ENSG00000188827	N17 acute renal failure	icd_first_occurrence	7312	pLoF	0.907003941796923	0.911773590128701	0.712886798254148	-0.00135942192268828	100
MKS1	ENSG00000011143	N26 unspecified contracted kidney	icd_first_occurrence	176	pLoF	0.907020692716598	0.726886998642523	1.0	-0.0400891017900113	48
NPHP1	ENSG00000144061	Q60 renal agenesis / reduction defects	icd_first_occurrence	199	pLoF	0.907174322757387	0.760600877632261	1.0	-0.0401437825671462	37
GTF2IRD1	ENSG00000006704	Urea	continuous	376551	pLoF	0.907722661532518	0.74213841498084	0.727528870872131	-0.00207322813081449	22
MAD2L2	ENSG00000116670	Q63 other congenital malformations of kidney	icd_first_occurrence	452	pLoF	0.908225932823332	0.751308013441085	1.0	-0.0400988695087534	14
IL12A	ENSG00000168811	I12 hypertensive renal disease	icd_first_occurrence	1513	pLoF	0.908260145085696	0.738291375104907	1.0	-0.0403071309387315	13
HLA-DPA1	ENSG00000231389	N26 unspecified contracted kidney	icd_first_occurrence	176	pLoF	0.908469402127119	0.754127986909974	0.999999728981436	-0.0359956853557167	22
SDCCAG8	ENSG00000054282	Microalbumin in urine	continuous	119013	pLoF	0.908508412364342	0.989473115065581	0.747307223612966	9.02111224026735e-05	59
NUP107	ENSG00000111581	N26 unspecified contracted kidney	icd_first_occurrence	176	pLoF	0.908690458969163	0.720789352768495	1.0	-0.0399330502994126	69
ERCC8	ENSG00000049167	N20 calculus of kidney and ureter	icd_first_occurrence	5879	pLoF	0.909227137919327	1.0	0.7503978171279	0.000277347384739483	32
XRCC2	ENSG00000196584	N25 impaired renal tubular function	icd_first_occurrence	160	pLoF	0.909230696919212	0.763316851693404	1.0	-0.0401022768588728	23
INPP5E	ENSG00000148384	Q60 renal agenesis / reduction defects	icd_first_occurrence	199	pLoF	0.909331764546605	0.741852539907112	1.0	-0.0400802111188223	48
LIMK1	ENSG00000106683	Creatinine (enzymatic) in urine	continuous	383774	pLoF	0.90942032508051	0.903755923608976	0.726160806087286	0.000834304469920046	22
BBS7	ENSG00000138686	N25 impaired renal tubular function	icd_first_occurrence	160	pLoF	0.909574844536705	0.751189131219446	1.0	-0.0401005117443943	39
WDPCP	ENSG00000143951	N18 chronic renal failure	icd_first_occurrence	14086	pLoF	0.909638794676312	0.727424390944707	0.806828252806997	-0.00452757706477888	56
CPT2	ENSG00000157184	N25 impaired renal tubular function	icd_first_occurrence	160	pLoF	0.909747128478691	0.743676744165161	1.0	-0.0395679724379591	39
GSN	ENSG00000148180	N28 other disorders of kidney and ureter	icd_first_occurrence	5275	pLoF	0.910163435950931	0.725595759016283	0.943543636784533	-0.00871325692966718	44
DNAJB11	ENSG00000090520	C64 Malignant neoplasm of kidney	icd10	985	pLoF	0.910537415999645	0.740762486306976	1.0	-0.0401481077867781	25
BRCA2	ENSG00000139618	Q63 other congenital malformations of kidney	icd_first_occurrence	452	pLoF	0.910890589583517	0.712698922325961	0.99366212034081	-0.0116220521423228	280
BICC1	ENSG00000122870	C64 Malignant neoplasm of kidney	icd10	985	pLoF	0.910977475730094	0.727590197165525	1.0	-0.0381533399935265	31
LZTFL1	ENSG00000163818	C64 Malignant neoplasm of kidney	icd10	985	pLoF	0.911070733855384	0.739205218084751	1.0	-0.0401758712784909	17
NOTCH2	ENSG00000134250	C64 Malignant neoplasm of kidney	icd10	985	pLoF	0.912011838009451	0.728665764479915	1.0	-0.0357539173359831	39
KMT2D	ENSG00000167548	Q61 cystic kidney disease	icd_first_occurrence	735	pLoF	0.912248785506424	0.742295436143031	1.0	-0.037030879741294	28
SLC7A7	ENSG00000155465	Q60 renal agenesis / reduction defects	icd_first_occurrence	199	pLoF	0.912468275367405	0.737715672645076	1.0	-0.0400737569014186	40
GSN	ENSG00000148180	N04 nephrotic syndrome	icd_first_occurrence	242	pLoF	0.913012329410204	0.729995949553558	1.0	-0.0394134808027741	44
FAAP100	ENSG00000185504	Q60 renal agenesis / reduction defects	icd_first_occurrence	199	pLoF	0.913020167896973	0.758634698951062	1.0	-0.0319733536586939	61
SMC3	ENSG00000108055	I12 hypertensive renal disease	icd_first_occurrence	1513	pLoF	0.913107273427702	0.733805939879009	1.0	-0.0402535700284135	25
MKS1	ENSG00000011143	N25 impaired renal tubular function	icd_first_occurrence	160	pLoF	0.913165949345358	0.735166855956259	1.0	-0.0400579682112046	48
SRCAP	ENSG00000080603	I12 hypertensive renal disease	icd_first_occurrence	1513	pLoF	0.913421701756697	0.730076340958641	1.0	-0.0402264617200585	31
C4A	ENSG00000244731	C64 Malignant neoplasm of kidney	icd10	985	pLoF	0.913646634575383	0.740380515493605	1.0	-0.0355530035825469	19
SCAPER	ENSG00000140386	N26 unspecified contracted kidney	icd_first_occurrence	176	pLoF	0.913736588652522	0.727672893993308	1.0	-0.0400800806610019	80
INPP5E	ENSG00000148384	N26 unspecified contracted kidney	icd_first_occurrence	176	pLoF	0.914362183136397	0.754492345881348	1.0	-0.0400904674496384	48
WDPCP	ENSG00000143951	N25 impaired renal tubular function	icd_first_occurrence	160	pLoF	0.914974833497077	0.737600666468627	1.0	-0.0401271183877347	56
STX1A	ENSG00000106089	N23 unspecified renal colic	icd_first_occurrence	4304	pLoF	0.915020911017413	0.762043108009021	0.999977459976916	-0.0405836458949684	6
DNAJC30	ENSG00000176410	C64 Malignant neoplasm of kidney	icd10	985	pLoF	0.915194207501362	0.745732971243574	1.0	-0.0374721326358902	18
COL7A1	ENSG00000114270	N19 unspecified renal failure	icd_first_occurrence	2345	pLoF	0.915371910571322	0.745182685425618	0.910445819214443	-0.00430797385812702	229
HSD11B2	ENSG00000176387	C64 Malignant neoplasm of kidney	icd10	985	pLoF	0.915536121983631	0.749232090965428	1.0	-0.0330224662823969	24
CEP290	ENSG00000198707	I12 hypertensive renal disease	icd_first_occurrence	1513	pLoF	0.915847258253757	0.730164262652698	0.901936876511718	0.00462075112787902	253
ARL6	ENSG00000113966	C64 Malignant neoplasm of kidney	icd10	985	pLoF	0.916533180210605	0.751137713848091	1.0	-0.0401631345303258	13
MKKS	ENSG00000125863	Creatinine (enzymatic) in urine	continuous	383774	pLoF	0.916695669187136	0.741935777246793	0.933354769764686	-0.00116799468198484	37
ANKS6	ENSG00000165138	N04 nephrotic syndrome	icd_first_occurrence	242	pLoF	0.917108796899796	0.738476984924733	1.0	-0.0397864734729208	50
MKS1	ENSG00000011143	N17 acute renal failure	icd_first_occurrence	7312	pLoF	0.917265570860805	0.843073044352751	0.741349700257266	-0.00335294070166306	48
ERCC4	ENSG00000175595	Q60 renal agenesis / reduction defects	icd_first_occurrence	199	pLoF	0.917286493237728	0.739125693729805	1.0	-0.0400361259935284	49
PKD2	ENSG00000118762	N08 glomerular disorders in dis. class. elsewhere	icd_first_occurrence	531	pLoF	0.918297653349579	0.741544016971428	1.0	-0.0400510604102095	39
NSD1	ENSG00000165671	N08 glomerular disorders in dis. class. elsewhere	icd_first_occurrence	531	pLoF	0.918533894617766	0.763506244735088	1.0	-0.0370870850658172	32
CILK1	ENSG00000112144	N04 nephrotic syndrome	icd_first_occurrence	242	pLoF	0.918906450133252	0.754236224610667	1.0	-0.0395393975810294	46
SCLT1	ENSG00000151466	N04 nephrotic syndrome	icd_first_occurrence	242	pLoF	0.919549395779744	0.765661166854233	1.0	-0.0401524429525188	29
MKS1	ENSG00000011143	N23 unspecified renal colic	icd_first_occurrence	4304	pLoF	0.919894284248152	0.945840180153157	0.747533979230381	-0.0015583280246791	48
DYNC2I1	ENSG00000126870	N28 other disorders of kidney and ureter	icd_first_occurrence	5275	pLoF	0.920353855618425	0.736479329178809	0.979689850551379	-0.00614663039678288	87
INPP5E	ENSG00000148384	N25 impaired renal tubular function	icd_first_occurrence	160	pLoF	0.920562408872757	0.767492756178008	1.0	-0.0400825036380708	48
KMT2D	ENSG00000167548	N08 glomerular disorders in dis. class. elsewhere	icd_first_occurrence	531	pLoF	0.920723301515253	0.759195942231528	1.0	-0.0373039334730897	28
RFWD3	ENSG00000168411	N04 nephrotic syndrome	icd_first_occurrence	242	pLoF	0.921061763994541	0.738937636687129	1.0	-0.0400608004386901	59
BRCA1	ENSG00000012048	I12 hypertensive renal disease	icd_first_occurrence	1513	pLoF	0.921123869702361	0.97599425512481	0.735524158616904	0.000904780102323978	141
HLA-DPB1	ENSG00000223865	N04 nephrotic syndrome	icd_first_occurrence	242	pLoF	0.921456547639297	0.757251750304416	1.0	-0.0376873297193535	30
AHI1	ENSG00000135541	Creatinine (enzymatic) in urine	continuous	383774	pLoF	0.922006793536174	0.972602026504004	0.747562456123572	4.76952064203832e-05	99
MLXIPL	ENSG00000009950	N04 nephrotic syndrome	icd_first_occurrence	242	pLoF	0.922236560649656	0.76198149429999	1.0	-0.0401829486904145	41
SCAPER	ENSG00000140386	N25 impaired renal tubular function	icd_first_occurrence	160	pLoF	0.922379578849464	0.743711243648364	1.0	-0.0400702719980159	80
CLIP2	ENSG00000106665	N17 acute renal failure	icd_first_occurrence	7312	pLoF	0.922580488495183	0.78330220162953	0.755724048717182	-0.00925371324051757	36
PAN2	ENSG00000135473	Creatinine	continuous	376624	pLoF	0.922857623565872	0.856810198588306	0.738725194925984	-0.000508159891484058	65
ALG5	ENSG00000120697	C64 Malignant neoplasm of kidney	icd10	985	pLoF	0.923205730051835	0.760815843810029	1.0	-0.0401541223227774	21
TBX1	ENSG00000184058	I12 hypertensive renal disease	icd_first_occurrence	1513	pLoF	0.923253795688987	0.768723296538469	1.0	-0.0402266714398088	13
SLC7A7	ENSG00000155465	N26 unspecified contracted kidney	icd_first_occurrence	176	pLoF	0.92330869894747	0.755465938176384	1.0	-0.0400565991246005	40
SLC7A7	ENSG00000155465	N19 unspecified renal failure	icd_first_occurrence	2345	pLoF	0.92399687606636	0.760078168897863	0.778608397741222	-0.0102882840091457	40
HLA-DPB1	ENSG00000223865	Cystatin C	continuous	376784	pLoF	0.92455976565584	0.940518726980671	0.765413613037246	0.000201588871630721	30
MKS1	ENSG00000011143	Creatinine	continuous	376624	pLoF	0.925469927664746	0.758054674232494	0.872368023918248	0.000599078463076916	48
SLX4	ENSG00000188827	Cystatin C	continuous	376784	pLoF	0.925610582992254	0.747353608416029	0.859034950723072	0.000464963147485016	100
CLIP2	ENSG00000106665	N08 glomerular disorders in dis. class. elsewhere	icd_first_occurrence	531	pLoF	0.925613863634486	0.757498314429329	1.0	-0.0400858641188128	36
SLC7A7	ENSG00000155465	N25 impaired renal tubular function	icd_first_occurrence	160	pLoF	0.925805388385744	0.761350507318935	1.0	-0.0400730848947127	40
WDR35	ENSG00000118965	N28 other disorders of kidney and ureter	icd_first_occurrence	5275	pLoF	0.926217423464243	0.81127930279997	0.748754473155769	-0.00400635700334415	90
TSC1	ENSG00000165699	I12 hypertensive renal disease	icd_first_occurrence	1513	pLoF	0.926450735867109	0.761990616031764	1.0	-0.0402992568783685	17
PKD2	ENSG00000118762	Q63 other congenital malformations of kidney	icd_first_occurrence	452	pLoF	0.926941130482276	0.755892196794077	1.0	-0.0400745622858219	39
ERCC4	ENSG00000175595	N26 unspecified contracted kidney	icd_first_occurrence	176	pLoF	0.928559874985343	0.759540794857447	1.0	-0.0400793040545597	49
GSN	ENSG00000148180	Q60 renal agenesis / reduction defects	icd_first_occurrence	199	pLoF	0.928622244557567	0.756762442230913	1.0	-0.0393935734537915	44
APC2	ENSG00000115266	Q61 cystic kidney disease	icd_first_occurrence	735	pLoF	0.929000005061404	0.75811389151928	1.0	-0.0367447106221405	36
ANKS6	ENSG00000165138	Q60 renal agenesis / reduction defects	icd_first_occurrence	199	pLoF	0.929551602980695	0.760319163473425	1.0	-0.0395966297613372	50
FANCI	ENSG00000140525	N17 acute renal failure	icd_first_occurrence	7312	pLoF	0.930930841188232	0.811818040313193	0.759502500976994	0.00283123958917788	124
RFWD3	ENSG00000168411	Q60 renal agenesis / reduction defects	icd_first_occurrence	199	pLoF	0.932319685871703	0.759716013930163	1.0	-0.0400427816356251	59
ERCC4	ENSG00000175595	N25 impaired renal tubular function	icd_first_occurrence	160	pLoF	0.932428594865458	0.767059561034063	1.0	-0.040070035827559	49
RFWD3	ENSG00000168411	N28 other disorders of kidney and ureter	icd_first_occurrence	5275	pLoF	0.935596523666541	0.7679477756004	0.927569827050638	-0.00741926528181816	59
BRCA2	ENSG00000139618	N23 unspecified renal colic	icd_first_occurrence	4304	pLoF	0.935969485703313	0.757292837898558	0.830420774765275	-0.00318557751100066	280
MAD2L2	ENSG00000116670	N04 nephrotic syndrome	icd_first_occurrence	242	pLoF	1.0	0.817232416806676	1.0	-0.0400886907364386	14
MAD2L2	ENSG00000116670	N20 calculus of kidney and ureter	icd_first_occurrence	5879	pLoF	1.0	0.769785422675149	0.963834274207531	-0.0102819345787802	14
MAD2L2	ENSG00000116670	N25 impaired renal tubular function	icd_first_occurrence	160	pLoF	1.0	0.853770385229896	1.0	-0.0400488061005185	14
MAD2L2	ENSG00000116670	N26 unspecified contracted kidney	icd_first_occurrence	176	pLoF	1.0	0.840923672942417	1.0	-0.0400064586509127	14
MAD2L2	ENSG00000116670	Q60 renal agenesis / reduction defects	icd_first_occurrence	199	pLoF	1.0	0.838297067008166	1.0	-0.0400808670698384	14
CLCNKB	ENSG00000184908	N17 acute renal failure	icd_first_occurrence	7312	pLoF	1.0	0.908141857204071	0.777950298703234	0.00158744843825389	67
MMACHC	ENSG00000132763	Q63 other congenital malformations of kidney	icd_first_occurrence	452	pLoF	1.0	0.922800937879248	0.99439884912274	0.00419406389238853	15
IL23R	ENSG00000162594	N04 nephrotic syndrome	icd_first_occurrence	242	pLoF	1.0	0.844628834989492	1.0	-0.04007022946469	18
IL23R	ENSG00000162594	N08 glomerular disorders in dis. class. elsewhere	icd_first_occurrence	531	pLoF	1.0	0.782535321608171	1.0	-0.0400323951555952	18
IL23R	ENSG00000162594	N25 impaired renal tubular function	icd_first_occurrence	160	pLoF	1.0	0.866736985464275	1.0	-0.0400690112684769	18
IL23R	ENSG00000162594	N26 unspecified contracted kidney	icd_first_occurrence	176	pLoF	1.0	0.862942435375057	1.0	-0.0400744650627136	18
IL23R	ENSG00000162594	N28 other disorders of kidney and ureter	icd_first_occurrence	5275	pLoF	1.0	0.924276665206706	0.838459688460029	0.00409341484099755	18
IL23R	ENSG00000162594	Q60 renal agenesis / reduction defects	icd_first_occurrence	199	pLoF	1.0	0.858078982626948	1.0	-0.0400689600961278	18
IL23R	ENSG00000162594	Q63 other congenital malformations of kidney	icd_first_occurrence	452	pLoF	1.0	0.78218836537928	1.0	-0.0400612390767985	18
NOTCH2	ENSG00000134250	N04 nephrotic syndrome	icd_first_occurrence	242	pLoF	1.0	0.871675886130563	1.0	-0.0360046182163979	39
NOTCH2	ENSG00000134250	N08 glomerular disorders in dis. class. elsewhere	icd_first_occurrence	531	pLoF	1.0	0.798232275841403	1.0	-0.0360228975790898	39
NOTCH2	ENSG00000134250	N25 impaired renal tubular function	icd_first_occurrence	160	pLoF	1.0	0.899550012829037	1.0	-0.0353019155389701	39
NOTCH2	ENSG00000134250	N26 unspecified contracted kidney	icd_first_occurrence	176	pLoF	1.0	0.887728813997641	1.0	-0.0365426581626235	39
NOTCH2	ENSG00000134250	Q60 renal agenesis / reduction defects	icd_first_occurrence	199	pLoF	1.0	0.878372942497641	1.0	-0.035502653804172	39
NOTCH2	ENSG00000134250	Q63 other congenital malformations of kidney	icd_first_occurrence	452	pLoF	1.0	0.819848796804842	1.0	-0.0354683109201075	39
PBX1	ENSG00000185630	Microalbumin in urine	continuous	119013	pLoF	1.0	0.790266820263735	0.934967391460398	0.00743871551024571	3
PBX1	ENSG00000185630	C64 Malignant neoplasm of kidney	icd10	985	pLoF	1.0	0.931477100711505	1.0	-0.040153062109836	3
PBX1	ENSG00000185630	N04 nephrotic syndrome	icd_first_occurrence	242	pLoF	1.0	0.971755938494267	1.0	-0.0400349062061651	3
PBX1	ENSG00000185630	N08 glomerular disorders in dis. class. elsewhere	icd_first_occurrence	531	pLoF	1.0	0.943601963055946	1.0	-0.0400939972526073	3
PBX1	ENSG00000185630	N20 calculus of kidney and ureter	icd_first_occurrence	5879	pLoF	1.0	0.793457660145339	1.0	-0.0410702210291287	3
PBX1	ENSG00000185630	N23 unspecified renal colic	icd_first_occurrence	4304	pLoF	1.0	0.841193618227698	0.997753486870812	-0.0405581115815707	3
PBX1	ENSG00000185630	N25 impaired renal tubular function	icd_first_occurrence	160	pLoF	1.0	0.980515669967019	1.0	-0.0400268352210099	3
PBX1	ENSG00000185630	N26 unspecified contracted kidney	icd_first_occurrence	176	pLoF	1.0	0.981621435372816	1.0	-0.0400233833591548	3
PBX1	ENSG00000185630	N28 other disorders of kidney and ureter	icd_first_occurrence	5275	pLoF	1.0	0.844336566180176	1.0	-0.0406186477733946	3
PBX1	ENSG00000185630	Q60 renal agenesis / reduction defects	icd_first_occurrence	199	pLoF	1.0	0.970012119452984	1.0	-0.0400349471752011	3
PBX1	ENSG00000185630	Q61 cystic kidney disease	icd_first_occurrence	735	pLoF	1.0	0.94303384474406	0.999864149221406	-0.0400864757652789	3
PBX1	ENSG00000185630	Q63 other congenital malformations of kidney	icd_first_occurrence	452	pLoF	1.0	0.960304022985021	1.0	-0.040052940056883	3
UBE2T	ENSG00000077152	N04 nephrotic syndrome	icd_first_occurrence	242	pLoF	1.0	0.902990701998867	1.0	-0.0255061201987725	14
UBE2T	ENSG00000077152	N08 glomerular disorders in dis. class. elsewhere	icd_first_occurrence	531	pLoF	1.0	0.850842733092535	1.0	-0.0263495051645615	14
UBE2T	ENSG00000077152	N25 impaired renal tubular function	icd_first_occurrence	160	pLoF	1.0	0.918202505893758	1.0	-0.0312410101614162	14
UBE2T	ENSG00000077152	N26 unspecified contracted kidney	icd_first_occurrence	176	pLoF	1.0	0.91073551506548	1.0	-0.0313287156994117	14
UBE2T	ENSG00000077152	Q60 renal agenesis / reduction defects	icd_first_occurrence	199	pLoF	1.0	0.909214539010241	1.0	-0.0277858105824507	14
UBE2T	ENSG00000077152	Q61 cystic kidney disease	icd_first_occurrence	735	pLoF	1.0	0.827326825776271	1.0	-0.0282840317648039	14
UBE2T	ENSG00000077152	Q63 other congenital malformations of kidney	icd_first_occurrence	452	pLoF	1.0	0.85667375550261	1.0	-0.0321324970872084	14
CHRM3	ENSG00000133019	N04 nephrotic syndrome	icd_first_occurrence	242	pLoF	1.0	0.890698086926782	1.0	-0.0400550254374753	13
CHRM3	ENSG00000133019	N08 glomerular disorders in dis. class. elsewhere	icd_first_occurrence	531	pLoF	1.0	0.831419220698779	1.0	-0.0401029026597493	13
CHRM3	ENSG00000133019	N25 impaired renal tubular function	icd_first_occurrence	160	pLoF	1.0	0.91176044523318	1.0	-0.0400441330291771	13
CHRM3	ENSG00000133019	N26 unspecified contracted kidney	icd_first_occurrence	176	pLoF	1.0	0.9024216853605	1.0	-0.0400558721659773	13
CHRM3	ENSG00000133019	Q60 renal agenesis / reduction defects	icd_first_occurrence	199	pLoF	1.0	0.89944981225986	1.0	-0.0400478888143994	13
CHRM3	ENSG00000133019	Q61 cystic kidney disease	icd_first_occurrence	735	pLoF	1.0	0.796084239750977	0.99999958611226	-0.040119301664748	13
CHRM3	ENSG00000133019	Q63 other congenital malformations of kidney	icd_first_occurrence	452	pLoF	1.0	0.8461668103618	1.0	-0.0400744002224087	13
SDCCAG8	ENSG00000054282	I12 hypertensive renal disease	icd_first_occurrence	1513	pLoF	1.0	0.893122958408754	0.777371920868717	-0.0050066517575182	59
GATA3	ENSG00000107485	C64 Malignant neoplasm of kidney	icd10	985	pLoF	1.0	0.930972216890226	1.0	-0.0400884943301698	3
GATA3	ENSG00000107485	I12 hypertensive renal disease	icd_first_occurrence	1513	pLoF	1.0	0.908864858152779	1.0	-0.0401595603040841	3
GATA3	ENSG00000107485	N04 nephrotic syndrome	icd_first_occurrence	242	pLoF	1.0	0.966751897956201	1.0	-0.0400291728333811	3
GATA3	ENSG00000107485	N08 glomerular disorders in dis. class. elsewhere	icd_first_occurrence	531	pLoF	1.0	0.945476792009537	1.0	-0.0400612363389799	3
GATA3	ENSG00000107485	N17 acute renal failure	icd_first_occurrence	7312	pLoF	1.0	0.793426709888301	1.0	-0.0407802873995057	3
GATA3	ENSG00000107485	N19 unspecified renal failure	icd_first_occurrence	2345	pLoF	1.0	0.888607870913583	1.0	-0.0402213558215945	3
GATA3	ENSG00000107485	N23 unspecified renal colic	icd_first_occurrence	4304	pLoF	1.0	0.870985725844353	1.0	-0.0402769563022766	3
GATA3	ENSG00000107485	N25 impaired renal tubular function	icd_first_occurrence	160	pLoF	1.0	0.970424934436957	1.0	-0.0400264572727818	3
GATA3	ENSG00000107485	N26 unspecified contracted kidney	icd_first_occurrence	176	pLoF	1.0	0.973369209489234	1.0	-0.04002386143696	3
GATA3	ENSG00000107485	N28 other disorders of kidney and ureter	icd_first_occurrence	5275	pLoF	1.0	0.81606509954869	1.0	-0.040571685943639	3
GATA3	ENSG00000107485	Q60 renal agenesis / reduction defects	icd_first_occurrence	199	pLoF	1.0	0.9777018482713	0.999983190446823	-0.0400192370784798	3
GATA3	ENSG00000107485	Q61 cystic kidney disease	icd_first_occurrence	735	pLoF	1.0	0.939131007816856	1.0	-0.0400700145858415	3
GATA3	ENSG00000107485	Q63 other congenital malformations of kidney	icd_first_occurrence	452	pLoF	1.0	0.947667119382654	1.0	-0.0400551617217929	3
ERCC6	ENSG00000225830	Microalbumin in urine	continuous	119013	pLoF	1.0	0.900528554682982	0.812150894757026	0.000268970185731019	116
ERCC6	ENSG00000225830	C64 Malignant neoplasm of kidney	icd10	985	pLoF	1.0	0.964805253793837	0.815023148147509	0.00105780742306684	116
ERCC6	ENSG00000225830	I12 hypertensive renal disease	icd_first_occurrence	1513	pLoF	1.0	0.833767169273764	0.944937363122505	-0.00397525052068033	116
ERCC6	ENSG00000225830	N23 unspecified renal colic	icd_first_occurrence	4304	pLoF	1.0	0.770736634975422	0.974922032625603	0.003276033054647	116
BICC1	ENSG00000122870	Creatinine (enzymatic) in urine	continuous	383774	pLoF	1.0	0.875529282839611	0.829277262057546	0.0007989212011313	31
BICC1	ENSG00000122870	N04 nephrotic syndrome	icd_first_occurrence	242	pLoF	1.0	0.867104185197626	1.0	-0.0364660399035188	31
BICC1	ENSG00000122870	N08 glomerular disorders in dis. class. elsewhere	icd_first_occurrence	531	pLoF	1.0	0.79577722519592	1.0	-0.0370239608790514	31
BICC1	ENSG00000122870	N25 impaired renal tubular function	icd_first_occurrence	160	pLoF	1.0	0.896679827629042	1.0	-0.0374610706789073	31
BICC1	ENSG00000122870	N26 unspecified contracted kidney	icd_first_occurrence	176	pLoF	1.0	0.889582103297363	1.0	-0.0378922170241144	31
BICC1	ENSG00000122870	Q60 renal agenesis / reduction defects	icd_first_occurrence	199	pLoF	1.0	0.879638792755267	1.0	-0.0361715313018035	31
BICC1	ENSG00000122870	Q61 cystic kidney disease	icd_first_occurrence	735	pLoF	1.0	0.776618499809778	1.0	-0.0363479210106731	31
BICC1	ENSG00000122870	Q63 other congenital malformations of kidney	icd_first_occurrence	452	pLoF	1.0	0.830561476272801	1.0	-0.0357552396967455	31
SMC3	ENSG00000108055	C64 Malignant neoplasm of kidney	icd10	985	pLoF	1.0	0.78062201418975	1.0	-0.0401595144714947	25
SMC3	ENSG00000108055	N04 nephrotic syndrome	icd_first_occurrence	242	pLoF	1.0	0.896750599757343	1.0	-0.0400362487648791	25
SMC3	ENSG00000108055	N08 glomerular disorders in dis. class. elsewhere	icd_first_occurrence	531	pLoF	1.0	0.844931794640235	1.0	-0.0400771997389295	25
SMC3	ENSG00000108055	N25 impaired renal tubular function	icd_first_occurrence	160	pLoF	1.0	0.910110539993379	1.0	-0.0400308028377224	25
SMC3	ENSG00000108055	N26 unspecified contracted kidney	icd_first_occurrence	176	pLoF	1.0	0.908348518717766	1.0	-0.0400374275582272	25
SMC3	ENSG00000108055	Q60 renal agenesis / reduction defects	icd_first_occurrence	199	pLoF	1.0	0.909337185617406	1.0	-0.0400278613214476	25
SMC3	ENSG00000108055	Q61 cystic kidney disease	icd_first_occurrence	735	pLoF	1.0	0.814636554249244	1.0	-0.0400954388213474	25
SMC3	ENSG00000108055	Q63 other congenital malformations of kidney	icd_first_occurrence	452	pLoF	1.0	0.856632720948584	1.0	-0.0400580307370198	25
BBIP1	ENSG00000214413	N04 nephrotic syndrome	icd_first_occurrence	242	pLoF	1.0	0.897405014381991	0.999999491886852	-0.026713393041571	8
BBIP1	ENSG00000214413	N08 glomerular disorders in dis. class. elsewhere	icd_first_occurrence	531	pLoF	1.0	0.841074150512573	0.999978400270815	-0.0272929164906664	8
BBIP1	ENSG00000214413	N25 impaired renal tubular function	icd_first_occurrence	160	pLoF	1.0	0.906467404915235	1.0	-0.0270611349720581	8
BBIP1	ENSG00000214413	N26 unspecified contracted kidney	icd_first_occurrence	176	pLoF	1.0	0.90137597126407	1.0	-0.0273606352683735	8
BBIP1	ENSG00000214413	Q60 renal agenesis / reduction defects	icd_first_occurrence	199	pLoF	1.0	0.90839842626714	0.99999995675358	-0.0269483645680833	8
BBIP1	ENSG00000214413	Q61 cystic kidney disease	icd_first_occurrence	735	pLoF	1.0	0.812362679253115	0.999958522618582	-0.0268646088473792	8
BBIP1	ENSG00000214413	Q63 other congenital malformations of kidney	icd_first_occurrence	452	pLoF	1.0	0.85059951315108	0.999984516978394	-0.0270320360535788	8
EBF3	ENSG00000108001	C64 Malignant neoplasm of kidney	icd10	985	pLoF	1.0	0.9196258376454	0.999957040227393	-0.0401499222084213	4
EBF3	ENSG00000108001	I12 hypertensive renal disease	icd_first_occurrence	1513	pLoF	1.0	0.919518256044251	0.999941543749251	-0.0401606736672614	4
EBF3	ENSG00000108001	N04 nephrotic syndrome	icd_first_occurrence	242	pLoF	1.0	0.965677714178554	0.999998347115688	-0.0400279098912625	4
EBF3	ENSG00000108001	N08 glomerular disorders in dis. class. elsewhere	icd_first_occurrence	531	pLoF	1.0	0.946630000870293	0.999995951459954	-0.0400523685911053	4
EBF3	ENSG00000108001	N17 acute renal failure	icd_first_occurrence	7312	pLoF	1.0	0.812557645185106	0.99865251055247	-0.0407645007308385	4
EBF3	ENSG00000108001	N19 unspecified renal failure	icd_first_occurrence	2345	pLoF	1.0	0.891342482462215	0.999918516057474	-0.0402104017885714	4
EBF3	ENSG00000108001	N20 calculus of kidney and ureter	icd_first_occurrence	5879	pLoF	1.0	0.811401514580775	0.999245239055128	-0.0406130937397389	4
EBF3	ENSG00000108001	N23 unspecified renal colic	icd_first_occurrence	4304	pLoF	1.0	0.829718554676187	0.999422836033707	-0.0404623418623569	4
EBF3	ENSG00000108001	N25 impaired renal tubular function	icd_first_occurrence	160	pLoF	1.0	0.972273721142784	0.999999073307697	-0.0400222786720734	4
EBF3	ENSG00000108001	N26 unspecified contracted kidney	icd_first_occurrence	176	pLoF	1.0	0.976712071609711	0.999999180768458	-0.0400228998824086	4
EBF3	ENSG00000108001	N28 other disorders of kidney and ureter	icd_first_occurrence	5275	pLoF	1.0	0.813000236899848	0.999344444776512	-0.0405313778907493	4
EBF3	ENSG00000108001	Q60 renal agenesis / reduction defects	icd_first_occurrence	199	pLoF	1.0	0.968339864148095	0.999998632804011	-0.0400293538169111	4
EBF3	ENSG00000108001	Q61 cystic kidney disease	icd_first_occurrence	735	pLoF	1.0	0.92315427854691	0.999978512232706	-0.0401002804906406	4
EBF3	ENSG00000108001	Q63 other congenital malformations of kidney	icd_first_occurrence	452	pLoF	1.0	0.943005348523496	0.999991834063611	-0.0400601899566115	4
HRAS	ENSG00000174775	Microalbumin in urine	continuous	119013	pLoF	1.0	0.974436272698825	0.87796759966592	-0.000200792945552705	10
HRAS	ENSG00000174775	N19 unspecified renal failure	icd_first_occurrence	2345	pLoF	1.0	0.895136475428055	0.980721541580592	0.00570254850994619	10
HRAS	ENSG00000174775	N25 impaired renal tubular function	icd_first_occurrence	160	pLoF	1.0	0.80263790414381	0.99007215976774	-0.040194135581214	10
HRAS	ENSG00000174775	N26 unspecified contracted kidney	icd_first_occurrence	176	pLoF	1.0	0.795336075427939	0.988666186426461	-0.0401989189096793	10
HRAS	ENSG00000174775	Q60 renal agenesis / reduction defects	icd_first_occurrence	199	pLoF	1.0	0.784953455107961	0.976820450405836	-0.040194563047292	10
WT1	ENSG00000184937	Microalbumin in urine	continuous	119013	pLoF	1.0	0.86532906705001	1.0	0.00337465619305623	3
WT1	ENSG00000184937	C64 Malignant neoplasm of kidney	icd10	985	pLoF	1.0	0.874448553127928	1.0	-0.0401723406583536	3
WT1	ENSG00000184937	I12 hypertensive renal disease	icd_first_occurrence	1513	pLoF	1.0	0.828409418975204	1.0	-0.0403581581204771	3
WT1	ENSG00000184937	N04 nephrotic syndrome	icd_first_occurrence	242	pLoF	1.0	0.94282572543201	1.0	-0.040040138716973	3
WT1	ENSG00000184937	N08 glomerular disorders in dis. class. elsewhere	icd_first_occurrence	531	pLoF	1.0	0.900376485271102	1.0	-0.0401048335180039	3
WT1	ENSG00000184937	N19 unspecified renal failure	icd_first_occurrence	2345	pLoF	1.0	0.809161443204196	1.0	-0.0403542234754717	3
WT1	ENSG00000184937	N25 impaired renal tubular function	icd_first_occurrence	160	pLoF	1.0	0.958880118094965	1.0	-0.0400270058035853	3
WT1	ENSG00000184937	N26 unspecified contracted kidney	icd_first_occurrence	176	pLoF	1.0	0.943769893572527	1.0	-0.0400436605056862	3
WT1	ENSG00000184937	Q60 renal agenesis / reduction defects	icd_first_occurrence	199	pLoF	1.0	0.947651985641181	1.0	-0.0400351599366473	3
WT1	ENSG00000184937	Q61 cystic kidney disease	icd_first_occurrence	735	pLoF	1.0	0.888196206830915	1.0	-0.0401159416541957	3
WT1	ENSG00000184937	Q63 other congenital malformations of kidney	icd_first_occurrence	452	pLoF	1.0	0.924143942088406	1.0	-0.0400549672415337	3
TMEM216	ENSG00000187049	Urea	continuous	376551	pLoF	1.0	0.84037413757128	0.914027682318355	-0.000516952336990551	13
TMEM216	ENSG00000187049	I12 hypertensive renal disease	icd_first_occurrence	1513	pLoF	1.0	0.862168003743258	0.951370275498987	0.00766337988161224	13
TMEM216	ENSG00000187049	N18 chronic renal failure	icd_first_occurrence	14086	pLoF	1.0	0.931502504294816	0.911186902918811	0.00137686875711762	13
MEN1	ENSG00000133895	C64 Malignant neoplasm of kidney	icd10	985	pLoF	1.0	0.891640462317996	1.0	-0.0401068357785935	10
MEN1	ENSG00000133895	I12 hypertensive renal disease	icd_first_occurrence	1513	pLoF	1.0	0.865193846795231	1.0	-0.0401504798552997	10
MEN1	ENSG00000133895	N04 nephrotic syndrome	icd_first_occurrence	242	pLoF	1.0	0.94384551451613	1.0	-0.0400278646497253	10
MEN1	ENSG00000133895	N08 glomerular disorders in dis. class. elsewhere	icd_first_occurrence	531	pLoF	1.0	0.916190457819395	1.0	-0.0400679970189187	10
MEN1	ENSG00000133895	N19 unspecified renal failure	icd_first_occurrence	2345	pLoF	1.0	0.820030804141312	1.0	-0.0402248007508044	10
MEN1	ENSG00000133895	N25 impaired renal tubular function	icd_first_occurrence	160	pLoF	1.0	0.956840091886576	1.0	-0.0400226590138282	10
MEN1	ENSG00000133895	N26 unspecified contracted kidney	icd_first_occurrence	176	pLoF	1.0	0.950566046380234	1.0	-0.0400308617292225	10
MEN1	ENSG00000133895	Q60 renal agenesis / reduction defects	icd_first_occurrence	199	pLoF	1.0	0.940670233082917	1.0	-0.0400308821248887	10
MEN1	ENSG00000133895	Q63 other congenital malformations of kidney	icd_first_occurrence	452	pLoF	1.0	0.910169733125337	1.0	-0.0400549976378376	10
BBS1	ENSG00000174483	N04 nephrotic syndrome	icd_first_occurrence	242	pLoF	1.0	0.782391579472435	1.0	-0.0397431652021714	48
BBS1	ENSG00000174483	N20 calculus of kidney and ureter	icd_first_occurrence	5879	pLoF	1.0	0.930872003457235	0.7711253626474	-0.00232213185242323	48
BBS1	ENSG00000174483	N25 impaired renal tubular function	icd_first_occurrence	160	pLoF	1.0	0.81597102828795	1.0	-0.0394103145801414	48
BBS1	ENSG00000174483	N26 unspecified contracted kidney	icd_first_occurrence	176	pLoF	1.0	0.800654106183928	1.0	-0.0396838476810148	48
BBS1	ENSG00000174483	Q60 renal agenesis / reduction defects	icd_first_occurrence	199	pLoF	1.0	0.798383983390209	1.0	-0.0397021324158067	48
CCND1	ENSG00000110092	Urea	continuous	376551	pLoF	1.0	0.875883453985155	0.829325527868427	-0.00293200203396376	4
CCND1	ENSG00000110092	C64 Malignant neoplasm of kidney	icd10	985	pLoF	1.0	0.908367329844411	0.999949611341063	-0.0401780302252189	4
CCND1	ENSG00000110092	I12 hypertensive renal disease	icd_first_occurrence	1513	pLoF	1.0	0.89425308278272	0.999895136684534	-0.0402439789539081	4
CCND1	ENSG00000110092	N04 nephrotic syndrome	icd_first_occurrence	242	pLoF	1.0	0.963620158886064	0.999998157129975	-0.0400352266825922	4
CCND1	ENSG00000110092	N08 glomerular disorders in dis. class. elsewhere	icd_first_occurrence	531	pLoF	1.0	0.945419680317284	0.999991449946469	-0.0400725062129415	4
CCND1	ENSG00000110092	N19 unspecified renal failure	icd_first_occurrence	2345	pLoF	1.0	0.871511798475779	0.999863780543085	-0.0403100983503337	4
CCND1	ENSG00000110092	N20 calculus of kidney and ureter	icd_first_occurrence	5879	pLoF	1.0	0.808770386679677	0.999065515060829	-0.040759411902741	4
CCND1	ENSG00000110092	N25 impaired renal tubular function	icd_first_occurrence	160	pLoF	1.0	0.978511550383918	0.999999346064267	-0.0400191120605182	4
CCND1	ENSG00000110092	N26 unspecified contracted kidney	icd_first_occurrence	176	pLoF	1.0	0.970131971030999	0.999998364410346	-0.0400305185039922	4
CCND1	ENSG00000110092	N28 other disorders of kidney and ureter	icd_first_occurrence	5275	pLoF	1.0	0.807452056669862	0.999456520010631	-0.0406461023633371	4
CCND1	ENSG00000110092	Q60 renal agenesis / reduction defects	icd_first_occurrence	199	pLoF	1.0	0.969772871961789	0.999998690342171	-0.0400285618829635	4
CCND1	ENSG00000110092	Q61 cystic kidney disease	icd_first_occurrence	735	pLoF	1.0	0.932139060997072	0.99998964828298	-0.0400904186496436	4
CCND1	ENSG00000110092	Q63 other congenital malformations of kidney	icd_first_occurrence	452	pLoF	1.0	0.945462992307254	0.999995304027582	-0.0400625383135956	4
CLPB	ENSG00000162129	Urea	continuous	376551	pLoF	1.0	0.797184343092671	0.954232283546755	0.000502666209950993	48
CLPB	ENSG00000162129	N19 unspecified renal failure	icd_first_occurrence	2345	pLoF	1.0	0.890012697833432	0.999999963581317	-0.00382031207555707	48
AMOTL1	ENSG00000166025	N04 nephrotic syndrome	icd_first_occurrence	242	pLoF	1.0	0.793389868367753	1.0	-0.0400576323811418	38
AMOTL1	ENSG00000166025	N25 impaired renal tubular function	icd_first_occurrence	160	pLoF	1.0	0.826837249358798	1.0	-0.0400510588649001	38
AMOTL1	ENSG00000166025	N26 unspecified contracted kidney	icd_first_occurrence	176	pLoF	1.0	0.819824994387916	1.0	-0.0400584372386126	38
AMOTL1	ENSG00000166025	Q60 renal agenesis / reduction defects	icd_first_occurrence	199	pLoF	1.0	0.814015957445074	1.0	-0.0400495132411006	38
MMP1	ENSG00000196611	N19 unspecified renal failure	icd_first_occurrence	2345	pLoF	1.0	0.908836448639971	0.959335684988638	-0.0011082801308708	34
ALG9	ENSG00000086848	N04 nephrotic syndrome	icd_first_occurrence	242	pLoF	1.0	0.776277609458315	1.0	-0.0400595571229694	46
ALG9	ENSG00000086848	N26 unspecified contracted kidney	icd_first_occurrence	176	pLoF	1.0	0.804519974782313	1.0	-0.0400587419270533	46
ALG9	ENSG00000086848	Q60 renal agenesis / reduction defects	icd_first_occurrence	199	pLoF	1.0	0.789963655598936	1.0	-0.0400559056611169	46
APOA1	ENSG00000118137	Urea	continuous	376551	pLoF	1.0	1.0	0.838086516869873	-9.09289326621351e-05	17
APOA1	ENSG00000118137	C64 Malignant neoplasm of kidney	icd10	985	pLoF	1.0	0.783608837478465	1.0	-0.0401391649719106	17
APOA1	ENSG00000118137	N04 nephrotic syndrome	icd_first_occurrence	242	pLoF	1.0	0.889056590192801	1.0	-0.0400389374873675	17
APOA1	ENSG00000118137	N08 glomerular disorders in dis. class. elsewhere	icd_first_occurrence	531	pLoF	1.0	0.838846302322411	1.0	-0.0400693890673554	17
APOA1	ENSG00000118137	N25 impaired renal tubular function	icd_first_occurrence	160	pLoF	1.0	0.917387627738901	1.0	-0.0400275886397462	17
APOA1	ENSG00000118137	N26 unspecified contracted kidney	icd_first_occurrence	176	pLoF	1.0	0.909503087974628	1.0	-0.0400352490672386	17
APOA1	ENSG00000118137	Q60 renal agenesis / reduction defects	icd_first_occurrence	199	pLoF	1.0	0.890448886492106	1.0	-0.0400393529183216	17
APOA1	ENSG00000118137	Q61 cystic kidney disease	icd_first_occurrence	735	pLoF	1.0	0.80160015087256	1.0	-0.0400904408341701	17
APOA1	ENSG00000118137	Q63 other congenital malformations of kidney	icd_first_occurrence	452	pLoF	1.0	0.846796399961926	1.0	-0.0400596815697725	17
KLRC4	ENSG00000183542	C64 Malignant neoplasm of kidney	icd10	985	pLoF	1.0	0.830369334321063	1.0	-0.0401427267866702	3
KLRC4	ENSG00000183542	I12 hypertensive renal disease	icd_first_occurrence	1513	pLoF	1.0	0.788643590747402	1.0	-0.0402194655889911	3
KLRC4	ENSG00000183542	N04 nephrotic syndrome	icd_first_occurrence	242	pLoF	1.0	0.914126751758811	1.0	-0.0400491203483202	3
KLRC4	ENSG00000183542	N08 glomerular disorders in dis. class. elsewhere	icd_first_occurrence	531	pLoF	1.0	0.873790174350873	1.0	-0.040088156692488	3
KLRC4	ENSG00000183542	N25 impaired renal tubular function	icd_first_occurrence	160	pLoF	1.0	0.929748312414736	1.0	-0.0400438604231342	3
KLRC4	ENSG00000183542	N26 unspecified contracted kidney	icd_first_occurrence	176	pLoF	1.0	0.930358755757717	1.0	-0.0400439992156469	3
KLRC4	ENSG00000183542	Q60 renal agenesis / reduction defects	icd_first_occurrence	199	pLoF	1.0	0.914994110478108	1.0	-0.0400489280711177	3
KLRC4	ENSG00000183542	Q61 cystic kidney disease	icd_first_occurrence	735	pLoF	1.0	0.84870730859865	1.0	-0.0400969538729368	3
KLRC4	ENSG00000183542	Q63 other congenital malformations of kidney	icd_first_occurrence	452	pLoF	1.0	0.879175690011586	1.0	-0.0400692243015509	3
KMT2D	ENSG00000167548	N04 nephrotic syndrome	icd_first_occurrence	242	pLoF	1.0	0.849250631136426	1.0	-0.0372738631479261	28
KMT2D	ENSG00000167548	N26 unspecified contracted kidney	icd_first_occurrence	176	pLoF	1.0	0.863386653878177	1.0	-0.0363603869409517	28
KMT2D	ENSG00000167548	Q60 renal agenesis / reduction defects	icd_first_occurrence	199	pLoF	1.0	0.864536892682965	1.0	-0.0368266111058411	28
KMT2D	ENSG00000167548	Q63 other congenital malformations of kidney	icd_first_occurrence	452	pLoF	1.0	0.807829608467453	1.0	-0.0366546753918536	28
PAN2	ENSG00000135473	N04 nephrotic syndrome	icd_first_occurrence	242	pLoF	1.0	0.783305666029964	1.0	-0.0396951116941202	65
PAN2	ENSG00000135473	N17 acute renal failure	icd_first_occurrence	7312	pLoF	1.0	0.883085160993244	0.923936526567788	-0.00391122639287735	65
PAN2	ENSG00000135473	N25 impaired renal tubular function	icd_first_occurrence	160	pLoF	1.0	0.823943667952992	1.0	-0.0396951696300339	65
PAN2	ENSG00000135473	N26 unspecified contracted kidney	icd_first_occurrence	176	pLoF	1.0	0.814867688144159	1.0	-0.0397414688514922	65
PAN2	ENSG00000135473	Q60 renal agenesis / reduction defects	icd_first_occurrence	199	pLoF	1.0	0.807802686526289	1.0	-0.0395425781850087	65
IFNG	ENSG00000111537	N04 nephrotic syndrome	icd_first_occurrence	242	pLoF	1.0	0.843629823099633	0.999999970909378	-0.0400852946266358	11
IFNG	ENSG00000111537	N08 glomerular disorders in dis. class. elsewhere	icd_first_occurrence	531	pLoF	1.0	0.771722081041761	0.99999702128351	-0.0401101915639301	11
IFNG	ENSG00000111537	N25 impaired renal tubular function	icd_first_occurrence	160	pLoF	1.0	0.87345612039809	0.999999970589017	-0.0400771423972906	11
IFNG	ENSG00000111537	N26 unspecified contracted kidney	icd_first_occurrence	176	pLoF	1.0	0.872940392629979	0.999999930026733	-0.0400833478872083	11
IFNG	ENSG00000111537	Q60 renal agenesis / reduction defects	icd_first_occurrence	199	pLoF	1.0	0.857092773680004	0.999999946859673	-0.0400792230410883	11
IFNG	ENSG00000111537	Q63 other congenital malformations of kidney	icd_first_occurrence	452	pLoF	1.0	0.782357293574792	0.999989155962747	-0.0400882438773772	11
CEP290	ENSG00000198707	C64 Malignant neoplasm of kidney	icd10	985	pLoF	1.0	0.945862415007194	0.910275193606553	0.00114240602761482	253
CEP290	ENSG00000198707	Q60 renal agenesis / reduction defects	icd_first_occurrence	199	pLoF	1.0	0.848299924946161	0.917654837645124	-0.00677589859927793	253
BRCA2	ENSG00000139618	Microalbumin in urine	continuous	119013	pLoF	1.0	0.890470324863322	0.881508041881787	-0.000270034512327928	280
ALG5	ENSG00000120697	N04 nephrotic syndrome	icd_first_occurrence	242	pLoF	1.0	0.87239293513396	1.0	-0.0400505382921211	21
ALG5	ENSG00000120697	N08 glomerular disorders in dis. class. elsewhere	icd_first_occurrence	531	pLoF	1.0	0.816978338788608	1.0	-0.0400946024404164	21
ALG5	ENSG00000120697	N25 impaired renal tubular function	icd_first_occurrence	160	pLoF	1.0	0.899990558238191	1.0	-0.0400368961520156	21
ALG5	ENSG00000120697	N26 unspecified contracted kidney	icd_first_occurrence	176	pLoF	1.0	0.905370355597173	1.0	-0.0400326785978797	21
ALG5	ENSG00000120697	Q60 renal agenesis / reduction defects	icd_first_occurrence	199	pLoF	1.0	0.887358339139368	1.0	-0.0400419879556914	21
ALG5	ENSG00000120697	Q61 cystic kidney disease	icd_first_occurrence	735	pLoF	1.0	0.789132492416412	1.0	-0.0400957595017371	21
ALG5	ENSG00000120697	Q63 other congenital malformations of kidney	icd_first_occurrence	452	pLoF	1.0	0.827404373583333	1.0	-0.0400693487767583	21
UBAC2	ENSG00000134882	N04 nephrotic syndrome	icd_first_occurrence	242	pLoF	1.0	0.856736529581535	1.0	-0.0400493360469835	21
UBAC2	ENSG00000134882	N08 glomerular disorders in dis. class. elsewhere	icd_first_occurrence	531	pLoF	1.0	0.793856095843547	1.0	-0.0400795891525221	21
UBAC2	ENSG00000134882	N25 impaired renal tubular function	icd_first_occurrence	160	pLoF	1.0	0.876276244976837	1.0	-0.0400442060405832	21
UBAC2	ENSG00000134882	N26 unspecified contracted kidney	icd_first_occurrence	176	pLoF	1.0	0.877061222020235	1.0	-0.040043280649152	21
UBAC2	ENSG00000134882	Q60 renal agenesis / reduction defects	icd_first_occurrence	199	pLoF	1.0	0.862189005707991	1.0	-0.0400484115171394	21
UBAC2	ENSG00000134882	Q63 other congenital malformations of kidney	icd_first_occurrence	452	pLoF	1.0	0.799193777559661	1.0	-0.0400678865920672	21
FANCM	ENSG00000187790	N17 acute renal failure	icd_first_occurrence	7312	pLoF	1.0	0.873130663039624	0.982804540198887	0.00109737613758006	124
FANCM	ENSG00000187790	N18 chronic renal failure	icd_first_occurrence	14086	pLoF	1.0	0.925574090910181	0.909227483768585	-0.000479762557087079	124
FANCM	ENSG00000187790	N19 unspecified renal failure	icd_first_occurrence	2345	pLoF	1.0	0.879372732710711	0.952170357533479	0.00182544460267127	124
KIAA0586	ENSG00000100578	Q63 other congenital malformations of kidney	icd_first_occurrence	452	pLoF	1.0	0.931007719086963	1.0	-0.00169805077496476	111
DACT1	ENSG00000165617	C64 Malignant neoplasm of kidney	icd10	985	pLoF	1.0	0.777955539232478	1.0	-0.0271080182601701	22
DACT1	ENSG00000165617	N04 nephrotic syndrome	icd_first_occurrence	242	pLoF	1.0	0.891545022847717	1.0	-0.0274838807391853	22
DACT1	ENSG00000165617	N08 glomerular disorders in dis. class. elsewhere	icd_first_occurrence	531	pLoF	1.0	0.835629539545745	1.0	-0.0293038725427625	22
DACT1	ENSG00000165617	N25 impaired renal tubular function	icd_first_occurrence	160	pLoF	1.0	0.9104094040095	1.0	-0.02625179356507	22
DACT1	ENSG00000165617	N26 unspecified contracted kidney	icd_first_occurrence	176	pLoF	1.0	0.903229149806752	1.0	-0.0282038247805581	22
DACT1	ENSG00000165617	Q60 renal agenesis / reduction defects	icd_first_occurrence	199	pLoF	1.0	0.903692839309633	1.0	-0.0266146250093221	22
DACT1	ENSG00000165617	Q61 cystic kidney disease	icd_first_occurrence	735	pLoF	1.0	0.80050513919088	1.0	-0.027465270111396	22
DACT1	ENSG00000165617	Q63 other congenital malformations of kidney	icd_first_occurrence	452	pLoF	1.0	0.848291780183475	1.0	-0.0267965528820088	22
TTC8	ENSG00000165533	N04 nephrotic syndrome	icd_first_occurrence	242	pLoF	1.0	0.77696211260635	1.0	-0.0398500953667697	28
TTC8	ENSG00000165533	N25 impaired renal tubular function	icd_first_occurrence	160	pLoF	1.0	0.821877238988766	1.0	-0.0399652093023851	28
TTC8	ENSG00000165533	N26 unspecified contracted kidney	icd_first_occurrence	176	pLoF	1.0	0.810599255835967	1.0	-0.0399974371731941	28
TTC8	ENSG00000165533	Q60 renal agenesis / reduction defects	icd_first_occurrence	199	pLoF	1.0	0.803210396339252	1.0	-0.0401148117445057	28
RAD51	ENSG00000051180	C64 Malignant neoplasm of kidney	icd10	985	pLoF	1.0	0.877942219946655	0.999998644449134	-0.0401420137709783	6
RAD51	ENSG00000051180	I12 hypertensive renal disease	icd_first_occurrence	1513	pLoF	1.0	0.852853697468442	0.999996277847927	-0.0401944367219278	6
RAD51	ENSG00000051180	N04 nephrotic syndrome	icd_first_occurrence	242	pLoF	1.0	0.936718056077892	1.0	-0.0400398855264129	6
RAD51	ENSG00000051180	N08 glomerular disorders in dis. class. elsewhere	icd_first_occurrence	531	pLoF	1.0	0.903494498881007	0.999999568478018	-0.0400882764546781	6
RAD51	ENSG00000051180	N19 unspecified renal failure	icd_first_occurrence	2345	pLoF	1.0	0.812035061511131	0.999988276708415	-0.0402893341207435	6
RAD51	ENSG00000051180	N25 impaired renal tubular function	icd_first_occurrence	160	pLoF	1.0	0.949255579997981	1.0	-0.0400332549179394	6
RAD51	ENSG00000051180	N26 unspecified contracted kidney	icd_first_occurrence	176	pLoF	1.0	0.951728598085486	1.0	-0.040031644038619	6
RAD51	ENSG00000051180	Q60 renal agenesis / reduction defects	icd_first_occurrence	199	pLoF	1.0	0.949273681901949	1.0	-0.0400281555849867	6
RAD51	ENSG00000051180	Q61 cystic kidney disease	icd_first_occurrence	735	pLoF	1.0	0.895397277041058	0.999999773339934	-0.0400875485875191	6
RAD51	ENSG00000051180	Q63 other congenital malformations of kidney	icd_first_occurrence	452	pLoF	1.0	0.919902446126225	1.0	-0.040055450905477	6
B2M	ENSG00000166710	Urea	continuous	376551	pLoF	1.0	0.772325841154006	0.858295183373644	0.00441070898574111	5
B2M	ENSG00000166710	C64 Malignant neoplasm of kidney	icd10	985	pLoF	1.0	0.899853324157623	0.999941029501207	-0.0401508389544233	5
B2M	ENSG00000166710	I12 hypertensive renal disease	icd_first_occurrence	1513	pLoF	1.0	0.882238194275131	0.999880155648224	-0.0401878693616037	5
B2M	ENSG00000166710	N04 nephrotic syndrome	icd_first_occurrence	242	pLoF	1.0	0.953922850021511	0.999999648659141	-0.0400284636839241	5
B2M	ENSG00000166710	N08 glomerular disorders in dis. class. elsewhere	icd_first_occurrence	531	pLoF	1.0	0.929744108355762	0.999994913238316	-0.0400639952114643	5
B2M	ENSG00000166710	N19 unspecified renal failure	icd_first_occurrence	2345	pLoF	1.0	0.84727662875223	0.999782789775511	-0.0402911956556978	5
B2M	ENSG00000166710	N23 unspecified renal colic	icd_first_occurrence	4304	pLoF	1.0	0.775838759649029	0.999045221357038	-0.0405513011827087	5
B2M	ENSG00000166710	N25 impaired renal tubular function	icd_first_occurrence	160	pLoF	1.0	0.964554372653201	1.0	-0.0400230585358914	5
B2M	ENSG00000166710	N26 unspecified contracted kidney	icd_first_occurrence	176	pLoF	1.0	0.963820594429927	0.999999830154802	-0.0400234956005132	5
B2M	ENSG00000166710	Q60 renal agenesis / reduction defects	icd_first_occurrence	199	pLoF	1.0	0.960166850467517	0.999999953151814	-0.0400232807110781	5
B2M	ENSG00000166710	Q61 cystic kidney disease	icd_first_occurrence	735	pLoF	1.0	0.914840798803526	0.999993793309679	-0.040082483323258	5
B2M	ENSG00000166710	Q63 other congenital malformations of kidney	icd_first_occurrence	452	pLoF	1.0	0.935770878447994	0.999998696011389	-0.0400470226438878	5
BBS4	ENSG00000140463	N18 chronic renal failure	icd_first_occurrence	14086	pLoF	1.0	0.794935117557055	0.851709581499786	-0.00342530758280687	48
BBS4	ENSG00000140463	N23 unspecified renal colic	icd_first_occurrence	4304	pLoF	1.0	0.872021647486694	0.94617234489589	-0.00357850124162589	48
FBXO22	ENSG00000167196	N04 nephrotic syndrome	icd_first_occurrence	242	pLoF	1.0	0.823980867621664	1.0	-0.0387389949031799	19
FBXO22	ENSG00000167196	N18 chronic renal failure	icd_first_occurrence	14086	pLoF	1.0	0.994570227524404	0.93432669867069	-0.000466547838456837	19
FBXO22	ENSG00000167196	N25 impaired renal tubular function	icd_first_occurrence	160	pLoF	1.0	0.858699920310664	1.0	-0.0389433300090315	19
FBXO22	ENSG00000167196	N26 unspecified contracted kidney	icd_first_occurrence	176	pLoF	1.0	0.852867119151049	1.0	-0.0390138825421418	19
FBXO22	ENSG00000167196	Q60 renal agenesis / reduction defects	icd_first_occurrence	199	pLoF	1.0	0.840337396626248	1.0	-0.0377273695323642	19
FBXO22	ENSG00000167196	Q63 other congenital malformations of kidney	icd_first_occurrence	452	pLoF	1.0	0.773498109473245	0.999999780913553	-0.0390235070124564	19
SCAPER	ENSG00000140386	N28 other disorders of kidney and ureter	icd_first_occurrence	5275	pLoF	1.0	0.781597905645995	0.939487818072676	-0.00576839559093592	80
FANCI	ENSG00000140525	Microalbumin in urine	continuous	119013	pLoF	1.0	0.886600994740278	0.93300654715873	0.000407411849646177	124
FANCI	ENSG00000140525	I12 hypertensive renal disease	icd_first_occurrence	1513	pLoF	1.0	0.856696466778985	0.962043816400744	-0.0048124853766157	124
IFT140	ENSG00000187535	N08 glomerular disorders in dis. class. elsewhere	icd_first_occurrence	531	pLoF	1.0	0.84572529898748	0.999940658830905	-0.00719381046780457	82
IFT140	ENSG00000187535	N19 unspecified renal failure	icd_first_occurrence	2345	pLoF	1.0	0.878630196716474	0.851920700759407	-0.00266314352241703	82
IFT140	ENSG00000187535	Q63 other congenital malformations of kidney	icd_first_occurrence	452	pLoF	1.0	1.0	0.978388879172268	-0.000701094551382302	82
TSC2	ENSG00000103197	Cystatin C	continuous	376784	pLoF	1.0	0.879966757473341	0.855780224832122	-0.000138399763553526	26
SLX4	ENSG00000188827	Microalbumin in urine	continuous	119013	pLoF	1.0	0.919611614663499	0.866987459477989	0.000291173426868773	100
ERCC4	ENSG00000175595	N19 unspecified renal failure	icd_first_occurrence	2345	pLoF	1.0	0.805854549584509	0.877605424238176	-0.00853313399718323	49
PALB2	ENSG00000083093	C64 Malignant neoplasm of kidney	icd10	985	pLoF	1.0	0.978291953882009	0.901119256550668	0.000901551664318657	94
SH2B1	ENSG00000178188	C64 Malignant neoplasm of kidney	icd10	985	pLoF	1.0	0.797049878251155	1.0	-0.0352808276717249	17
SH2B1	ENSG00000178188	N04 nephrotic syndrome	icd_first_occurrence	242	pLoF	1.0	0.899212033759318	1.0	-0.036041499840048	17
SH2B1	ENSG00000178188	N08 glomerular disorders in dis. class. elsewhere	icd_first_occurrence	531	pLoF	1.0	0.857391849364056	1.0	-0.0348893183907017	17
SH2B1	ENSG00000178188	N25 impaired renal tubular function	icd_first_occurrence	160	pLoF	1.0	0.918147719580832	1.0	-0.0382855334068905	17
SH2B1	ENSG00000178188	N26 unspecified contracted kidney	icd_first_occurrence	176	pLoF	1.0	0.920614918355201	1.0	-0.036239530849201	17
SH2B1	ENSG00000178188	Q60 renal agenesis / reduction defects	icd_first_occurrence	199	pLoF	1.0	0.909967554684239	1.0	-0.0353944524326232	17
SH2B1	ENSG00000178188	Q61 cystic kidney disease	icd_first_occurrence	735	pLoF	1.0	0.828063213954883	1.0	-0.0355817973982495	17
SH2B1	ENSG00000178188	Q63 other congenital malformations of kidney	icd_first_occurrence	452	pLoF	1.0	0.861204653204957	1.0	-0.0368478225266882	17
SRCAP	ENSG00000080603	C64 Malignant neoplasm of kidney	icd10	985	pLoF	1.0	0.778688218550647	1.0	-0.0401339558340506	31
SRCAP	ENSG00000080603	N04 nephrotic syndrome	icd_first_occurrence	242	pLoF	1.0	0.893505307676211	1.0	-0.0400339340688592	31
SRCAP	ENSG00000080603	N08 glomerular disorders in dis. class. elsewhere	icd_first_occurrence	531	pLoF	1.0	0.842555093665753	1.0	-0.0400792121537302	31
SRCAP	ENSG00000080603	N25 impaired renal tubular function	icd_first_occurrence	160	pLoF	1.0	0.90780114810161	1.0	-0.0400276408483042	31
SRCAP	ENSG00000080603	N26 unspecified contracted kidney	icd_first_occurrence	176	pLoF	1.0	0.910966018589314	1.0	-0.0400261588018498	31
SRCAP	ENSG00000080603	Q60 renal agenesis / reduction defects	icd_first_occurrence	199	pLoF	1.0	0.909018238491585	1.0	-0.0400259266722673	31
SRCAP	ENSG00000080603	Q61 cystic kidney disease	icd_first_occurrence	735	pLoF	1.0	0.802461076512605	1.0	-0.0400914049546264	31
SRCAP	ENSG00000080603	Q63 other congenital malformations of kidney	icd_first_occurrence	452	pLoF	1.0	0.844527841079574	1.0	-0.0400585869457489	31
ZNF423	ENSG00000102935	Microalbumin in urine	continuous	119013	pLoF	1.0	0.795526167670479	0.914085607333662	0.0038708538688067	11
ZNF423	ENSG00000102935	C64 Malignant neoplasm of kidney	icd10	985	pLoF	1.0	0.876127241676945	1.0	-0.0301300334081927	11
ZNF423	ENSG00000102935	I12 hypertensive renal disease	icd_first_occurrence	1513	pLoF	1.0	0.846071353773106	1.0	-0.0289330741634405	11
ZNF423	ENSG00000102935	N04 nephrotic syndrome	icd_first_occurrence	242	pLoF	1.0	0.941210588530022	1.0	-0.0315539879201038	11
ZNF423	ENSG00000102935	N08 glomerular disorders in dis. class. elsewhere	icd_first_occurrence	531	pLoF	1.0	0.910403591835743	1.0	-0.0301612750931171	11
ZNF423	ENSG00000102935	N19 unspecified renal failure	icd_first_occurrence	2345	pLoF	1.0	0.807400052369184	1.0	-0.030748753051178	11
ZNF423	ENSG00000102935	N25 impaired renal tubular function	icd_first_occurrence	160	pLoF	1.0	0.951346278945278	1.0	-0.0330785261896504	11
ZNF423	ENSG00000102935	N26 unspecified contracted kidney	icd_first_occurrence	176	pLoF	1.0	0.948565541978788	1.0	-0.0304642065737402	11
ZNF423	ENSG00000102935	Q60 renal agenesis / reduction defects	icd_first_occurrence	199	pLoF	1.0	0.951307843592662	1.0	-0.0325499307748364	11
ZNF423	ENSG00000102935	Q61 cystic kidney disease	icd_first_occurrence	735	pLoF	1.0	0.891245889635611	1.0	-0.032365556074678	11
ZNF423	ENSG00000102935	Q63 other congenital malformations of kidney	icd_first_occurrence	452	pLoF	1.0	0.911655113966797	1.0	-0.0340514876812091	11
SALL1	ENSG00000103449	Creatinine (enzymatic) in urine	continuous	383774	pLoF	1.0	0.781491066905384	0.811024332613381	-0.000152097127891804	12
SALL1	ENSG00000103449	N20 calculus of kidney and ureter	icd_first_occurrence	5879	pLoF	1.0	0.850256830587823	0.9543800537212	-0.000888907861042657	12
RPGRIP1L	ENSG00000103494	N28 other disorders of kidney and ureter	icd_first_occurrence	5275	pLoF	1.0	0.979228849582925	0.784197937254452	-0.000443942800186295	96
BBS2	ENSG00000125124	N17 acute renal failure	icd_first_occurrence	7312	pLoF	1.0	0.829395048945883	0.773424885386331	-0.00221710319871516	63
HSD11B2	ENSG00000176387	N04 nephrotic syndrome	icd_first_occurrence	242	pLoF	1.0	0.880087232113437	1.0	-0.0305153420883876	24
HSD11B2	ENSG00000176387	N08 glomerular disorders in dis. class. elsewhere	icd_first_occurrence	531	pLoF	1.0	0.817176273308455	1.0	-0.0331146229341394	24
HSD11B2	ENSG00000176387	N25 impaired renal tubular function	icd_first_occurrence	160	pLoF	1.0	0.898444952987616	1.0	-0.0333031080832017	24
HSD11B2	ENSG00000176387	N26 unspecified contracted kidney	icd_first_occurrence	176	pLoF	1.0	0.89046761457807	1.0	-0.0325872554299811	24
HSD11B2	ENSG00000176387	Q60 renal agenesis / reduction defects	icd_first_occurrence	199	pLoF	1.0	0.878578457531053	1.0	-0.0341625392506298	24
HSD11B2	ENSG00000176387	Q61 cystic kidney disease	icd_first_occurrence	735	pLoF	1.0	0.781363697059486	1.0	-0.0323981713245899	24
HSD11B2	ENSG00000176387	Q63 other congenital malformations of kidney	icd_first_occurrence	452	pLoF	1.0	0.824932598572245	1.0	-0.0325578562337457	24
RFWD3	ENSG00000168411	Microalbumin in urine	continuous	119013	pLoF	1.0	0.907904802353855	0.966535890601631	-0.000557158071624529	59
RFWD3	ENSG00000168411	N25 impaired renal tubular function	icd_first_occurrence	160	pLoF	1.0	0.783400220336314	1.0	-0.0400539087285443	59
RFWD3	ENSG00000168411	N26 unspecified contracted kidney	icd_first_occurrence	176	pLoF	1.0	0.774003624756735	1.0	-0.0400583137331831	59
TMEM231	ENSG00000205084	N04 nephrotic syndrome	icd_first_occurrence	242	pLoF	1.0	0.812282311013521	1.0	-0.0380102412804015	31
TMEM231	ENSG00000205084	N25 impaired renal tubular function	icd_first_occurrence	160	pLoF	1.0	0.847338412494126	1.0	-0.0382689378056452	31
TMEM231	ENSG00000205084	N26 unspecified contracted kidney	icd_first_occurrence	176	pLoF	1.0	0.822597147366486	1.0	-0.0385061376512713	31
TMEM231	ENSG00000205084	Q60 renal agenesis / reduction defects	icd_first_occurrence	199	pLoF	1.0	0.819110779508711	1.0	-0.037983065403767	31
FANCA	ENSG00000187741	N20 calculus of kidney and ureter	icd_first_occurrence	5879	pLoF	1.0	0.980493771689698	0.876088182267422	-0.000327535657492964	172
KIAA0753	ENSG00000198920	Q63 other congenital malformations of kidney	icd_first_occurrence	452	pLoF	1.0	0.77194996348291	0.845546484154027	-0.00994246400324776	82
MYOCD	ENSG00000141052	N04 nephrotic syndrome	icd_first_occurrence	242	pLoF	1.0	0.80480577316153	1.0	-0.0400901084801983	24
MYOCD	ENSG00000141052	N25 impaired renal tubular function	icd_first_occurrence	160	pLoF	1.0	0.832674339046879	1.0	-0.0400853683361386	24
MYOCD	ENSG00000141052	N26 unspecified contracted kidney	icd_first_occurrence	176	pLoF	1.0	0.831705161042264	1.0	-0.0400861349032643	24
MYOCD	ENSG00000141052	Q60 renal agenesis / reduction defects	icd_first_occurrence	199	pLoF	1.0	0.815131486055307	1.0	-0.0400847573955208	24
NEK8	ENSG00000160602	N19 unspecified renal failure	icd_first_occurrence	2345	pLoF	1.0	0.976011644425632	0.799006142003093	-0.000954599281341047	39
NEK8	ENSG00000160602	N20 calculus of kidney and ureter	icd_first_occurrence	5879	pLoF	1.0	0.942014639810493	0.811760458795946	-0.00133143841604293	39
BRCA1	ENSG00000012048	Microalbumin in urine	continuous	119013	pLoF	1.0	0.978726033160128	0.903304166302649	0.000103218604850147	141
BRCA1	ENSG00000012048	Urea	continuous	376551	pLoF	1.0	0.866376494058681	0.857647314396358	-0.000286910147562903	141
BRCA1	ENSG00000012048	C64 Malignant neoplasm of kidney	icd10	985	pLoF	1.0	0.789647929446922	0.902586469685912	-0.0089155270240239	141
MKS1	ENSG00000011143	Creatinine (enzymatic) in urine	continuous	383774	pLoF	1.0	1.0	0.824185362256885	3.54805043844358e-05	48
BRIP1	ENSG00000136492	N23 unspecified renal colic	icd_first_occurrence	4304	pLoF	1.0	0.953935462897439	0.995961846251375	-0.000879815325474974	88
COG1	ENSG00000166685	N19 unspecified renal failure	icd_first_occurrence	2345	pLoF	1.0	0.883553243598664	0.959455220748734	-0.00397946614978766	64
COG1	ENSG00000166685	N20 calculus of kidney and ureter	icd_first_occurrence	5879	pLoF	1.0	0.896466180880301	0.874199259269279	-0.00229983773621168	64
COG1	ENSG00000166685	N23 unspecified renal colic	icd_first_occurrence	4304	pLoF	1.0	1.0	0.937666034485232	0.000328965065442313	64
COG1	ENSG00000166685	N28 other disorders of kidney and ureter	icd_first_occurrence	5275	pLoF	1.0	0.962385365994731	0.96599436176401	0.00092470973980005	64
FAAP100	ENSG00000185504	N25 impaired renal tubular function	icd_first_occurrence	160	pLoF	1.0	0.788019540731854	1.0	-0.032174350779544	61
KCTD1	ENSG00000134504	C64 Malignant neoplasm of kidney	icd10	985	pLoF	1.0	0.926263780609629	0.999984666138254	-0.0400871292251043	4
KCTD1	ENSG00000134504	I12 hypertensive renal disease	icd_first_occurrence	1513	pLoF	1.0	0.921742117972977	0.999978801016846	-0.0400996378426137	4
KCTD1	ENSG00000134504	N04 nephrotic syndrome	icd_first_occurrence	242	pLoF	1.0	0.969404624702926	0.999998840663686	-0.0400222095057378	4
KCTD1	ENSG00000134504	N08 glomerular disorders in dis. class. elsewhere	icd_first_occurrence	531	pLoF	1.0	0.947616934592236	0.999995717779874	-0.0400514059325164	4
KCTD1	ENSG00000134504	N17 acute renal failure	icd_first_occurrence	7312	pLoF	1.0	0.81864276589052	0.999525984761675	-0.0404986180265625	4
KCTD1	ENSG00000134504	N19 unspecified renal failure	icd_first_occurrence	2345	pLoF	1.0	0.887878976598133	0.999928067880768	-0.0401823002004709	4
KCTD1	ENSG00000134504	N20 calculus of kidney and ureter	icd_first_occurrence	5879	pLoF	1.0	0.808170286640363	0.999013810808867	-0.0406063381098893	4
KCTD1	ENSG00000134504	N23 unspecified renal colic	icd_first_occurrence	4304	pLoF	1.0	0.830582995419417	0.999453590594386	-0.0404324637037536	4
KCTD1	ENSG00000134504	N25 impaired renal tubular function	icd_first_occurrence	160	pLoF	1.0	0.973154547599172	0.999999088749165	-0.0400213839071787	4
KCTD1	ENSG00000134504	N26 unspecified contracted kidney	icd_first_occurrence	176	pLoF	1.0	0.975722024149296	0.999999136166182	-0.0400179357160911	4
KCTD1	ENSG00000134504	N28 other disorders of kidney and ureter	icd_first_occurrence	5275	pLoF	1.0	0.81858718251536	0.999579995036821	-0.0404499251740359	4
KCTD1	ENSG00000134504	Q61 cystic kidney disease	icd_first_occurrence	735	pLoF	1.0	0.931275417632459	0.999988876082904	-0.0400717637375049	4
KCTD1	ENSG00000134504	Q63 other congenital malformations of kidney	icd_first_occurrence	452	pLoF	1.0	0.943780396529763	0.999994765794864	-0.0400517422980579	4
PRTN3	ENSG00000196415	Q61 cystic kidney disease	icd_first_occurrence	735	pLoF	1.0	0.820719760146306	1.0	-0.00825719357720489	28
PRTN3	ENSG00000196415	Q63 other congenital malformations of kidney	icd_first_occurrence	452	pLoF	1.0	0.816782927317354	0.910130909452157	0.0106032320915583	28
APC2	ENSG00000115266	N04 nephrotic syndrome	icd_first_occurrence	242	pLoF	1.0	0.857925647158288	1.0	-0.0372399206028784	36
APC2	ENSG00000115266	N08 glomerular disorders in dis. class. elsewhere	icd_first_occurrence	531	pLoF	1.0	0.789277393021701	1.0	-0.0368542287532725	36
APC2	ENSG00000115266	N25 impaired renal tubular function	icd_first_occurrence	160	pLoF	1.0	0.883637227117421	1.0	-0.0368665085615229	36
APC2	ENSG00000115266	N26 unspecified contracted kidney	icd_first_occurrence	176	pLoF	1.0	0.879336859510221	1.0	-0.0353974125254875	36
APC2	ENSG00000115266	Q60 renal agenesis / reduction defects	icd_first_occurrence	199	pLoF	1.0	0.867830726710322	1.0	-0.0384065417783778	36
APC2	ENSG00000115266	Q63 other congenital malformations of kidney	icd_first_occurrence	452	pLoF	1.0	0.809489228315946	1.0	-0.0367871669537537	36
ZNF699	ENSG00000196110	Creatinine	continuous	376624	pLoF	1.0	1.0	0.927409611523249	-1.7932371998757e-05	18
ZNF699	ENSG00000196110	N18 chronic renal failure	icd_first_occurrence	14086	pLoF	1.0	0.88531040195591	0.952687791644245	-0.00332928799796352	18
ZNF699	ENSG00000196110	N25 impaired renal tubular function	icd_first_occurrence	160	pLoF	1.0	0.852657825721239	1.0	-0.0400765029143734	18
ZNF699	ENSG00000196110	N26 unspecified contracted kidney	icd_first_occurrence	176	pLoF	1.0	0.846994311255255	1.0	-0.0400827038568862	18
ZNF699	ENSG00000196110	Q60 renal agenesis / reduction defects	icd_first_occurrence	199	pLoF	1.0	0.833900183918081	1.0	-0.0400834460511234	18
BRD4	ENSG00000141867	Microalbumin in urine	continuous	119013	pLoF	1.0	0.912648159127155	0.93529892180023	0.00146551972480985	9
BRD4	ENSG00000141867	C64 Malignant neoplasm of kidney	icd10	985	pLoF	1.0	0.847231083181957	0.999996236154344	-0.0312818544332483	9
BRD4	ENSG00000141867	I12 hypertensive renal disease	icd_first_occurrence	1513	pLoF	1.0	0.818867141578382	0.99999198900637	-0.0321529819443569	9
BRD4	ENSG00000141867	N04 nephrotic syndrome	icd_first_occurrence	242	pLoF	1.0	0.928298695119602	1.0	-0.0312557541393675	9
BRD4	ENSG00000141867	N08 glomerular disorders in dis. class. elsewhere	icd_first_occurrence	531	pLoF	1.0	0.892029001047511	1.0	-0.0343423826531671	9
BRD4	ENSG00000141867	N19 unspecified renal failure	icd_first_occurrence	2345	pLoF	1.0	0.773582595231686	0.99997323224069	-0.0328682707313623	9
BRD4	ENSG00000141867	N25 impaired renal tubular function	icd_first_occurrence	160	pLoF	1.0	0.940512700088336	1.0	-0.0314785271095196	9
BRD4	ENSG00000141867	N26 unspecified contracted kidney	icd_first_occurrence	176	pLoF	1.0	0.944907892007497	1.0	-0.0326261311963315	9
BRD4	ENSG00000141867	Q60 renal agenesis / reduction defects	icd_first_occurrence	199	pLoF	1.0	0.936610121137095	1.0	-0.0312931022757321	9
BRD4	ENSG00000141867	Q61 cystic kidney disease	icd_first_occurrence	735	pLoF	1.0	0.884302846618888	1.0	-0.0322203229110144	9
BRD4	ENSG00000141867	Q63 other congenital malformations of kidney	icd_first_occurrence	452	pLoF	1.0	0.903533769556806	1.0	-0.0324233902898271	9
MYCN	ENSG00000134323	C64 Malignant neoplasm of kidney	icd10	985	pLoF	1.0	0.899535323174594	0.999685704758352	-0.0401818632632888	4
MYCN	ENSG00000134323	I12 hypertensive renal disease	icd_first_occurrence	1513	pLoF	1.0	0.863896078650445	0.998582816785212	-0.0403847717141805	4
MYCN	ENSG00000134323	N04 nephrotic syndrome	icd_first_occurrence	242	pLoF	1.0	0.959925166886913	0.999993258994938	-0.040034388927847	4
MYCN	ENSG00000134323	N08 glomerular disorders in dis. class. elsewhere	icd_first_occurrence	531	pLoF	1.0	0.928953922009946	0.999870306928784	-0.0401048449425106	4
MYCN	ENSG00000134323	N19 unspecified renal failure	icd_first_occurrence	2345	pLoF	1.0	0.843843660336955	0.998381869443372	-0.0404389263696813	4
MYCN	ENSG00000134323	N20 calculus of kidney and ureter	icd_first_occurrence	5879	pLoF	1.0	0.779380227509821	0.992820832796943	-0.0408806394378804	4
MYCN	ENSG00000134323	N23 unspecified renal colic	icd_first_occurrence	4304	pLoF	1.0	0.82374308661289	0.99873620107198	-0.0404801845356977	4
MYCN	ENSG00000134323	N25 impaired renal tubular function	icd_first_occurrence	160	pLoF	1.0	0.967676046236973	0.999998277591497	-0.0400247679165405	4
MYCN	ENSG00000134323	N26 unspecified contracted kidney	icd_first_occurrence	176	pLoF	1.0	0.963041648684426	0.999995252995852	-0.0400311924252034	4
MYCN	ENSG00000134323	N28 other disorders of kidney and ureter	icd_first_occurrence	5275	pLoF	1.0	0.770623494282187	0.996214216038959	-0.0408306686646808	4
MYCN	ENSG00000134323	Q60 renal agenesis / reduction defects	icd_first_occurrence	199	pLoF	1.0	0.966893805905609	0.999997877539446	-0.040023941260276	4
MYCN	ENSG00000134323	Q61 cystic kidney disease	icd_first_occurrence	735	pLoF	1.0	0.921313783127019	0.999945970507868	-0.0400989995205881	4
MYCN	ENSG00000134323	Q63 other congenital malformations of kidney	icd_first_occurrence	452	pLoF	1.0	0.943831234235648	0.999992398580587	-0.0400500810109394	4
WDR35	ENSG00000118965	N20 calculus of kidney and ureter	icd_first_occurrence	5879	pLoF	1.0	1.0	0.978275811700881	0.00010295337494908	90
IFT172	ENSG00000138002	N18 chronic renal failure	icd_first_occurrence	14086	pLoF	1.0	0.965568269569651	0.901787491296966	0.000424897440644695	123
DYNC2LI1	ENSG00000138036	N28 other disorders of kidney and ureter	icd_first_occurrence	5275	pLoF	1.0	0.962580918969074	0.973231367575428	-0.0011957509898899	26
FANCL	ENSG00000115392	Creatinine	continuous	376624	pLoF	1.0	1.0	0.948646515033986	-6.99092989863522e-07	53
FANCL	ENSG00000115392	N28 other disorders of kidney and ureter	icd_first_occurrence	5275	pLoF	1.0	0.784156759600574	0.946116294764784	-0.00175774878536487	53
FANCL	ENSG00000115392	Q61 cystic kidney disease	icd_first_occurrence	735	pLoF	1.0	0.771694708668267	1.0	-0.00493580197505455	53
ALMS1	ENSG00000116127	Q63 other congenital malformations of kidney	icd_first_occurrence	452	pLoF	1.0	0.981932104568072	0.987518003968041	-0.00083721330755119	271
NPHP1	ENSG00000144061	Microalbumin in urine	continuous	119013	pLoF	1.0	0.988117338170828	0.779507569924628	0.00011487532913863	37
NPHP1	ENSG00000144061	N18 chronic renal failure	icd_first_occurrence	14086	pLoF	1.0	0.79932549180351	0.827757986061517	-0.00402865959840472	37
NPHP1	ENSG00000144061	N19 unspecified renal failure	icd_first_occurrence	2345	pLoF	1.0	0.878464519088092	0.994833371376433	-0.00576707915307581	37
NPHP1	ENSG00000144061	N25 impaired renal tubular function	icd_first_occurrence	160	pLoF	1.0	0.781631460397494	1.0	-0.0399846408429747	37
KYNU	ENSG00000115919	Microalbumin in urine	continuous	119013	pLoF	1.0	0.780162371999105	0.983789347773784	-0.00118014666338981	26
KYNU	ENSG00000115919	Creatinine	continuous	376624	pLoF	1.0	0.897815126575472	0.926360293714883	0.000230984181611242	26
KYNU	ENSG00000115919	N17 acute renal failure	icd_first_occurrence	7312	pLoF	1.0	1.0	0.959614754343471	-0.000328542259663271	26
KYNU	ENSG00000115919	N28 other disorders of kidney and ureter	icd_first_occurrence	5275	pLoF	1.0	0.866088591075204	0.906760717234626	-0.00329382295688375	26
BBS5	ENSG00000163093	Creatinine	continuous	376624	pLoF	1.0	0.913916701827712	0.81303575490099	-0.000346304066931903	28
BBS5	ENSG00000163093	N04 nephrotic syndrome	icd_first_occurrence	242	pLoF	1.0	0.804856555828912	1.0	-0.0394353927985424	28
BBS5	ENSG00000163093	N25 impaired renal tubular function	icd_first_occurrence	160	pLoF	1.0	0.838603621845605	1.0	-0.0394833082269751	28
BBS5	ENSG00000163093	N26 unspecified contracted kidney	icd_first_occurrence	176	pLoF	1.0	0.825851850563784	1.0	-0.0396234185838053	28
BBS5	ENSG00000163093	Q60 renal agenesis / reduction defects	icd_first_occurrence	199	pLoF	1.0	0.821300563989792	1.0	-0.0395673550267798	28
TMEM237	ENSG00000155755	Microalbumin in urine	continuous	119013	pLoF	1.0	0.803291338285991	0.826771585664384	0.000879151492854385	44
TMEM237	ENSG00000155755	N17 acute renal failure	icd_first_occurrence	7312	pLoF	1.0	0.778085662521909	0.928708937774975	0.00421134553983468	44
TMEM237	ENSG00000155755	N19 unspecified renal failure	icd_first_occurrence	2345	pLoF	1.0	0.796950542805586	0.904308515794323	-0.00653600208589104	44
CTLA4	ENSG00000163599	C64 Malignant neoplasm of kidney	icd10	985	pLoF	1.0	0.957635772838692	0.99994176198264	-0.0400512431284005	3
CTLA4	ENSG00000163599	I12 hypertensive renal disease	icd_first_occurrence	1513	pLoF	1.0	0.947301308419912	0.99989677917188	-0.0400731437502696	3
CTLA4	ENSG00000163599	N04 nephrotic syndrome	icd_first_occurrence	242	pLoF	1.0	0.977827284779298	0.999984605737299	-0.040024237506902	3
CTLA4	ENSG00000163599	N08 glomerular disorders in dis. class. elsewhere	icd_first_occurrence	531	pLoF	1.0	0.962996425604851	0.999957123969913	-0.0400430685034739	3
CTLA4	ENSG00000163599	N18 chronic renal failure	icd_first_occurrence	14086	pLoF	1.0	0.827184141250002	0.997174908435787	-0.0406519118799929	3
CTLA4	ENSG00000163599	N19 unspecified renal failure	icd_first_occurrence	2345	pLoF	1.0	0.920752577826542	0.999698802134527	-0.0401476962953218	3
CTLA4	ENSG00000163599	N20 calculus of kidney and ureter	icd_first_occurrence	5879	pLoF	1.0	0.868083041539131	1.0	-0.0404204676823995	3
CTLA4	ENSG00000163599	N23 unspecified renal colic	icd_first_occurrence	4304	pLoF	1.0	0.894668862462264	0.999347340584446	-0.040246973802311	3
CTLA4	ENSG00000163599	N25 impaired renal tubular function	icd_first_occurrence	160	pLoF	1.0	0.980315116630436	0.999987512238533	-0.040022480960289	3
CTLA4	ENSG00000163599	N26 unspecified contracted kidney	icd_first_occurrence	176	pLoF	1.0	0.979849603454204	0.999985443506386	-0.0400234734571631	3
CTLA4	ENSG00000163599	N28 other disorders of kidney and ureter	icd_first_occurrence	5275	pLoF	1.0	0.865069664284631	0.99858648533387	-0.0404078544488138	3
CTLA4	ENSG00000163599	Q60 renal agenesis / reduction defects	icd_first_occurrence	199	pLoF	1.0	0.983843749023199	0.999990434692805	-0.0400188137774991	3
CTLA4	ENSG00000163599	Q61 cystic kidney disease	icd_first_occurrence	735	pLoF	1.0	0.945938590652996	0.999896689869631	-0.0400756632179228	3
CTLA4	ENSG00000163599	Q63 other congenital malformations of kidney	icd_first_occurrence	452	pLoF	1.0	0.950286273518507	1.0	-0.0400720942321741	3
MKKS	ENSG00000125863	N25 impaired renal tubular function	icd_first_occurrence	160	pLoF	1.0	0.848904927258659	1.0	-0.0362214499414394	37
MKKS	ENSG00000125863	N26 unspecified contracted kidney	icd_first_occurrence	176	pLoF	1.0	0.834669733439431	1.0	-0.0374138002273567	37
JAG1	ENSG00000101384	C64 Malignant neoplasm of kidney	icd10	985	pLoF	1.0	0.871370741992236	0.999999536020883	-0.0278113760574549	9
JAG1	ENSG00000101384	I12 hypertensive renal disease	icd_first_occurrence	1513	pLoF	1.0	0.848580599546917	0.999998991092835	-0.0279772254812218	9
JAG1	ENSG00000101384	N04 nephrotic syndrome	icd_first_occurrence	242	pLoF	1.0	0.940535132267197	1.0	-0.0293614518326139	9
JAG1	ENSG00000101384	N08 glomerular disorders in dis. class. elsewhere	icd_first_occurrence	531	pLoF	1.0	0.910997855166143	1.0	-0.0278545894792935	9
JAG1	ENSG00000101384	N19 unspecified renal failure	icd_first_occurrence	2345	pLoF	1.0	0.804879728663215	0.99999405919329	-0.0288167534285016	9
JAG1	ENSG00000101384	N25 impaired renal tubular function	icd_first_occurrence	160	pLoF	1.0	0.938896727748128	1.0	-0.0279229475018943	9
JAG1	ENSG00000101384	N26 unspecified contracted kidney	icd_first_occurrence	176	pLoF	1.0	0.948641885956466	1.0	-0.0292539433121001	9
JAG1	ENSG00000101384	Q60 renal agenesis / reduction defects	icd_first_occurrence	199	pLoF	1.0	0.939083903758788	1.0	-0.030221058414985	9
JAG1	ENSG00000101384	Q61 cystic kidney disease	icd_first_occurrence	735	pLoF	1.0	0.882065405798505	1.0	-0.0297759406671825	9
JAG1	ENSG00000101384	Q63 other congenital malformations of kidney	icd_first_occurrence	452	pLoF	1.0	0.902366547111397	1.0	-0.0304407659812949	9
LAMA5	ENSG00000130702	I12 hypertensive renal disease	icd_first_occurrence	1513	pLoF	1.0	0.900091775605405	0.810190782291356	0.00288911855119153	267
LAMA5	ENSG00000130702	Q61 cystic kidney disease	icd_first_occurrence	735	pLoF	1.0	0.778569827313686	0.990755107546168	-0.00942719701927262	267
TBX1	ENSG00000184058	C64 Malignant neoplasm of kidney	icd10	985	pLoF	1.0	0.814014051733011	1.0	-0.0401354865152854	13
TBX1	ENSG00000184058	N04 nephrotic syndrome	icd_first_occurrence	242	pLoF	1.0	0.907813997330668	1.0	-0.0400365308690231	13
TBX1	ENSG00000184058	N08 glomerular disorders in dis. class. elsewhere	icd_first_occurrence	531	pLoF	1.0	0.864736687584051	1.0	-0.0400747048640967	13
TBX1	ENSG00000184058	N25 impaired renal tubular function	icd_first_occurrence	160	pLoF	1.0	0.921701168289811	1.0	-0.0400312947837781	13
TBX1	ENSG00000184058	N26 unspecified contracted kidney	icd_first_occurrence	176	pLoF	1.0	0.92276228156437	1.0	-0.0400320508170064	13
TBX1	ENSG00000184058	Q60 renal agenesis / reduction defects	icd_first_occurrence	199	pLoF	1.0	0.914937110002044	1.0	-0.0400298784331338	13
TBX1	ENSG00000184058	Q61 cystic kidney disease	icd_first_occurrence	735	pLoF	1.0	0.83679161244233	1.0	-0.04008475410963	13
TBX1	ENSG00000184058	Q63 other congenital malformations of kidney	icd_first_occurrence	452	pLoF	1.0	0.862052518849434	1.0	-0.0400620209564902	13
FANCD2	ENSG00000144554	Cystatin C	continuous	376784	pLoF	1.0	0.841997174803477	0.890418580491853	0.000226976524160225	106
LZTFL1	ENSG00000163818	N04 nephrotic syndrome	icd_first_occurrence	242	pLoF	1.0	0.875981036875851	1.0	-0.0400436830563956	17
LZTFL1	ENSG00000163818	N08 glomerular disorders in dis. class. elsewhere	icd_first_occurrence	531	pLoF	1.0	0.808504911459299	1.0	-0.0400885389693392	17
LZTFL1	ENSG00000163818	N25 impaired renal tubular function	icd_first_occurrence	160	pLoF	1.0	0.900483722361181	1.0	-0.0400334744280153	17
LZTFL1	ENSG00000163818	N26 unspecified contracted kidney	icd_first_occurrence	176	pLoF	1.0	0.890456803522309	1.0	-0.0400462291779285	17
LZTFL1	ENSG00000163818	Q60 renal agenesis / reduction defects	icd_first_occurrence	199	pLoF	1.0	0.890146283680011	1.0	-0.0400359928070628	17
LZTFL1	ENSG00000163818	Q61 cystic kidney disease	icd_first_occurrence	735	pLoF	1.0	0.782960784556857	1.0	-0.0401032415209341	17
LZTFL1	ENSG00000163818	Q63 other congenital malformations of kidney	icd_first_occurrence	452	pLoF	1.0	0.838051326495926	1.0	-0.0400617372869123	17
COL7A1	ENSG00000114270	N20 calculus of kidney and ureter	icd_first_occurrence	5879	pLoF	1.0	0.787929297029102	0.811033423151854	-0.00230676115354604	229
LAMB2	ENSG00000172037	N18 chronic renal failure	icd_first_occurrence	14086	pLoF	1.0	0.945366492998844	0.78940459718526	0.000739975372284996	108
LAMB2	ENSG00000172037	N20 calculus of kidney and ureter	icd_first_occurrence	5879	pLoF	1.0	0.778287991434767	0.966783236862558	-0.00434986203190423	108
DNASE1L3	ENSG00000163687	N04 nephrotic syndrome	icd_first_occurrence	242	pLoF	1.0	0.835237469828423	0.999999944575015	-0.0400503282678426	10
DNASE1L3	ENSG00000163687	N17 acute renal failure	icd_first_occurrence	7312	pLoF	1.0	0.793585889040176	0.976640354519497	-0.00937689598698478	10
DNASE1L3	ENSG00000163687	N25 impaired renal tubular function	icd_first_occurrence	160	pLoF	1.0	0.859480396287937	1.0	-0.0400739877643797	10
DNASE1L3	ENSG00000163687	N26 unspecified contracted kidney	icd_first_occurrence	176	pLoF	1.0	0.854883961550158	1.0	-0.0400785238662526	10
DNASE1L3	ENSG00000163687	Q60 renal agenesis / reduction defects	icd_first_occurrence	199	pLoF	1.0	0.849071081600592	0.999999709951198	-0.0400757157295855	10
ARL6	ENSG00000113966	N04 nephrotic syndrome	icd_first_occurrence	242	pLoF	1.0	0.877895592424351	1.0	-0.0400455947216425	13
ARL6	ENSG00000113966	N08 glomerular disorders in dis. class. elsewhere	icd_first_occurrence	531	pLoF	1.0	0.818578296954951	1.0	-0.0400890663751755	13
ARL6	ENSG00000113966	N25 impaired renal tubular function	icd_first_occurrence	160	pLoF	1.0	0.896885120472689	1.0	-0.0400437063471045	13
ARL6	ENSG00000113966	N26 unspecified contracted kidney	icd_first_occurrence	176	pLoF	1.0	0.897155616220708	1.0	-0.0400413692008188	13
ARL6	ENSG00000113966	Q60 renal agenesis / reduction defects	icd_first_occurrence	199	pLoF	1.0	0.889774645965764	1.0	-0.0400397277718464	13
ARL6	ENSG00000113966	Q61 cystic kidney disease	icd_first_occurrence	735	pLoF	1.0	0.786765825719406	1.0	-0.040099577577049	13
ARL6	ENSG00000113966	Q63 other congenital malformations of kidney	icd_first_occurrence	452	pLoF	1.0	0.828443869505149	1.0	-0.0400722177517323	13
NPHP3	ENSG00000113971	Q61 cystic kidney disease	icd_first_occurrence	735	pLoF	1.0	0.946085083365163	0.821212014365999	0.00201800949531243	115
NPHP3	ENSG00000113971	Q63 other congenital malformations of kidney	icd_first_occurrence	452	pLoF	1.0	0.89055928849965	0.877096017140983	-0.00521068068550929	115
IL12A	ENSG00000168811	C64 Malignant neoplasm of kidney	icd10	985	pLoF	1.0	0.801650146464618	1.0	-0.0401494001735869	13
IL12A	ENSG00000168811	N04 nephrotic syndrome	icd_first_occurrence	242	pLoF	1.0	0.903143571838227	1.0	-0.0400335385246748	13
IL12A	ENSG00000168811	N08 glomerular disorders in dis. class. elsewhere	icd_first_occurrence	531	pLoF	1.0	0.855671901767958	1.0	-0.0400722980415504	13
IL12A	ENSG00000168811	N25 impaired renal tubular function	icd_first_occurrence	160	pLoF	1.0	0.915720679114157	1.0	-0.0400329539765212	13
IL12A	ENSG00000168811	N26 unspecified contracted kidney	icd_first_occurrence	176	pLoF	1.0	0.912693083438528	1.0	-0.0400396777300985	13
IL12A	ENSG00000168811	Q60 renal agenesis / reduction defects	icd_first_occurrence	199	pLoF	1.0	0.902947093334152	1.0	-0.0400344075635258	13
IL12A	ENSG00000168811	Q61 cystic kidney disease	icd_first_occurrence	735	pLoF	1.0	0.827901307211669	1.0	-0.0400843147380502	13
IL12A	ENSG00000168811	Q63 other congenital malformations of kidney	icd_first_occurrence	452	pLoF	1.0	0.854109679829158	1.0	-0.0400613856751269	13
DNAJB11	ENSG00000090520	N04 nephrotic syndrome	icd_first_occurrence	242	pLoF	1.0	0.872967446553025	1.0	-0.0400415994432607	25
DNAJB11	ENSG00000090520	N25 impaired renal tubular function	icd_first_occurrence	160	pLoF	1.0	0.892837178879131	1.0	-0.0400357769903617	25
DNAJB11	ENSG00000090520	N26 unspecified contracted kidney	icd_first_occurrence	176	pLoF	1.0	0.893608675993245	1.0	-0.0400365318859547	25
DNAJB11	ENSG00000090520	Q60 renal agenesis / reduction defects	icd_first_occurrence	199	pLoF	1.0	0.879539970502289	1.0	-0.0400385148362114	25
DNAJB11	ENSG00000090520	Q63 other congenital malformations of kidney	icd_first_occurrence	452	pLoF	1.0	0.815904496577414	1.0	-0.0400641615553312	25
CEP19	ENSG00000174007	Urea	continuous	376551	pLoF	1.0	0.797394982503288	0.892022250479914	-0.00116375346109153	17
CEP19	ENSG00000174007	N04 nephrotic syndrome	icd_first_occurrence	242	pLoF	1.0	0.836192747054234	1.0	-0.040066405176497	17
CEP19	ENSG00000174007	N25 impaired renal tubular function	icd_first_occurrence	160	pLoF	1.0	0.875300241855961	1.0	-0.0400512342191073	17
CEP19	ENSG00000174007	N26 unspecified contracted kidney	icd_first_occurrence	176	pLoF	1.0	0.858918533653014	1.0	-0.0400599095096545	17
CEP19	ENSG00000174007	Q60 renal agenesis / reduction defects	icd_first_occurrence	199	pLoF	1.0	0.850809641500129	1.0	-0.0400559846514376	17
CC2D2A	ENSG00000048342	Q61 cystic kidney disease	icd_first_occurrence	735	pLoF	1.0	0.92683106167472	0.821653512031969	-0.00249451808856108	136
SPP1	ENSG00000118785	Urea	continuous	376551	pLoF	1.0	0.777606287547885	0.790247113679522	0.000270624862300312	16
SPP1	ENSG00000118785	Creatinine	continuous	376624	pLoF	1.0	0.955280864890624	0.970700449605432	4.58338251036495e-05	16
SPP1	ENSG00000118785	Cystatin C	continuous	376784	pLoF	1.0	0.801388127400898	0.9365174387549	0.000226411514582297	16
SPP1	ENSG00000118785	C64 Malignant neoplasm of kidney	icd10	985	pLoF	1.0	0.859178597395518	0.997587616003052	-0.00357486942164085	16
SPP1	ENSG00000118785	N18 chronic renal failure	icd_first_occurrence	14086	pLoF	1.0	0.906875560765731	0.965907562903636	-0.000625433662221133	16
PKD2	ENSG00000118762	N04 nephrotic syndrome	icd_first_occurrence	242	pLoF	1.0	0.824708476676346	1.0	-0.0400347246233985	39
PKD2	ENSG00000118762	N25 impaired renal tubular function	icd_first_occurrence	160	pLoF	1.0	0.851084490737458	1.0	-0.0400672754320246	39
PKD2	ENSG00000118762	N26 unspecified contracted kidney	icd_first_occurrence	176	pLoF	1.0	0.848280745827933	1.0	-0.0400723972711513	39
PKD2	ENSG00000118762	Q60 renal agenesis / reduction defects	icd_first_occurrence	199	pLoF	1.0	0.837600835697836	1.0	-0.0400698190903405	39
BBS7	ENSG00000138686	Urea	continuous	376551	pLoF	1.0	0.974790756628407	0.94221144568164	-8.8220641122825e-05	39
BBS7	ENSG00000138686	N20 calculus of kidney and ureter	icd_first_occurrence	5879	pLoF	1.0	0.948261257457773	0.801443636131686	0.00136886591631571	39
BBS12	ENSG00000181004	Creatinine	continuous	376624	pLoF	1.0	0.851495220126724	0.95771291538427	0.00108684547981563	10
BBS12	ENSG00000181004	C64 Malignant neoplasm of kidney	icd10	985	pLoF	1.0	0.794457280873359	0.999997611292088	-0.0401204274208976	10
BBS12	ENSG00000181004	N04 nephrotic syndrome	icd_first_occurrence	242	pLoF	1.0	0.88919082639196	0.999999993926583	-0.0400544162697333	10
BBS12	ENSG00000181004	N08 glomerular disorders in dis. class. elsewhere	icd_first_occurrence	531	pLoF	1.0	0.839070695231723	0.999999418769878	-0.0400970471280751	10
BBS12	ENSG00000181004	N25 impaired renal tubular function	icd_first_occurrence	160	pLoF	1.0	0.915911038380445	1.0	-0.0400418799311986	10
BBS12	ENSG00000181004	N26 unspecified contracted kidney	icd_first_occurrence	176	pLoF	1.0	0.913079547093799	1.0	-0.0400409852019838	10
BBS12	ENSG00000181004	Q60 renal agenesis / reduction defects	icd_first_occurrence	199	pLoF	1.0	0.90163662554521	1.0	-0.0400418575427213	10
BBS12	ENSG00000181004	Q61 cystic kidney disease	icd_first_occurrence	735	pLoF	1.0	0.806742381760901	0.999999569053629	-0.0401049928895711	10
BBS12	ENSG00000181004	Q63 other congenital malformations of kidney	icd_first_occurrence	452	pLoF	1.0	0.857325049970988	1.0	-0.0400628862509337	10
SCLT1	ENSG00000151466	Creatinine	continuous	376624	pLoF	1.0	0.843510660935374	0.780945311788274	-0.000533369085343877	29
SCLT1	ENSG00000151466	N25 impaired renal tubular function	icd_first_occurrence	160	pLoF	1.0	0.807521447189228	1.0	-0.0400544042802531	29
SCLT1	ENSG00000151466	N26 unspecified contracted kidney	icd_first_occurrence	176	pLoF	1.0	0.793615367398147	1.0	-0.0400680471046316	29
SCLT1	ENSG00000151466	Q60 renal agenesis / reduction defects	icd_first_occurrence	199	pLoF	1.0	0.785212628129993	1.0	-0.0400869521575463	29
ERCC8	ENSG00000049167	N25 impaired renal tubular function	icd_first_occurrence	160	pLoF	1.0	0.775337046353398	1.0	-0.0400731855588615	32
ERCC8	ENSG00000049167	N26 unspecified contracted kidney	icd_first_occurrence	176	pLoF	1.0	0.770680762683423	1.0	-0.0400676419919196	32
ERAP1	ENSG00000164307	Creatinine	continuous	376624	pLoF	1.0	0.814621372486969	0.784150520183666	0.000130870274319453	74
ERAP1	ENSG00000164307	N04 nephrotic syndrome	icd_first_occurrence	242	pLoF	1.0	0.786211260835423	1.0	-0.00769674968600898	74
NSD1	ENSG00000165671	N04 nephrotic syndrome	icd_first_occurrence	242	pLoF	1.0	0.839854624966996	1.0	-0.0368894764159015	32
NSD1	ENSG00000165671	N25 impaired renal tubular function	icd_first_occurrence	160	pLoF	1.0	0.863389657200235	1.0	-0.0371492905519446	32
NSD1	ENSG00000165671	N26 unspecified contracted kidney	icd_first_occurrence	176	pLoF	1.0	0.856306102481786	1.0	-0.0372837407724149	32
NSD1	ENSG00000165671	Q60 renal agenesis / reduction defects	icd_first_occurrence	199	pLoF	1.0	0.849592590752218	1.0	-0.0361711758805474	32
NSD1	ENSG00000165671	Q63 other congenital malformations of kidney	icd_first_occurrence	452	pLoF	1.0	0.774854181889428	1.0	-0.0365703535833127	32
C4A	ENSG00000244731	N04 nephrotic syndrome	icd_first_occurrence	242	pLoF	1.0	0.871762300019621	1.0	-0.0351019667194539	19
C4A	ENSG00000244731	N08 glomerular disorders in dis. class. elsewhere	icd_first_occurrence	531	pLoF	1.0	0.808165213807686	1.0	-0.0347174991740192	19
C4A	ENSG00000244731	N25 impaired renal tubular function	icd_first_occurrence	160	pLoF	1.0	0.896728024521068	1.0	-0.0343678074397005	19
C4A	ENSG00000244731	N26 unspecified contracted kidney	icd_first_occurrence	176	pLoF	1.0	0.895163420464771	1.0	-0.0330739274567406	19
C4A	ENSG00000244731	Q60 renal agenesis / reduction defects	icd_first_occurrence	199	pLoF	1.0	0.88182330638004	1.0	-0.0352405205188493	19
C4A	ENSG00000244731	Q61 cystic kidney disease	icd_first_occurrence	735	pLoF	1.0	0.782087499426746	1.0	-0.034804040953008	19
C4A	ENSG00000244731	Q63 other congenital malformations of kidney	icd_first_occurrence	452	pLoF	1.0	0.830864919929353	1.0	-0.0338712746174624	19
HLA-DPA1	ENSG00000231389	I12 hypertensive renal disease	icd_first_occurrence	1513	pLoF	1.0	0.932128323814004	0.851495027919169	-0.00300641110489433	22
HLA-DPA1	ENSG00000231389	N23 unspecified renal colic	icd_first_occurrence	4304	pLoF	1.0	0.987125458943333	0.985210260761015	0.000589654305401077	22
HLA-DPA1	ENSG00000231389	N25 impaired renal tubular function	icd_first_occurrence	160	pLoF	1.0	0.770550379491203	0.999999819371415	-0.0292964956280723	22
HLA-DPB1	ENSG00000223865	N25 impaired renal tubular function	icd_first_occurrence	160	pLoF	1.0	0.790378441018205	1.0	-0.0381570555071895	30
HLA-DPB1	ENSG00000223865	N26 unspecified contracted kidney	icd_first_occurrence	176	pLoF	1.0	0.786307837863709	1.0	-0.0380789277936661	30
HLA-DPB1	ENSG00000223865	Q60 renal agenesis / reduction defects	icd_first_occurrence	199	pLoF	1.0	0.780394430698351	1.0	-0.0379090652089714	30
FANCE	ENSG00000112039	Urea	continuous	376551	pLoF	1.0	0.833514775470644	0.805690902720473	0.00055914538011548	38
FANCE	ENSG00000112039	N17 acute renal failure	icd_first_occurrence	7312	pLoF	1.0	0.837053162042086	0.846367636093505	0.00434617613879967	38
FANCE	ENSG00000112039	N25 impaired renal tubular function	icd_first_occurrence	160	pLoF	1.0	0.77185935143889	1.0	-0.040119226340485	38
FANCE	ENSG00000112039	N26 unspecified contracted kidney	icd_first_occurrence	176	pLoF	1.0	0.770707997597868	1.0	-0.0401255332703091	38
CILK1	ENSG00000112144	N25 impaired renal tubular function	icd_first_occurrence	160	pLoF	1.0	0.803806665056935	1.0	-0.0396291111689653	46
CILK1	ENSG00000112144	N26 unspecified contracted kidney	icd_first_occurrence	176	pLoF	1.0	0.789380555480575	1.0	-0.0397078558559204	46
CILK1	ENSG00000112144	Q60 renal agenesis / reduction defects	icd_first_occurrence	199	pLoF	1.0	0.778170239135638	1.0	-0.0397365839602193	46
AHI1	ENSG00000135541	N18 chronic renal failure	icd_first_occurrence	14086	pLoF	1.0	0.779212365442276	0.952688902611165	-0.00209957715521333	99
IFNGR1	ENSG00000027697	C64 Malignant neoplasm of kidney	icd10	985	pLoF	1.0	0.783256363192279	0.999999646875589	-0.0401147758134935	13
IFNGR1	ENSG00000027697	N04 nephrotic syndrome	icd_first_occurrence	242	pLoF	1.0	0.882803038136993	1.0	-0.0400581497815922	13
IFNGR1	ENSG00000027697	N08 glomerular disorders in dis. class. elsewhere	icd_first_occurrence	531	pLoF	1.0	0.8341970993157	1.0	-0.0401092253981151	13
IFNGR1	ENSG00000027697	N25 impaired renal tubular function	icd_first_occurrence	160	pLoF	1.0	0.901458597828963	1.0	-0.0400459131142155	13
IFNGR1	ENSG00000027697	N26 unspecified contracted kidney	icd_first_occurrence	176	pLoF	1.0	0.908639642353467	1.0	-0.0400432706273626	13
IFNGR1	ENSG00000027697	Q60 renal agenesis / reduction defects	icd_first_occurrence	199	pLoF	1.0	0.89884104512337	1.0	-0.040044754184627	13
IFNGR1	ENSG00000027697	Q63 other congenital malformations of kidney	icd_first_occurrence	452	pLoF	1.0	0.838440334285538	1.0	-0.0400734994449988	13
HOXA13	ENSG00000106031	C64 Malignant neoplasm of kidney	icd10	985	pLoF	1.0	0.890701130510008	1.0	-0.0318241623806142	10
HOXA13	ENSG00000106031	I12 hypertensive renal disease	icd_first_occurrence	1513	pLoF	1.0	0.881221178145087	1.0	-0.0322879424786932	10
HOXA13	ENSG00000106031	N04 nephrotic syndrome	icd_first_occurrence	242	pLoF	1.0	0.950284831836447	1.0	-0.0291891670669744	10
HOXA13	ENSG00000106031	N08 glomerular disorders in dis. class. elsewhere	icd_first_occurrence	531	pLoF	1.0	0.919071018833312	1.0	-0.0285592581242406	10
HOXA13	ENSG00000106031	N19 unspecified renal failure	icd_first_occurrence	2345	pLoF	1.0	0.83732427426615	1.0	-0.0319282485295243	10
HOXA13	ENSG00000106031	N23 unspecified renal colic	icd_first_occurrence	4304	pLoF	1.0	0.797209262885006	0.999999994860443	-0.0284484568600333	10
HOXA13	ENSG00000106031	N25 impaired renal tubular function	icd_first_occurrence	160	pLoF	1.0	0.967562784343084	1.0	-0.032592071366998	10
HOXA13	ENSG00000106031	N26 unspecified contracted kidney	icd_first_occurrence	176	pLoF	1.0	0.966096821880277	1.0	-0.0308740681550796	10
HOXA13	ENSG00000106031	Q60 renal agenesis / reduction defects	icd_first_occurrence	199	pLoF	1.0	0.951473069244999	1.0	-0.0297916057605867	10
HOXA13	ENSG00000106031	Q61 cystic kidney disease	icd_first_occurrence	735	pLoF	1.0	0.905911271185952	1.0	-0.0300525604750477	10
HOXA13	ENSG00000106031	Q63 other congenital malformations of kidney	icd_first_occurrence	452	pLoF	1.0	0.926558927799314	1.0	-0.0300510857511903	10
BBS9	ENSG00000122507	Creatinine	continuous	376624	pLoF	1.0	0.835976362838332	0.798135432459781	0.000326853511117604	61
BBS9	ENSG00000122507	N28 other disorders of kidney and ureter	icd_first_occurrence	5275	pLoF	1.0	0.841388963230254	0.989309588595672	0.00346044380878081	61
FKBP6	ENSG00000077800	Creatinine (enzymatic) in urine	continuous	383774	pLoF	1.0	0.901524877548189	0.904999783600906	0.000266513891487004	26
FKBP6	ENSG00000077800	Cystatin C	continuous	376784	pLoF	1.0	0.858278407897619	0.813402361394653	-0.000365276389704323	26
BAZ1B	ENSG00000009954	N04 nephrotic syndrome	icd_first_occurrence	242	pLoF	1.0	0.85551686863031	1.0	-0.0390445433660694	18
BAZ1B	ENSG00000009954	N08 glomerular disorders in dis. class. elsewhere	icd_first_occurrence	531	pLoF	1.0	0.7696590338533	0.999999834059048	-0.0391726892764695	18
BAZ1B	ENSG00000009954	N25 impaired renal tubular function	icd_first_occurrence	160	pLoF	1.0	0.877532291900849	1.0	-0.0392139794885141	18
BAZ1B	ENSG00000009954	N26 unspecified contracted kidney	icd_first_occurrence	176	pLoF	1.0	0.877119974120782	1.0	-0.0393068714431403	18
BAZ1B	ENSG00000009954	Q60 renal agenesis / reduction defects	icd_first_occurrence	199	pLoF	1.0	0.868129518431915	1.0	-0.038935048286837	18
BAZ1B	ENSG00000009954	Q63 other congenital malformations of kidney	icd_first_occurrence	452	pLoF	1.0	0.806352289682438	1.0	-0.0389128735309345	18
TBL2	ENSG00000106638	N04 nephrotic syndrome	icd_first_occurrence	242	pLoF	1.0	0.801594904754934	1.0	-0.0400652314930386	29
TBL2	ENSG00000106638	N23 unspecified renal colic	icd_first_occurrence	4304	pLoF	1.0	0.9048863790366	0.973842351611166	-0.00460944978668644	29
TBL2	ENSG00000106638	N25 impaired renal tubular function	icd_first_occurrence	160	pLoF	1.0	0.834362671994303	1.0	-0.0400552783981083	29
TBL2	ENSG00000106638	N26 unspecified contracted kidney	icd_first_occurrence	176	pLoF	1.0	0.835058154365464	1.0	-0.0400558661533753	29
TBL2	ENSG00000106638	Q60 renal agenesis / reduction defects	icd_first_occurrence	199	pLoF	1.0	0.818559518770637	1.0	-0.0400589593642294	29
MLXIPL	ENSG00000009950	N25 impaired renal tubular function	icd_first_occurrence	160	pLoF	1.0	0.800269443034169	1.0	-0.0400122148346368	41
MLXIPL	ENSG00000009950	N26 unspecified contracted kidney	icd_first_occurrence	176	pLoF	1.0	0.798426465686563	1.0	-0.0398827944112426	41
MLXIPL	ENSG00000009950	Q60 renal agenesis / reduction defects	icd_first_occurrence	199	pLoF	1.0	0.780553497785834	1.0	-0.0401255513554972	41
VPS37D	ENSG00000176428	C64 Malignant neoplasm of kidney	icd10	985	pLoF	1.0	0.872312365186472	1.0	-0.036686386430498	10
VPS37D	ENSG00000176428	I12 hypertensive renal disease	icd_first_occurrence	1513	pLoF	1.0	0.836888868203079	1.0	-0.0366383996427051	10
VPS37D	ENSG00000176428	N04 nephrotic syndrome	icd_first_occurrence	242	pLoF	1.0	0.934109367449799	1.0	-0.0356307558611234	10
VPS37D	ENSG00000176428	N08 glomerular disorders in dis. class. elsewhere	icd_first_occurrence	531	pLoF	1.0	0.899832960735544	1.0	-0.0358894341093613	10
VPS37D	ENSG00000176428	N19 unspecified renal failure	icd_first_occurrence	2345	pLoF	1.0	0.797836501207683	1.0	-0.035538868976875	10
VPS37D	ENSG00000176428	N25 impaired renal tubular function	icd_first_occurrence	160	pLoF	1.0	0.955934764241654	1.0	-0.0360693243048724	10
VPS37D	ENSG00000176428	N26 unspecified contracted kidney	icd_first_occurrence	176	pLoF	1.0	0.950367402329435	1.0	-0.0350408418728287	10
VPS37D	ENSG00000176428	Q60 renal agenesis / reduction defects	icd_first_occurrence	199	pLoF	1.0	0.935780033606394	1.0	-0.035319207183139	10
VPS37D	ENSG00000176428	Q61 cystic kidney disease	icd_first_occurrence	735	pLoF	1.0	0.880624019685756	1.0	-0.0361709912790822	10
VPS37D	ENSG00000176428	Q63 other congenital malformations of kidney	icd_first_occurrence	452	pLoF	1.0	0.915178343521605	1.0	-0.0338740387054797	10
DNAJC30	ENSG00000176410	N04 nephrotic syndrome	icd_first_occurrence	242	pLoF	1.0	0.878757512008931	1.0	-0.0368368204134291	18
DNAJC30	ENSG00000176410	N25 impaired renal tubular function	icd_first_occurrence	160	pLoF	1.0	0.897253617546948	1.0	-0.0376287250629101	18
DNAJC30	ENSG00000176410	N26 unspecified contracted kidney	icd_first_occurrence	176	pLoF	1.0	0.890611970227255	1.0	-0.0371375610285145	18
DNAJC30	ENSG00000176410	Q60 renal agenesis / reduction defects	icd_first_occurrence	199	pLoF	1.0	0.88773106131971	1.0	-0.0375746115801404	18
DNAJC30	ENSG00000176410	Q61 cystic kidney disease	icd_first_occurrence	735	pLoF	1.0	0.78286262103159	1.0	-0.0371065230469828	18
DNAJC30	ENSG00000176410	Q63 other congenital malformations of kidney	icd_first_occurrence	452	pLoF	1.0	0.837606802125924	1.0	-0.0357526896994509	18
BUD23	ENSG00000071462	N17 acute renal failure	icd_first_occurrence	7312	pLoF	1.0	0.947136056779757	0.87744113638169	-0.00156182974798371	39
BUD23	ENSG00000071462	N18 chronic renal failure	icd_first_occurrence	14086	pLoF	1.0	0.986110997051296	0.771827560403074	-0.000382657915201089	39
BUD23	ENSG00000071462	N25 impaired renal tubular function	icd_first_occurrence	160	pLoF	1.0	0.791773024593403	1.0	-0.0403356880951122	39
BUD23	ENSG00000071462	Q60 renal agenesis / reduction defects	icd_first_occurrence	199	pLoF	1.0	0.776243582437694	1.0	-0.0401941166268883	39
STX1A	ENSG00000106089	Cystatin C	continuous	376784	pLoF	1.0	0.831743095993612	0.939150778156147	0.00282528838110862	6
STX1A	ENSG00000106089	I12 hypertensive renal disease	icd_first_occurrence	1513	pLoF	1.0	0.890220120722624	0.999999805632684	-0.0401307819646018	6
STX1A	ENSG00000106089	N04 nephrotic syndrome	icd_first_occurrence	242	pLoF	1.0	0.955302288080034	1.0	-0.0400296042917118	6
STX1A	ENSG00000106089	N08 glomerular disorders in dis. class. elsewhere	icd_first_occurrence	531	pLoF	1.0	0.927922605654657	1.0	-0.0400616852841715	6
STX1A	ENSG00000106089	N19 unspecified renal failure	icd_first_occurrence	2345	pLoF	1.0	0.856324942768492	0.999998547099282	-0.0402109250007985	6
STX1A	ENSG00000106089	N25 impaired renal tubular function	icd_first_occurrence	160	pLoF	1.0	0.968699522083832	1.0	-0.0400219085383942	6
STX1A	ENSG00000106089	N26 unspecified contracted kidney	icd_first_occurrence	176	pLoF	1.0	0.965927767081096	1.0	-0.0400246941421957	6
STX1A	ENSG00000106089	Q60 renal agenesis / reduction defects	icd_first_occurrence	199	pLoF	1.0	0.956310695076317	1.0	-0.0400284633140384	6
STX1A	ENSG00000106089	Q61 cystic kidney disease	icd_first_occurrence	735	pLoF	1.0	0.917866274787043	1.0	-0.0400740951491677	6
STX1A	ENSG00000106089	Q63 other congenital malformations of kidney	icd_first_occurrence	452	pLoF	1.0	0.941216974732532	1.0	-0.0400457533855492	6
METTL27	ENSG00000165171	Creatinine (enzymatic) in urine	continuous	383774	pLoF	1.0	0.860075076106591	0.859399065321757	-0.000188897128170502	21
TMEM270	ENSG00000175877	N28 other disorders of kidney and ureter	icd_first_occurrence	5275	pLoF	1.0	0.889449026149703	0.940965994717463	-0.00272326455846658	23
ELN	ENSG00000049540	N17 acute renal failure	icd_first_occurrence	7312	pLoF	1.0	0.85120787049782	0.775885239513144	-0.00299436507695679	39
ELN	ENSG00000049540	N18 chronic renal failure	icd_first_occurrence	14086	pLoF	1.0	0.844358062402186	0.901969857323359	0.00230575532614498	39
ELN	ENSG00000049540	N20 calculus of kidney and ureter	icd_first_occurrence	5879	pLoF	1.0	0.899262267146578	0.951718965052023	-0.00224532133982244	39
LIMK1	ENSG00000106683	C64 Malignant neoplasm of kidney	icd10	985	pLoF	1.0	0.79771204083426	1.0	-0.0350492279738049	22
LIMK1	ENSG00000106683	N04 nephrotic syndrome	icd_first_occurrence	242	pLoF	1.0	0.898555068393787	1.0	-0.0366154742011024	22
LIMK1	ENSG00000106683	N08 glomerular disorders in dis. class. elsewhere	icd_first_occurrence	531	pLoF	1.0	0.845308345520819	1.0	-0.0347189131267545	22
LIMK1	ENSG00000106683	N25 impaired renal tubular function	icd_first_occurrence	160	pLoF	1.0	0.918864979774763	1.0	-0.0373477757212638	22
LIMK1	ENSG00000106683	N26 unspecified contracted kidney	icd_first_occurrence	176	pLoF	1.0	0.917728198051128	1.0	-0.0334267997334736	22
LIMK1	ENSG00000106683	Q60 renal agenesis / reduction defects	icd_first_occurrence	199	pLoF	1.0	0.916399328600569	1.0	-0.0350443221019725	22
LIMK1	ENSG00000106683	Q61 cystic kidney disease	icd_first_occurrence	735	pLoF	1.0	0.829703411513744	1.0	-0.0357878793624013	22
LIMK1	ENSG00000106683	Q63 other congenital malformations of kidney	icd_first_occurrence	452	pLoF	1.0	0.863796063290982	1.0	-0.0367228445778799	22
EIF4H	ENSG00000106682	C64 Malignant neoplasm of kidney	icd10	985	pLoF	1.0	0.883682646317444	0.999983754164322	-0.0401439522161186	5
EIF4H	ENSG00000106682	I12 hypertensive renal disease	icd_first_occurrence	1513	pLoF	1.0	0.87172822374203	0.999977577791518	-0.0401767135792702	5
EIF4H	ENSG00000106682	N04 nephrotic syndrome	icd_first_occurrence	242	pLoF	1.0	0.948613170617453	0.999999617068609	-0.0400342150771947	5
EIF4H	ENSG00000106682	N08 glomerular disorders in dis. class. elsewhere	icd_first_occurrence	531	pLoF	1.0	0.912718576669363	0.999986641392906	-0.040096687065451	5
EIF4H	ENSG00000106682	N19 unspecified renal failure	icd_first_occurrence	2345	pLoF	1.0	0.833506052064125	0.999904709710871	-0.0402734670270763	5
EIF4H	ENSG00000106682	N25 impaired renal tubular function	icd_first_occurrence	160	pLoF	1.0	0.954704769535124	0.999999678198904	-0.0400282150681949	5
EIF4H	ENSG00000106682	N26 unspecified contracted kidney	icd_first_occurrence	176	pLoF	1.0	0.96498237130245	1.0	-0.0400210805496798	5
EIF4H	ENSG00000106682	Q60 renal agenesis / reduction defects	icd_first_occurrence	199	pLoF	1.0	0.946447894410567	0.999999139629582	-0.040036884480671	5
EIF4H	ENSG00000106682	Q61 cystic kidney disease	icd_first_occurrence	735	pLoF	1.0	0.903467154226093	0.99999459412355	-0.0400818155401028	5
EIF4H	ENSG00000106682	Q63 other congenital malformations of kidney	icd_first_occurrence	452	pLoF	1.0	0.929704647084233	0.99999870292658	-0.0400461067173778	5
RFC2	ENSG00000049541	N17 acute renal failure	icd_first_occurrence	7312	pLoF	1.0	0.836668668956898	0.846801975521209	-0.00400588801698622	25
CLIP2	ENSG00000106665	N04 nephrotic syndrome	icd_first_occurrence	242	pLoF	1.0	0.832985504800491	1.0	-0.0400473716554339	36
CLIP2	ENSG00000106665	N25 impaired renal tubular function	icd_first_occurrence	160	pLoF	1.0	0.860478571156413	1.0	-0.0400415960022193	36
CLIP2	ENSG00000106665	N26 unspecified contracted kidney	icd_first_occurrence	176	pLoF	1.0	0.865286861651507	1.0	-0.0400374075364493	36
CLIP2	ENSG00000106665	Q60 renal agenesis / reduction defects	icd_first_occurrence	199	pLoF	1.0	0.851279317341147	1.0	-0.040037378361183	36
CLIP2	ENSG00000106665	Q63 other congenital malformations of kidney	icd_first_occurrence	452	pLoF	1.0	0.774494064070456	1.0	-0.04006595652766	36
GTF2IRD1	ENSG00000006704	C64 Malignant neoplasm of kidney	icd10	985	pLoF	1.0	0.809217163799898	1.0	-0.0296894365176348	22
GTF2IRD1	ENSG00000006704	I12 hypertensive renal disease	icd_first_occurrence	1513	pLoF	1.0	0.778899267625613	1.0	-0.0311883172843928	22
GTF2IRD1	ENSG00000006704	N04 nephrotic syndrome	icd_first_occurrence	242	pLoF	1.0	0.904228474434707	1.0	-0.0302147846000794	22
GTF2IRD1	ENSG00000006704	N08 glomerular disorders in dis. class. elsewhere	icd_first_occurrence	531	pLoF	1.0	0.86592372505823	1.0	-0.0297890465510345	22
GTF2IRD1	ENSG00000006704	N25 impaired renal tubular function	icd_first_occurrence	160	pLoF	1.0	0.924093188386829	1.0	-0.0320787388557757	22
GTF2IRD1	ENSG00000006704	N26 unspecified contracted kidney	icd_first_occurrence	176	pLoF	1.0	0.930441795018971	1.0	-0.0286377833041678	22
GTF2IRD1	ENSG00000006704	Q60 renal agenesis / reduction defects	icd_first_occurrence	199	pLoF	1.0	0.914311276480206	1.0	-0.0329443232496782	22
GTF2IRD1	ENSG00000006704	Q61 cystic kidney disease	icd_first_occurrence	735	pLoF	1.0	0.836131667911872	1.0	-0.0316835379186976	22
GTF2IRD1	ENSG00000006704	Q63 other congenital malformations of kidney	icd_first_occurrence	452	pLoF	1.0	0.873322288625877	1.0	-0.0322013971954835	22
GTF2I	ENSG00000263001	C64 Malignant neoplasm of kidney	icd10	985	pLoF	1.0	0.924593437805819	0.999902710607703	-0.0245775485156542	5
GTF2I	ENSG00000263001	I12 hypertensive renal disease	icd_first_occurrence	1513	pLoF	1.0	0.923265237219607	0.999937179159778	-0.0265238197824929	5
GTF2I	ENSG00000263001	N04 nephrotic syndrome	icd_first_occurrence	242	pLoF	1.0	0.964001793358343	0.999996617621312	-0.0278163825343788	5
GTF2I	ENSG00000263001	N08 glomerular disorders in dis. class. elsewhere	icd_first_occurrence	531	pLoF	1.0	0.942650183396206	0.999981873395323	-0.0259401162458659	5
GTF2I	ENSG00000263001	N17 acute renal failure	icd_first_occurrence	7312	pLoF	1.0	0.816932722102776	0.996774868400814	-0.0251390802385773	5
GTF2I	ENSG00000263001	N18 chronic renal failure	icd_first_occurrence	14086	pLoF	1.0	0.787075209817279	0.997238483562022	-0.026738023860515	5
GTF2I	ENSG00000263001	N19 unspecified renal failure	icd_first_occurrence	2345	pLoF	1.0	0.891816839142644	0.999744844887038	-0.0253874009149301	5
GTF2I	ENSG00000263001	N20 calculus of kidney and ureter	icd_first_occurrence	5879	pLoF	1.0	0.801157053627067	0.99795284459659	-0.0279355851338115	5
GTF2I	ENSG00000263001	N23 unspecified renal colic	icd_first_occurrence	4304	pLoF	1.0	0.840344785759695	0.999320099420762	-0.0278811354790817	5
GTF2I	ENSG00000263001	N25 impaired renal tubular function	icd_first_occurrence	160	pLoF	1.0	0.971613566269223	0.999998113404603	-0.0256284802436335	5
GTF2I	ENSG00000263001	N26 unspecified contracted kidney	icd_first_occurrence	176	pLoF	1.0	0.975711799438075	0.999999190292491	-0.0281132345612742	5
GTF2I	ENSG00000263001	N28 other disorders of kidney and ureter	icd_first_occurrence	5275	pLoF	1.0	0.821792467809874	0.999071150508052	-0.0275340968718811	5
GTF2I	ENSG00000263001	Q60 renal agenesis / reduction defects	icd_first_occurrence	199	pLoF	1.0	0.968519848469611	0.999998685519062	-0.0288276648819525	5
GTF2I	ENSG00000263001	Q61 cystic kidney disease	icd_first_occurrence	735	pLoF	1.0	0.93749083244113	0.999990533519598	-0.028393194038048	5
GTF2I	ENSG00000263001	Q63 other congenital malformations of kidney	icd_first_occurrence	452	pLoF	1.0	0.954270876597154	0.999995455838409	-0.0271173883288418	5
NCF1	ENSG00000158517	Creatinine	continuous	376624	pLoF	1.0	0.862882475137377	0.88870556053299	0.000589221460810059	15
NCF1	ENSG00000158517	N04 nephrotic syndrome	icd_first_occurrence	242	pLoF	1.0	0.819422658079259	1.0	-0.0401308030188511	15
NCF1	ENSG00000158517	N25 impaired renal tubular function	icd_first_occurrence	160	pLoF	1.0	0.849461654822668	1.0	-0.0401252766200202	15
NCF1	ENSG00000158517	N26 unspecified contracted kidney	icd_first_occurrence	176	pLoF	1.0	0.848297801024114	1.0	-0.039995154983489	15
NCF1	ENSG00000158517	Q60 renal agenesis / reduction defects	icd_first_occurrence	199	pLoF	1.0	0.835422475211999	1.0	-0.0401245895191137	15
GTF2IRD2	ENSG00000196275	Cystatin C	continuous	376784	pLoF	1.0	0.951487404094078	0.876143056616444	-0.000300140118154595	19
GTF2IRD2	ENSG00000196275	N04 nephrotic syndrome	icd_first_occurrence	242	pLoF	1.0	0.860896208077491	1.0	-0.0400650440406189	19
GTF2IRD2	ENSG00000196275	N08 glomerular disorders in dis. class. elsewhere	icd_first_occurrence	531	pLoF	1.0	0.781216192941023	1.0	-0.0401329588278503	19
GTF2IRD2	ENSG00000196275	N25 impaired renal tubular function	icd_first_occurrence	160	pLoF	1.0	0.890284182860771	1.0	-0.0397841872236366	19
GTF2IRD2	ENSG00000196275	N26 unspecified contracted kidney	icd_first_occurrence	176	pLoF	1.0	0.876219905233326	1.0	-0.0401329660220993	19
GTF2IRD2	ENSG00000196275	Q60 renal agenesis / reduction defects	icd_first_occurrence	199	pLoF	1.0	0.867242365755202	1.0	-0.0400436040642613	19
GTF2IRD2	ENSG00000196275	Q63 other congenital malformations of kidney	icd_first_occurrence	452	pLoF	1.0	0.803635457897783	1.0	-0.0400454489132861	19
CSPP1	ENSG00000104218	N18 chronic renal failure	icd_first_occurrence	14086	pLoF	1.0	1.0	0.90093657413987	1.38352752350264e-05	113
CSPP1	ENSG00000104218	N23 unspecified renal colic	icd_first_occurrence	4304	pLoF	1.0	0.955140419491642	0.773401286069273	-0.00076894036420657	113
TMEM67	ENSG00000164953	I12 hypertensive renal disease	icd_first_occurrence	1513	pLoF	1.0	0.843813060055483	0.828960668371078	-0.00400791921635601	86
TMEM67	ENSG00000164953	N08 glomerular disorders in dis. class. elsewhere	icd_first_occurrence	531	pLoF	1.0	0.867815353536352	0.992901819995571	-0.00581749240469458	86
TMEM67	ENSG00000164953	N28 other disorders of kidney and ureter	icd_first_occurrence	5275	pLoF	1.0	0.807709738857582	0.890998152705665	-0.00267022829917766	86
CFAP418	ENSG00000156172	Creatinine (enzymatic) in urine	continuous	383774	pLoF	1.0	0.830479058461468	0.962371841156584	-0.000994482146241228	25
CFAP418	ENSG00000156172	N04 nephrotic syndrome	icd_first_occurrence	242	pLoF	1.0	0.856719801746174	1.0	-0.0392341121282525	25
CFAP418	ENSG00000156172	N08 glomerular disorders in dis. class. elsewhere	icd_first_occurrence	531	pLoF	1.0	0.789304506334099	1.0	-0.039097354893705	25
CFAP418	ENSG00000156172	N17 acute renal failure	icd_first_occurrence	7312	pLoF	1.0	0.861786299088435	0.861216039534132	-0.00649148280076692	25
CFAP418	ENSG00000156172	N25 impaired renal tubular function	icd_first_occurrence	160	pLoF	1.0	0.874947038516726	1.0	-0.0384115134629985	25
CFAP418	ENSG00000156172	N26 unspecified contracted kidney	icd_first_occurrence	176	pLoF	1.0	0.86015281686948	1.0	-0.0394896206448339	25
CFAP418	ENSG00000156172	Q60 renal agenesis / reduction defects	icd_first_occurrence	199	pLoF	1.0	0.869359002181126	1.0	-0.0389712732259012	25
CFAP418	ENSG00000156172	Q63 other congenital malformations of kidney	icd_first_occurrence	452	pLoF	1.0	0.792049752880127	1.0	-0.0388177460493686	25
RAD21	ENSG00000164754	C64 Malignant neoplasm of kidney	icd10	985	pLoF	1.0	0.881388567848073	0.999988730814623	-0.0401855700482906	5
RAD21	ENSG00000164754	I12 hypertensive renal disease	icd_first_occurrence	1513	pLoF	1.0	0.871262777351685	0.999983154427719	-0.0402159010201488	5
RAD21	ENSG00000164754	N04 nephrotic syndrome	icd_first_occurrence	242	pLoF	1.0	0.950496985078719	0.999999854950216	-0.0400390879211784	5
RAD21	ENSG00000164754	N08 glomerular disorders in dis. class. elsewhere	icd_first_occurrence	531	pLoF	1.0	0.915750020618898	0.999997451414624	-0.0400897930664967	5
RAD21	ENSG00000164754	N19 unspecified renal failure	icd_first_occurrence	2345	pLoF	1.0	0.829009289615571	0.999944011820598	-0.0403383185139143	5
RAD21	ENSG00000164754	N23 unspecified renal colic	icd_first_occurrence	4304	pLoF	1.0	0.773384208154086	0.999780816799065	-0.0406204543784839	5
RAD21	ENSG00000164754	N25 impaired renal tubular function	icd_first_occurrence	160	pLoF	1.0	0.955158169244474	0.999999918720941	-0.0400329836287142	5
RAD21	ENSG00000164754	N26 unspecified contracted kidney	icd_first_occurrence	176	pLoF	1.0	0.961439410562761	1.0	-0.0400271123719358	5
RAD21	ENSG00000164754	Q60 renal agenesis / reduction defects	icd_first_occurrence	199	pLoF	1.0	0.956637068210738	1.0	-0.0400293326235285	5
RAD21	ENSG00000164754	Q61 cystic kidney disease	icd_first_occurrence	735	pLoF	1.0	0.90914803036587	0.999996829137867	-0.040091455322452	5
RAD21	ENSG00000164754	Q63 other congenital malformations of kidney	icd_first_occurrence	452	pLoF	1.0	0.934572147382773	0.999999360761333	-0.0400507856095781	5
IFT74	ENSG00000096872	N17 acute renal failure	icd_first_occurrence	7312	pLoF	1.0	0.924609044538248	0.904228549017107	-0.000825356551755656	24
IFT74	ENSG00000096872	N18 chronic renal failure	icd_first_occurrence	14086	pLoF	1.0	0.788142415765233	0.841479475146143	0.00163377151857431	24
HNRNPK	ENSG00000165119	C64 Malignant neoplasm of kidney	icd10	985	pLoF	1.0	0.852750493525173	0.999417335432547	-0.0401243574264788	4
HNRNPK	ENSG00000165119	I12 hypertensive renal disease	icd_first_occurrence	1513	pLoF	1.0	0.817477344130653	0.9985748973489	-0.0401885895247521	4
HNRNPK	ENSG00000165119	N04 nephrotic syndrome	icd_first_occurrence	242	pLoF	1.0	0.924818180548119	0.999947311505221	-0.0400384457016059	4
HNRNPK	ENSG00000165119	N08 glomerular disorders in dis. class. elsewhere	icd_first_occurrence	531	pLoF	1.0	0.888506700519548	0.999752540128871	-0.0400736879807325	4
HNRNPK	ENSG00000165119	N25 impaired renal tubular function	icd_first_occurrence	160	pLoF	1.0	0.93900285669162	0.999982470337212	-0.0400293764255318	4
HNRNPK	ENSG00000165119	N26 unspecified contracted kidney	icd_first_occurrence	176	pLoF	1.0	0.940065876532978	0.999987093222759	-0.040027194706995	4
HNRNPK	ENSG00000165119	Q60 renal agenesis / reduction defects	icd_first_occurrence	199	pLoF	1.0	0.929272951091567	0.999954711404636	-0.0400338839476455	4
HNRNPK	ENSG00000165119	Q61 cystic kidney disease	icd_first_occurrence	735	pLoF	1.0	0.869825334154085	0.999692667786152	-0.0400798278739044	4
HNRNPK	ENSG00000165119	Q63 other congenital malformations of kidney	icd_first_occurrence	452	pLoF	1.0	0.89345029381721	0.999900394458164	-0.0400602432069729	4
ANKS6	ENSG00000165138	N25 impaired renal tubular function	icd_first_occurrence	160	pLoF	1.0	0.783410938303067	1.0	-0.0393842729040056	50
ANKS6	ENSG00000165138	N26 unspecified contracted kidney	icd_first_occurrence	176	pLoF	1.0	0.775351411613173	1.0	-0.0397558793363408	50
ANKS6	ENSG00000165138	N28 other disorders of kidney and ureter	icd_first_occurrence	5275	pLoF	1.0	0.773743346183914	0.850028010785856	-0.00718004117548253	50
TRIM32	ENSG00000119401	Microalbumin in urine	continuous	119013	pLoF	1.0	0.871257342149077	0.932536004460974	0.00107381164104828	31
TRIM32	ENSG00000119401	N04 nephrotic syndrome	icd_first_occurrence	242	pLoF	1.0	0.808065906703009	1.0	-0.0400574296496102	31
TRIM32	ENSG00000119401	N25 impaired renal tubular function	icd_first_occurrence	160	pLoF	1.0	0.843799746432707	1.0	-0.0400499901921413	31
TRIM32	ENSG00000119401	N26 unspecified contracted kidney	icd_first_occurrence	176	pLoF	1.0	0.830563438621483	1.0	-0.0400613484474797	31
TRIM32	ENSG00000119401	Q60 renal agenesis / reduction defects	icd_first_occurrence	199	pLoF	1.0	0.82204400227557	1.0	-0.0400553566233864	31
GSN	ENSG00000148180	Cystatin C	continuous	376784	pLoF	1.0	0.895606945242656	0.967745478907065	0.000336270917555645	44
GSN	ENSG00000148180	N23 unspecified renal colic	icd_first_occurrence	4304	pLoF	1.0	0.883558144675947	0.781001224029203	-0.00382520301815916	44
GSN	ENSG00000148180	N25 impaired renal tubular function	icd_first_occurrence	160	pLoF	1.0	0.78159757490827	1.0	-0.039470810075255	44
GSN	ENSG00000148180	N26 unspecified contracted kidney	icd_first_occurrence	176	pLoF	1.0	0.776588216757168	1.0	-0.0395045164622144	44
CRB2	ENSG00000148204	Cystatin C	continuous	376784	pLoF	1.0	0.799517996110952	0.785829571534745	0.000191233403907447	98
CRB2	ENSG00000148204	N23 unspecified renal colic	icd_first_occurrence	4304	pLoF	1.0	0.92841583976645	0.876271562551002	0.000731242042936739	98
CRB2	ENSG00000148204	Q60 renal agenesis / reduction defects	icd_first_occurrence	199	pLoF	1.0	0.816866799678421	1.0	-0.00874073358621392	98
TSC1	ENSG00000165699	C64 Malignant neoplasm of kidney	icd10	985	pLoF	1.0	0.797507346415054	1.0	-0.0401734283880897	17
TSC1	ENSG00000165699	N04 nephrotic syndrome	icd_first_occurrence	242	pLoF	1.0	0.909635561911165	1.0	-0.0400385260035557	17
TSC1	ENSG00000165699	N08 glomerular disorders in dis. class. elsewhere	icd_first_occurrence	531	pLoF	1.0	0.86066049691385	1.0	-0.0400763060489526	17
TSC1	ENSG00000165699	N25 impaired renal tubular function	icd_first_occurrence	160	pLoF	1.0	0.926007146170647	1.0	-0.0400291316957116	17
TSC1	ENSG00000165699	N26 unspecified contracted kidney	icd_first_occurrence	176	pLoF	1.0	0.922470489135825	1.0	-0.0400330397089292	17
TSC1	ENSG00000165699	Q60 renal agenesis / reduction defects	icd_first_occurrence	199	pLoF	1.0	0.918074327657977	1.0	-0.0400307781181696	17
TSC1	ENSG00000165699	Q61 cystic kidney disease	icd_first_occurrence	735	pLoF	1.0	0.839079946835089	1.0	-0.0400922184445151	17
TSC1	ENSG00000165699	Q63 other congenital malformations of kidney	icd_first_occurrence	452	pLoF	1.0	0.876938217452078	1.0	-0.0400617876242978	17
INPP5E	ENSG00000148384	N20 calculus of kidney and ureter	icd_first_occurrence	5879	pLoF	1.0	0.895768105357677	0.809849106205794	-0.0029482528588357	48
EHMT1	ENSG00000181090	N04 nephrotic syndrome	icd_first_occurrence	242	pLoF	1.0	0.876102565611048	1.0	-0.0305079115850734	14
EHMT1	ENSG00000181090	N08 glomerular disorders in dis. class. elsewhere	icd_first_occurrence	531	pLoF	1.0	0.817829702968334	0.999999520180543	-0.0320825628027494	14
EHMT1	ENSG00000181090	N17 acute renal failure	icd_first_occurrence	7312	pLoF	1.0	0.98327493772464	0.787071451798759	0.000914081701812055	14
EHMT1	ENSG00000181090	N25 impaired renal tubular function	icd_first_occurrence	160	pLoF	1.0	0.90291309707667	1.0	-0.0289042108183066	14
EHMT1	ENSG00000181090	N26 unspecified contracted kidney	icd_first_occurrence	176	pLoF	1.0	0.897326610073691	1.0	-0.0303639851455371	14
EHMT1	ENSG00000181090	Q60 renal agenesis / reduction defects	icd_first_occurrence	199	pLoF	1.0	0.890344933056804	1.0	-0.0297558048012155	14
EHMT1	ENSG00000181090	Q61 cystic kidney disease	icd_first_occurrence	735	pLoF	1.0	0.789010229756378	0.999999606280484	-0.0314251202103484	14
EHMT1	ENSG00000181090	Q63 other congenital malformations of kidney	icd_first_occurrence	452	pLoF	1.0	0.834823343344598	1.0	-0.02978257051655	14
